0.	0.9485026016300668015856368552290283348158918108030214766726076912344973953638814862330868616027048189041636281040758407650864221306333239778507868411749678225986505002260305326108458563811029981776	0.0514973983699331984143631447709716651841081891969785233273923087661657573030484201515928113078614135523170444648688438091963511808938616165783212682953121944642246925523829088613696647758448543309
0.18	0.7463313592689571866669563826043919920710320331040793035507964423536881210076081070389201313555572242237351783105110971359541419166390497590151463721725543142492877683145226104433372585747813830043	0.0217898216092135275774365495829998238596244296084454684709944920233554982825710047308956736195789876081073893457058554036433511935124382454712998244463421256981691434226856693114119269607474834915
0.36	0.58731714059705948203402826924167164100574021257669600476970581368167111834317705706867695347116372477433774406298257600548137968314312132518113830686409006033446020627285313913279946340956603714205	0.01028210144711215176564698019445841469748383597481108196164351240050641174748075889604067754032165662677680769939557111904702597010876221946947429340421929492188833280087393418578822778998367622392
0.54	0.46219553320833235510759937518433411986638518549634597774334443295351004248741746801603729145428944044583128566526116547249748154134493859179888821983123477133926801865012258235960317453958845672741	0.0052456649915470753379741824309381011811442764507312239402595131719563275305907050732724253191729507902754838845946310115886693483663697996334938446191299632169722952460629717810854981077125271653
0.72	0.36373233056378805246810624451073749912788827719589297876858714987205775867918583708977940997479896774630547939126487980531499524440368956967302729176594823424616919828140842062041134826782927476694	0.00280869406422537265155309789046503056486396805270512599543127137660374421784527489855202144664612804757901789334304832263939604198079632338251870030792114701732176072970424918607834736405516172628
0.8999999999999999	0.28624563035475445347057900379555938925337269618736660731423024440696936404089345275106352613313661070485195411171977043311000847815188815785346802011222190702295542357621064219330939251235233927012	0.00154545851196370534515820295870278039210249488936923286905437987252121201027933200584024921225320849883325696819596100804689067984635880565605386722432025192593098724849602027831975291444244153295
1.08	0.22526620054994956160503874770938162008326668918116640394625063208970704237470228730036696157055629040163512175986168899241516537450773414533385707348418059692684144414929354947149532007364653204545	0.00086289982400873821993529213061189737368789609380587309439801147615910718874954244389931890582158684388626351298449198063566350150514528748975226976331291830254156004029590586436478087100385166606
1.26	0.17727735232310578153811904275581763228837727729543274350373757582199550476750171543602973666741788117016373235739562902997155777880350053478588425001774180067131290203606366638798132504069821877084	0.00048548478100884119284515467621621555363278241024291712222817027890385459781469581118754635536922835632985337354053689914563591354391589039410982019194260084651044780379402679692663325938685364849
1.44	0.13951165600075289698172664230387205300845585520738598031479002128543262525881273988397266172609035074999584675985049818384129838596301190762058108823529946490826155065945363624244215213055127094665	0.00027421805179466566424312579589207315226997913266060384277702999482491675845512975840917935537986300822813927239717149005192713935049957399208240558814099495115971877213599375220544326096435554354
1.6199999999999999	0.10979125124271437929889428279144487949507509247712448514904868901584930083819117834763626956957421414246827087135704585115960998835601367922035972765768362599626250261483823227872731474067861742805	0.00015519910413599972576182450942455799772758257283887193252592868848159952916543931949563456171357786029322619765479173113163592609291106574391897652799414672363896257017870222055404766070046242141
1.7999999999999998	0.086402234928064891015422077191956441024389176066045201621984625135088013407122712130051592477551675774476547756150889079767142817068672905317186755919780337096854035578663803123619441155932600046477	0.000087928174446744669003801346763317361737302763023658884194528198292267383669037486860205491965516438575490904150467691111271414744026295119806851493102930505646643767197077837175298091784601655842
1.98	0.067995820437189725695063023225619856610024011999290507877952010343627931096236112786855198544733526997456948815775243318608644218093542605665887134445545153386836230740997791971928316976961156323025	0.000049841872875534807698555106307044490466794720272385199337792134801188198776156460299455848922331087781576802112468710012988351286771903847935530795556006470278145054665902043162265522699457194605
2.16	0.053510555618326392531708275032025224546708710887765513743834169198951283592186330355938187813177504366804988405166607894774433285081363397704635367129348446923380647601251713150929725330791852802721	0.000028260298200903300353119833785053841447293501139322168783866986003989700858067086936542019175585836464610543338313987535405964026777580655879064010545168234678524892974117492404864338493916152461
2.34	0.042111111304971454654496466816513141457086121137481912399329772145633866853803199410925852105610435297634121110622389074801818374489880300088409198506666209670921591741675144578701590673956472753444	0.000016025751389284423420899127240549457045717541856583830983625256960007141695961153081806692379302535800408066740918558600135862792161996171067565455536285046625522614930204915481066389417562552641
2.52	0.033140109925382396277543949699861001638506039017916119272948039675790575563076747506447498902026099960515494609105197330354832238225689618755795261311571974279970487359920770317907225438857875258806	9.088460817426919015718659579084003637007204945119326436906986603811394182895519890391330779114226826609012406887835199898500233538832090139039002332537972195343834356026044167142070157423191824e-6
2.6999999999999997	0.026080216167081953249611276293860754907948686906682388407971446346982243304607477340675800427379223128874251129750440038573412568817671881725757573674148618888730684282539094016631746310424630972819	5.154395614014514914182664595208284387551830624368500139360950894345708085940425663325925849985293000947990335068321172332547414265132304823193815428322865274318001114231866885128115410912070961e-6
2.88	0.020524303535918731740445857914191520084443677832620931360968192827316955256589774568870170185239570051855870157717441395261870229132223855370838759863259680896623804279778253739425503123535622121339	2.923297848351590357122417434264800725058607361644189405010748678812451035854857242058020134716483289799103302005353598653001036743535629381117886146296747668081814187670182761702715344185938716e-6
3.06	0.016151976384548001810926245149165669529985071293941106305358241949749256517414561072688167878699409948038759615818964336490067055595570898554770566780521180776561733402984084543279931637695941646085	1.657953816210813912885492894720340951448194138742083034226826461107496428636726949510613023631233724536149950416261121880937985730409592668029855819215914248625794846140382361012576557574267462e-6
3.2399999999999998	0.012711093493157736164755861638718286166732412738174009275226603716153531388622727230745665981154309602664398921570953775128119442022417625194338212302753499588055479617055762038906118313985970967888	9.40316070540033202555591236296068389740057576340030312689451155178256540737872530412295166034971960130891749014582968864181766875116110434685380046667049401837371373982535102658783826307293128e-7
3.42	0.010003227713134176732064097278001882412882099631923312958634469213372672693159713212616793976732600713029021853938251560534658970770495776982939975330461694469702045779049697817620835429546555666191	5.33305848098974929457237757467600766613040888187936630877403098711615792428878052598432268852386313415366925699801886162840106363747122919623981271875317745778031374857639473972157088776781538e-7
3.5999999999999996	0.0078722231674780642160081054462701825526337116612354194516073971161559729272840713282884660215935759208465436731121111932791488291228111334050568629098135712267333363614363429456033838300074439717118	3.024679582712835593706842991559721634470649774811184924330651432325918424293646387645129667076739710437528994527199525169187756650275979050337011907872192738438342244189032306729134131112427799e-7
3.78	0.0061951901302026454048000658733974387221448512725769560814139369825232215983851144558160656782724753363134169486289390540812965142268814639870180188463159729804366743988742142033912722121078327823832	1.715468233184228266002688707510450420264897496116227625095803554920725197013102769500470531082652095587245792772497974636091050909891019924285504240222828639924729872335660346562040697952758579e-7
3.96	0.0048754182818289910132184099886886479600281726546239659613507837330272526283969373813009395782935705651304546009018669850523558918798585651163209389435284468148918066332766878715941602903604699023641	9.72940153950535571217557033685901250787321618043344029246514747602205604467870093124608915421480183058212986740409540051491986230077597719518443824176525481847670431487834622331218475975139688e-8
4.14	0.0038367996660684960736711639130351729202750363248320377749091236260210673107381417023343385100478453138464845652981307302537776687750441090398014253715009378141237032409946286526618558207117647067803	5.51810102238475605081772174117260133591400272569720558488362164985133004906935436152533311933714496919138242921899402025795066620801557940580095729434801926499291182386756725205583716832054184e-8
4.32	0.003019439733491091380375362490363695489802109552227567097888507784453663153381397786811041877550224297576091890074338795807006964153210675465571403430595845791905799652582420089468068971262401070462	3.12963149580575905955623630760948890025482138099771773525343580535258075562373236441598386104773400965346704025667002666836213166503086585500262271050427790600527033898482177508802816126793154e-8
4.5	0.0023762033719959129053270780758453209361045231212606428759193492716557493196620331969771695389784976867901546334533160104611458909824150589496335271180364840344558379915106363288326117213692005393452	1.77499355082311111676297970347876759620921706101952336859504869048950234586813895734209346447183583690660683075294064350539161438951719275651845417112424530617121445752941951978191745288873343e-8
4.68	0.0018699967422619882355831572715916368911359482495190175304940038203210941921251618149859447638169506820828014059287412352473011669118274179177383329051333907830578030685399155634190688332846005969448	1.00670068668918966654049413886879980508375607660189943280902655329694092743077874810851476777613362133801755340050528658684800711687490424509702228109653841099493605651599365473936968556848095e-8
4.859999999999999	0.0014716281683975590044623631119696962674945584042526472953829122351087171988067559280762885807779020895391006310463406956355084502670932255511806936290979589955901076618051352119085016227299092492905	5.7095772754037106047399063081497568401405102825971917259180988796768336494653673956152237990125457849183738682807167102243737163189535138394622998882273525872252138503394481881394555491625138e-9
5.04	0.0011581247266781276720858389117698609904623260046818944949652193560132899611899535951701270107228350506435853931663454700773452590948946370089343920756082761017679375842323923729808650018752056532149	3.2382289279948977357172852071358286819415915342111307053339914572254154986673575125884388861803172955259288602206797207389149502499107982323306218072304672017818003877144687919741851238374708e-9
5.22	0.0009114074542374141925118977860742718301632326979376299620250659586008641374886551259854355373559091353832301138674846522931406658350174229179850751572818982070522986463586341808382245974303591411653	1.8365854625872544663457347881322313596496597298538352772997182479631843415321923103487663242307504223512700536952074029794787279233814558466950905315297171671456614930358439946532865152943265e-9
5.3999999999999995	0.00071724878029513549981458869379851240910291949893186589108389190417806758785240309210553261485750790362479273496502068956827874433714717847660551101730200111388178757014534674547721025040396510118294	1.04163301655385943197749629485241146090703127295162453140380838802612344133893451992569593775201251969430355894910795121816165882150085399697757030504497232628392090166765777057271670300774405e-9
5.58	0.00056445205757649050890937605311543427990500483151190698643940272286801182022299289772753731210174139364057385733579169989616675865625495681476102616381892910952290726199620542294754160039672625648737	5.9076986294886407528161454786987009212755593412237830589869391894390037756224598699166216209459157069028289253031284268955696292329484734428251983852155408595794358955322547297980884370986087e-10
5.76	0.00044420587954326368075894875074184052098166756246878929031251405557821099307316603858237560023208409043142453583778942752900327147552649528961664400586855449661081982783476969170189714153787794928238	3.3505949366259851632758770578916788137393758654787215534590965270463907106490554547543689114062522976160379811075792368776595378234074781908564326993611990683456637796072474177544300982312198e-10
5.9399999999999995	0.00034957594851900285751208049327674712110901930265490779591286571267252540369203193207580500791260377414644634147011842959966154391262011383060868386227826742469331921442017551503650188692323130871876	1.9003146801722852230793932006060842408543932941530308257658061638583998665286374475783214756830054964240279056055219231044610724678480950963454352566353013974496878655232313182378824866193441e-10
6.12	0.00027510519200828919448415628166005954501468941740147403633985253491573919477531996498395054760157780649416046822872943051346165093081306270649600596804764989542102354394670093226684934538736720911167	1.0777775148477190524971572674051201838318407497370471017334349880593965489383137991531713085014156753796036012014320864304750507136245657155137605954969118752466340364457781139204561370050752e-10
6.3	0.00021649906691393433767707803758372893542555099886960140539455147262294156786249003854254364754509979808458633236744699856863041513306190537713257259661693373498821569161288648992435649733496292996686	6.112694827303734477113615916805181933945546538746567094336327155345737245714517218838924830481130776092821867999828281693229506570163799746783544105219809985654270282269829576490157741530835e-11
6.4799999999999995	0.00017037790392989719451979766681022023842560409056653182287963715251964600224975393338435794459952138996331939713066157763057356611850883328984871491858594719439417680328524574970962553459157515205029	3.466860046533297563826503083253672466057831955551036959043983229920024009620900040474425218165720145192010535836751965635443396494075938419047084481438207739418980973792913660000828219537125e-11
6.66	0.00013408201042771761650821199099085462737649056478551824406734360552647059225190576738192563790337603277570879902009791214962799393795618795250755807306800323408816425931799844424359248574072012847377	1.966255296883490910065591064995510520228748764664617430919246080294585777737796767283998800093648813223659481006502313443464710310606383196810237192100568624235371095424371144811547364162618e-11
6.84	0.00010551829260521777513890244281892714289266116069599393690587569780101217161661646833711484025483117569500699453390177859418040646568720455271835778951816604333589246803240084382045313123117828544536	1.115176223054131999036884735838249994071488934489892829069427886910811507966118412304793437346632309106935143925119856389072610125288214050280133139885913028750601818874132186443978719825242e-11
7.02	0.000083039551978694807449899736889828994078448473278873174946782239472119213856594665150348385116772082161155469067178070003609682576153869807213605779787864988114602774194646051544770853500785363151425	6.324804365135093846678987378723030310570806106667041682699295059552579243109301584138120134856831723108200699487375816762368077070221608792643373011412911781266947298235330757632954242380114e-12
7.199999999999999	0.000065349495547858947615082526621841088020779775860100901726901366397814556834226219747390567942103761614042682656968631974215127753637382538995243819110002484092630748623425763039674995641984549343006	3.587159538584039024426471882812109990237209894832508038525027845200433844123000452566411895283761315170724417234379969355332211458930248510639003153549392821890181236920817039708063474904137e-12
7.38	0.000051427981806252031209764644925259966432076845159860401724564094668572020718809852925305877498486259158494571904509233694113454201384090824659250845328961632001092711792998344220229038886206771455616	2.034484042889767829646608244999238734364034566390255776651280684204906765956893926161402503745932283054566473699253894929709101455489231760074019777749534443649097957822866939335252983229527e-12
7.56	0.000040472191720703236816082095454333722588767290848980611926035424195785736489019944893277539415313564179144280177738468895324657802396172801341208296003697130488217789687336773338147326326719205513736	1.153872660597911784342182437216854350274972991963882405403828209565825998808384218949672702407574293006916724949893876324486709856566082998219603284645976644669830577515588518842174619606848e-12
7.739999999999999	0.000031850332156690433420927464289841731035377467518706653031678988981100492000815500898394011135158509543971220835532345544344608788845179747810880617603953698992242054488486691331312129168753249855033	6.54427407051321766341885319859213233071204288463800384114248059573786223448021204492138978427662208802172815805053099390313566496205755996036366682475781644642034640956393348391955886139843e-13
7.92	0.000025065201941425323508647882898784949999536732312052239894098607802704075692547573005729289059808863828168237763149504326232030036874766876230783001463112829010527193440542301867082567374245729470519	3.71163340396720166189348634701744599933948834979815056750414939783399973386065411255974744948627419556529816703152418509887976041913464836134338655022659897743015817399413081970885404319908e-13
8.1	0.000019725519510240320422333178167754074785726057478000509441007834360902040517496662383037764695172361294242789814771483085201450700604051194712038603065480515609427958477540323682442450662296459682331	2.10508031555678804224141662026526551326509120871829655826599647951322105653152412404740044872725628503245897707258979721038096613358514596809438370270337494585444556255870090479602256337079e-13
8.28	0.000015523358673037912991534944859322468156503358516708759253831324345890113891830164985452396085660525635713499363315218458840867947424867822053938573634998344937374797128015251200975587586849065650412	1.19391185837704973881534333085835474531175324255120923224240188024223905411724104979515686303775891813794359333024477915909795637768617198321292015190232406752124404055037305997787016761189e-13
8.459999999999999	0.000012216391277638169872956557792310135084895544442961006798896520402523415324376157425214217121393000425053414015676018558246734894182387021490720062500254297221449486185963240520473454944314694564946	6.7713593397805538771348143410375133105947523523961710030377350950218079328383794650842123632640838813796877556394490554823119156737105898359314690687080041413803565128650547768975718122314e-14
8.64	9.613912748635068806878681504122579237897469521461744269858869941718137565790825099498738163603563571834215507047013921369130999959728630704642031029180456108006080169060616409561483173784354736836e-6	3.840426492686148358354444177307753455106613174982191199890844099251684930994869880618951290729603288851930818732994988654394496046946528997917930108081778621407123074344074578446592493992e-14
8.82	7.5658446293836409833156256355923808090271775767115963124527698663222841753835066955749582254670078962674260430438759735766765480526732938173084454363101399309491761885407278965673699488434547791688e-6	2.17812626765775499112948868090846002590461031384509855694392469765798335158648615683140275105357170664757827528432027579700499767084018798429557516265717368497083049018043118873223570923234e-14
9.	5.9540799310977929575661895226307102779652980833285749031745538508868198693617367590111812111715754956470760436967353415882944480520835106327386528900370928065506144780718322222614485575524248821853e-6	1.23534040995077230754072457728035019568886091157750598328887938075027437501027430127851091852720923183949614984497299102347551767722780267113918337336240622726071022521317988851429404486746e-14
9.18	4.685672196891195641809882141426555010677309618619442464667487895786388635260782383099977166355900501620537243807131612989705810526268662344413136819524493952182529659156507308734072754286411911461e-6	7.0063244317713354859509464962111655284184515296458034756587082552364199771954803472283723555734050359326298845793733449496709891447616319579654440606150084779243441245981635850953940017297e-15
9.36	3.6874755110435810104455014354473813334121563302529683824147944873019448402307538520261419738970928050824414539141541220747189132524295591695845575696056469473880693131728902054384685931841942153069e-6	3.9736886810973917910694740615151650331647496112750500222818959358627796275841892513642734672787537461317097261544621060072553302719848640031128529060944071918550196764067505673355408321735e-15
9.54	2.9019263561731100698304238190632639990461787962246129079540038717504640103853284782942761058558643809361051636151587801449244357491440668823413123392979174183843309351048448255553745595885974962504e-6	2.2537069026775659875342200368954043373299048085715424476620098761416007641570370797207673308306865159957357843905152633133438573956330606345904492842479152171939569985588076905286811758541e-15
9.719999999999999	2.2837240685210389406176379959376261174445412454006392345717736563724133635172772832721278880988580798076648511406945883977653386674341893293634652333646869359933131783403378815207289196220638959572e-6	1.2782065256742295554460849686619889564602629754055303950301540446405033105884703149165436334533254178702863415527794241423516935656879479653682310131386416753102896792024465314243734715734e-15
9.9	1.7972184614705537169094281857234898913812005668504520042003731386651467992343108577461011228914766149647288401711856519354565233321756673816806484785934496760515812553451401831246060469823097986608e-6	7.249442775079132308105368408727852805065203518394483885366620061303628877961970570822752539539236317482543231411232568257262624570392824225481872815128341467698925986531868622620387081425e-16
10.08	1.4143539680528736634974165772167388063859180438545676724233863788435934769098990401716099455201636087833145689556861797590700469947125821189139163403781884157833855708502652790059252856376886269879e-6	4.111575046248929056670842754590414039799722911964011463738210143514742310134540651646787369831610865499949501828196126656808298104464397841214171559256496246045101642754256875791867113712e-16
10.26	1.113051746257996255486439468982053070943247496956691248445226595642107343598265022768429340997038779949519353681799603632178288350372693309101546487382006972702915152297801678007543319477466903818e-6	2.331910173710193062217582398028092126687774835334631829660522821720440180725120104896253794453784170396542236083367822493853873339366062209435132317513068671792197494964320075716300272833e-16
10.44	8.7593644719188210484371685110143809753345247231534945412097701243309235144271273480573010102033408669037482439785839698812451330438875091319345660221703447936548187351644924664772274673016801226852e-7	1.3225600887947113022050620656664194561380736083306464581095378732959895187418652955359941787165811089760738819848511088205130628266018479803914228956175606413568068331454627206206250352854e-16
10.62	6.8933422197002799482537901882823541996831345172720407926570648927161711971315909764260198142603947148001478024574277000915442820042008832497960479341203427196759632090359512835738030399988951902887e-7	7.500997286227624475282197905356115714757204173390392624613787158003178697116336490921094804695324035139181146072824666817723369765466784847795940031027603051355030992938511085118619774664e-17
10.799999999999999	5.4248418489992438803065137831857933315976861046742777239222187257936070770468743774223581804527620722031886074287047281466907264439043184597212672260143598831246189308876087343195088247431246777898e-7	4.254246046338063465454103312327434577383925472326442400842973170410161062020050652634980578265652946037387359446804558716871016068149686866746102326175239100730595375177801769906914351877e-17
10.98	4.2691785999757159267201417926927112771712146977929502493831653114565979346107176719242533929989160712355149177280605071303832895136138831312525225196056430265752160322282030002065089584434808042859e-7	2.412827085808097166899318850066143877462425031094126269772433290664406020637969399214406899414011546777725201165798460280758812012793899696510098645236926350541640062681332823175965915885e-17
11.16	3.3597082506382858885143622020631811348675268973689370723033619077031988511717369913055223413116968760855440247151861180368186545296994477714828010249107273515494387189385908157292227123411704883267e-7	1.368452713500287948931429587585576015230367890067932432565409146097241447558597758883521837824064718140074122632153128639090119448679175678348973963706967939514316117109250509678280027454e-17
11.34	2.6439839105047462597234601675734570657180288189738521672830448567518285392892310423316239623612774591201634337794767205266912885017553129748641315976416816516275443213964593319490019214398842029384e-7	7.76128069889896099841710325492772404557093070365271640654871470890850938205893718355057810659177137280032792668698078296145714552898259585881482517269120225866215507722182759943505308993e-18
11.52	2.0807315390197552123148512941079168320894877961913248112996848970836577587863206084573858714790797176938688172543776088689046939274694244267097011706686767238947826503892397118086675269826828130575e-7	4.40186770743605013693963402937300561309329113555988852394594481657550341941984994333568911347096772960050885708376657113547881512813424747088826004953773478365354032597345630253550282697e-18
11.7	1.6374697744075955301877169507689848223918640046525565694500578445406877500774658179552710531684476315020228539031759066305252039857049806350336280992899611724331174410908992779076761443246836290398e-7	2.49655180188459216368026637132736930616122269012293718520298001018389102904396441150660274754993280901737073459288908350844513464571777943574628437113076203251866011498857600261902403208e-18
11.879999999999999	1.2886368144165495362832502636854547656893639977536413610202245507661470276132918179333981291408705851556034506281391482478288453070936855606379936948234640450168759066871441112430904055140891074953e-7	1.41593780498314826959329012366070364696033989970927451371978231111731566351596143542497522558137884134891629733253041288952373108162854803341552624415166349679537626876888755705069599818e-18
12.059999999999999	1.0141163308314498678829943299957667682425458622289775708563774112818210202487141227976359307843875661557048136799475743240703314425499451129554487168230814255180028058778818760954718591022245959105e-7	8.0305959045875042912438038902857517551638429753567124189302455759803811131629297405165583090512532670175300945343243693990431206794738136429219342164490176018214445605427640732350220113e-19
12.24	7.9807741091479007090479588365932047550380424633074782479590279559952025269804387783042944233460564807885660756756225538844452257560555767796318449921578231852560843656162425524030000057581211331151e-8	4.55461181669240953922593708923448877865965073595875153239509568316098828006934481244081304895331048689713774951197593662481989547946318838771739387078591106261744910610353610529171495632e-19
12.42	6.2806162808782787681140069567935226513760766285019425935598449924916189566012246586434710070596275521789498569551393312503801749714969289771359501714748095221995472117649977341155216879996961036453e-8	2.58318175229110629519581209657059515522220146758765576925608118487510506175654241380956963718617520398189113471589225687262902604372705330020633368372578898037500409872357497298806308589e-19
12.6	4.9426459549103723940844418046204896228126007011773647859488985886937377206699649104028219534202892389951294111726561241520782001536475339190080513438437467377708358305659291334680588175543362570609e-8	1.46507062158715516083533535286122515741977423079418908746478803557068162295267564870711566782500976058702963003027709894257826558085480284699089911056523430586713764456437963037245149238e-19
12.78	3.8897057140665853629354161343564876686202238201593752047334657642669827831084877601541240773227923775373125230421484189960371210783405947993139659235875951539029952175049332513961909133142607578308e-8	8.30925630507429161989965295811492275441027485704759785282372331278632303375082325645161305162837560786417146703233651341612515311785697099290995482195028951016583536520687683665687593e-20
12.959999999999999	3.0610751164588727989475496979271723352806393361089303979810077292714992417783644161653499384670976151615903508154611254207714735158620208303609964606755301797065313300779485535256016468714864360233e-8	4.7126561222434249886589235713585257809642669669335821128599686404287555251992549188786923561542171343587391707485030668925346019414531726388509919714751890933573752951019684716355848995e-20
13.139999999999999	2.4089690987978170697676950292873439989047437961579296105460379264874392435622621051160922262757012894947053272688950900106068648716523337191890369839222320832116598284541921861878810202513082388132e-8	2.6728177481967644576059576643856281413422006833366016711094282986077312180874391800007557056939503858722401621075708632817257303224667784077597514641037059403014911407860850433970836808e-20
13.32	1.895782330776636842966091384629299815842106092641021005464352253844037308221154727027675962198671876515624329857568577567549742450117732690813890675606164791544758303818084410853230653770966925056e-8	1.5159083391119137978796403508696584422234932412634891608561505201227646170864721745243878491429581892426438072085631765390491220743546638039891829085845128483259836964001940757876712932e-20
13.5	1.4919206093089609151982808496310453029883008690620727260107752002017745185419038650746107984116815936135794863589347049070640584761801981708340766732633926045171759632725029284100247400481513512855e-8	8.597586177132310413842077880644129704969466083971680784841493784654064340675158880281607658310372340856217048663844542737683066817856043872403935525207868275369542644674401078822302137e-21
13.68	1.1740942345258468333588943791006993604601498816985335646767474888296022287864623743342058956757323386896029333545896049135974345765361779040351231579654586066644428519687231327437896341556526837574e-8	4.876184540057434989073417887771473130125253761897004426290648810687707730758466651259502258206071670830790168285161989933749070539801707028729796376899382544159117550387866770915134667e-21
13.86	9.239749507752540737858923042170884337254949973962284686705792595163489080188410297720773646786107201740971409592431158929371313299530032874963473242683722098022336723092576381263607249836578153148e-9	2.765564098902224458752440323225699695488322911042447793676110897810875818544412639589808197637908084269184096192317926900686575874551085429856870559758524055009277970451945856011248837e-21
14.04	7.2713900175560307473864978243219879407888096732805604669680620949582841110868937012896019847156014614031028352527689830078259065231620788996987061156121854185773847757454898203641768922772699602187e-9	1.5685101173481808763310621564067863271026708419010174364471533510259694063150850197408067000505957858963916870653690999481168508573941085404283926204803383205821050272867550606807075159e-21
14.219999999999999	5.7223534840474533037053445866467828560018599825952458933120880045791187276517741131889666311597325101831065508748762658290401719010960591116012696218651370756544943960699811041901653996125977984809e-9	8.895921049886989051554372140399798352773548218754974266406544248716877121632748737653002963209449873044046785937375083282774116663179051228880766093376060772154052554542995546674211094e-22
14.399999999999999	4.5033108274112327987500733643222029370826352672343175107517289734705986844195661117953529479949988477130440801519152438269806787639869909752620620302411980249646410616292001560076407405178961360143e-9	5.045387367957624438940524251825113416667169282500723155097366417726600819332788069211122586050497631115133362948318843021081136770854883008781695013061795225731544898612665683296423983e-22
14.58	3.5439628930324691930099238029925963312008225459433831616860289084498324069187694009795758667635249338624269590769322036171754975928421578081520852917474299043429573618284042001087625512207182283837e-9	2.861528733224284770286469699935789161140279815650772934752163818434258008474697940333115482227063453336378922310233374739349355755755107029389599626811230402728465288575309770731002091e-22
14.76	2.7889864742938708916009576739781599282134288962339563767931244497791406628088136728738084198674608767918517686571377534010145019670284459122194917670721795895260553771885201469275880635959674408009e-9	1.622937168922041981702248520255637424065803444075282438632101995314993021124503749510318765487657367434375531476316843559205527920558183804786062996835195389648864036779669827718588671e-22
14.94	2.1948439610038805638941100917523073091140735251403915442018567758831788849364466163908528634204577352026313359375856700930376249518789145001450825487013010304525432788829164887850395737829073707996e-9	9.2046080952710366817411606971641651826658121405448611264845836844883914219720275463952261316890470555912583467435261751307806224614044058299401537647062277307338965842677957896409865e-23
15.12	1.7272726338247593941240902877602939328978793383041231223621977926189120568160992213264997540692276133493567590439759809482568925538443636413916001438838201299671708981564187285827735675398176712236e-9	5.22046150707137265839532760334555415362537660560440439000031864761456793149323397111678564572272341382208225120233569976494145973796917576443379470019160444897220275781814297029903683e-23
15.299999999999999	1.3593088185619070828873267661032783376833864056661186325672774913317615822822386306200069578442459552530696247305142057531143833837942365064644212351743111260554365080958153740580023212294662043587e-9	2.96082332509251886311604004498359324373796773576747355140936889093157116269371421551706962920227415827089056018741116620267825284395125927829125581505843170175851539213105538623504981e-23
15.479999999999999	1.0697329582121013800355605985834326572486871613538718731224188051041970571908717832908684743435861793345586014569055000954611111760620283752832589019567302059512172196608395679763760878863080249708e-9	1.67925283052797096358737980169550444878796417869281901530585314140505603856546877235221244611677151065736264016835313573717035030926866515731335623333292248644899114071221132497492244e-23
15.66	8.418459339474205076352852255503729200997943918209530412649862960603367011888235094456200511017248041299076763243575387134469971548128737441293094816633782474425528855181111685983818408045358854023e-10	9.52400653202800388012532080482506234199733138579508186919204087393533839781566071499777063901213269411196476588950759805848035385855369739903672489510567721942432966054612438666701622e-24
15.84	6.6250606851292903781992322051265199901064328278076111714051500184492671532538915199197400929833705874703200158694721527909667970323140725527465217272814046106767903306044639128678332218933878705956e-10	5.40161069096385856826663618099359817682362723944242030159568143915141520728708286952703379294490750490883783219152238132129682388509387859267679851996165032587161737948140325356743811e-24
16.02	5.2137127842191521641804843541221384857118566235107642599015892030040537477045148380418308079800477501237451199481921482156325943341809507575290121448850401870258361724566034312897651077594180650006e-10	3.063563423504092776333535347702458107485448425099172323513390768636618955688065412342998502896333195873279603156130706742660676748045361478352254669370511476923823970542067706931856e-24
16.2	4.1030267175280586369504911190799918046246082765743729091934542358523059812814156957681031408857423674417560341062267023565030420567989046675009235841823060018030980656096318285822084713346052070665e-10	1.73752263663366513951246741208919729565162348059428227422177935944824298517267212385031725146368766164140234332570684342664108092199635929691825731078389194387668150023473101563889877e-24
16.38	3.2289519851773721459362404564362160035977438690208558859550879201057448592861502609043971541894129359619237290661217089357008419008209209466833446913010631057040831164983489826805847699821952542485e-10	9.8544880437347025996705093264916883912424405324100324353917638135411533737129345825867177585995579879787225406788689477120329882478889693306487676732547578464912149150403544139676086e-25
16.56	2.5410828737820894261880870128024161998689310009323381735069605092909954610607930047307015716905391716151588704616740129199514624741200936040479401041622957133870769807261169452306763404143604549297e-10	5.5890457227225655239410004298887126334453069995892505203619667652516699582149216125648919202604040358827260806032704299461751948181912474147994174259167749938211445855719693564460854e-25
16.74	1.9997516844692077309039453086756122390950977380072875022825884113871053614408884162128220412530862287026000028795174683774396420420720219525225579322212349645919356748806582249838276914307378896781e-10	3.1698685869879941876626205293220974322184291948653236988943205924264575234097119250216183930734765385289590387216635469142784983306924058234596392541903330365869492856188698784467561e-25
16.919999999999998	1.5737411954555436522906911967371451588098962937700242059378869527477094011849190468974319770849350844003487244844185528670260670520340932514654345211818287087977141720870341759440571045913211605833e-10	1.7978143957424265606558377405196151542817487160469092552178241242306708700846368429570968718680781698184670428629369761414987530323673813057603044000780086771542768433554529280202986e-25
17.099999999999998	1.2384844425977926435378393364370523546757327054014341842380322790396158959146358267780369488694940621053517233988184309525759669335403871512638533059282584474601324601044220227423041779359776826778e-10	1.0196437211328937654126962694985051306413607290811260319202887429358605842757911133105199584814177095474732020507791047941631040012705217271791228646471380543009219997804619724089892e-25
17.28	9.746480037416637811037150740713091778126983990025826775507220947121782424615529840101877296383774771184460542889598020975583484737290699421123108325665987433560185021276635576544991812683579729664e-11	5.782984720268580824024629913580954510852643087447059653944928885625497783690668503435881527244906799140116038518008863820776263442544693528553574285657854029285251146125153977997701e-26
17.46	7.6701708840609972146377294432790886381525854509739168796746699148524111359085566969121005802519746859579359990479310225335396516421165014547613125467427402641493103137444117880739914488913562289588e-11	3.2798625227351489319825510291876901695787457639260603313971529481357882438427412646971233259448668569470834264104724976184964211842122621509452948827016467927393546500229735011106327e-26
17.64	6.0361813870077655580321417669472758336165533349566599391280161149917729536307034395656164281085349151859055217755330449342617726353523298440819984674240253390298360424158623967498401383304949646824e-11	1.8601982693018358886730709305573308042599620528334879025088624060970869596524041104639090430419060209624085236849436607016684374390338222007114439215950413831800973464546943053476341e-26
17.82	4.7502834405650300951094726915186135913844970256653476139163068625335451567577625101693149742817407765529173189536662006738646128675181662422856565614420242349704544256288157017384905207361246370901e-11	1.0550251960645883106475888929534621111049887619744661047773979293763875174180151377517073557435305305213696621521343230794110994423844446991359905727939227219066151202138947225963455e-26
18.	3.7383225120231645629488084439125371178224617587659791415337234227314623269024252764204293422338170170433113419361684782854200845906453270472391554954384904144304812927844213152299891503152381208024e-11	5.983653370180160099604106512347747704254857496236143041597454545620038887629020277230863761615271508436424735554650609559855527025452618095483132808211949553987332838292220269325999e-27
18.18	2.9419413343968582149119367527351073834649516190509209760758259614874076633778328299450269046173478585680265722153763607477279142485496614364982587495341535808334333861889683986609142702411530457042e-11	3.393673230556332730188284107541501310454046305586335573554868034550350691879608330378738985100121145426869328922546847220568070183634037011273146197396753958720307945262487937680578e-27
18.36	2.3152145881465712861063442088931263813001943079728332461442785759190044620174285795659778637521033424150212346703035066168955183474819874736871570805086718276389629148349541847457208468840002901104e-11	1.924746853350547624538309888957841001103018571840219221216782139778487936254532102199377631329827875274328467109454154320587841288655411497918478924974934898155639162805645390894278e-27
18.54	1.822000502353872511530963432515558600353456234531798636346060469280037814450152894589457075439596475704964387663412714806565407312970939515110491950618061105640969866644701587783177397051048842055e-11	1.091634402548393683743330188442230051565020001919011520309418054608714034106291892498947572370836585774854438126822300319356803309102259890669907157118734747835806905856061889360619e-27
18.72	1.4338566487849037250138137313121355632324930310492833892525969866840290128540869358765903042490638126345313453352890143368941201675212967528554262767697423723317105676873489123125179451832009733143e-11	6.19128519032397616550611185164156703818578118985957031385782569605402239768680213295089009393875117733997475125759034896120886240042886399397187195286734059412298882727985616546408e-28
18.9	1.1283997378752451648146260879604773406589982024136441958470264417260654497966378472486847404453886674851200353530433237174341565404571608183240273105847842123027978144681781471932625633961509559158e-11	3.51143315183545947290793017580869708053623124499017930767436721354335715701606962216900711176284819229348710527720085175941291098128636390115989491496835727222222637006021271640706e-28
19.08	8.88014830154705848450205613828185362857582267374339647730811137728692482110622863005188175161334623715314320449257678822134591829144851756928439057970055104318262564611877882805084765360163623519e-12	1.99153526299829228076480384014857035627755143231371406597020582472111629140685826321086447429469658122635958706827332900584500408168427836813123300780735306023198133350519693631823e-28
19.259999999999998	6.9883952654894597769093295783540258956776273641927676506453941395237290742908316216337737839554724631378171613608075558638349746076847805831201562722001585409656410556536315023269585357865819900201e-12	1.129513942673985407166886276596108516148602228025575272027955898791397818892649089264609399455413669618636394820186963912147522022193565223263746732166292483323658783019367292649555e-28
19.439999999999998	5.4996455834197300104073765663889724733043995013887642788558100057564419910874879548106141131411820713228132130267868819960696554005977519189722686998452259507958122768543525930776069510459201618524e-12	6.40612180160085978477757952300193624865294242677450975512405191541963480775711431782649098004162910573362506132781593279698331285790991631605739994821960123511390560497532539577111e-29
19.62	4.3280467681316445513292326326632491010945566875734944436143459379408469491914185693805463531103644737737794753292057533855656537413918263255248325811868221083394129491286582535838926462275720479632e-12	3.63327932365308705331178937865115775419450388182532175794919169328312668584919502565057243783659375228714853634556912897796413082347835539374660541831010575421749268639484290576285e-29
19.8	3.4060356332065767595217470199546988860627618265485766007330423115383784888631796588596498724162832823946744647548010739829430453262020934106854928357900503356531957957050320217799808694483269444677e-12	2.06064121983930620005296835357186465833855911517851451872283279046019963430533473846922395155705527908775244348208546928234441772310297390376909371898472837270829848659284062109782e-29
19.98	2.6804420922838005479245478060601156078118804231876306953018144172008858531562145418208227445309160312783352593013854381202636909354249892303917704952252171645332614296612224214251159043847487582731e-12	1.16870789681950173167364933564427611706800757545634651093614238782374034709490177593283289323998474041055150172542655499736070460946964947260224281061425716132156173327897117133144e-29
20.16	2.1094229725725833505174635380248413843186760873177481127066791651948202985246006548922581795300652416671905319784484660180379448768680341721440570614889696573066415526311288186461304069069832062929e-12	6.6284132091531258855704076950762713372071730972237190723916158448860874290462652331357384896345014617796735727072724675964813864041616044619589442061635755034513556990271781055505e-30
20.34	1.660049023266058645327326545117897573877616796995902538800207688365001556491512680297369290913385548777804239235373434205999488511044883597336806242492220323436637468185852869523961141128924641073e-12	3.759353538298712118411498495188164949742642189446380934581151795694267736345611770540806802169089620213696709513594086851570718568533655204996053615524117135663801484459045450915e-30
20.52	1.3064059676404097733775396744271586260785531807416653811678879117654646931092477375719838668335359724028192954305287581557609280021464541908207125310909158593766950330078110209523868787478207024671e-12	2.1321451424507462442891358192290813292312601614214188046468417530059151829583959900040757580798181936083266767175961515385472556086264648973501450940923506118841415491367263173433e-30
20.7	1.0281000912422695786884462176554229097800042227731985264029982887362541828692102007561192081895236945178713181280420986416402860623367518281791209723814827559033050585186579914576945153196630197452e-12	1.2092618750163032918016517214509529067117512153529744081030391862609003146581709531727121593215003335579886490142297721916477596674045213565353537870885421149541038279227405453888e-30
20.88	8.0908218715616054188648701196060674566854531698309979978938926987863052400216208128355869269053415941345685807254946502144472817897963702466305108631882685240631770463904830696696828142877940551947e-13	6.8584180941653889075469719085147067879613536843488953515838835640383443976440577598062489858370511189337596754830987361832631306629165419199081129443626119891780438982972029435287e-31
21.06	6.3672203820390286746149684472543403874216992471438020657635763343897860040828155266751259700834532522725349702288774130944250831860241298052104711474775795240696941244305985158297519579010135355891e-13	3.8898025093799627012734042702622886701687142033790968109745202313151985331314012310642641419092192233013878706057214843066886076888640855103778789112375171241370720518949731606681e-31
21.24	5.0108006376895232326151512723888785368166126797736559916027423739889522512632947699542159691605099072348421585884270919467972577017572627660578769964278550138025898710457025562489716223894788720798e-13	2.2061302413806727406694253120873570122528038148714674456068203103800655088486360888347144944506225467087756318065937419421153642569734402505141547269970935094804233159249403063965e-31
21.419999999999998	3.9433412893161311801799592861860526460235216107027538857504093440202077067561727407621491895003370194407146775245135655135700220164412346448643704803683290429990237209415642435353343278519604701888e-13	1.2512230718106205100530875357918921339205410299828670433647646303387037915948765961403338711946889278516509015081872258814185807488280679995145276866316062905655685994508224953559e-31
21.599999999999998	3.1032846142518802735683422287481180400758517953625862312842017993704952684130813323612612004517919909339999618871040933103459644497618394769491697749271558693676092121317357171912957042966422945878e-13	7.096404137577450389916708336108865137954702145045670495741964920788744800062193381992448439049963995101426077712032223633507635680481370709808333204464913363824606137576908314735e-32
21.779999999999998	2.4421866357711524998431043716571459464222801570757756216746678997345807865060272087541049494024735425658372414218311194071986203066903489760065596352299839552609278302891832370735200160401167372219e-13	4.024778071380007279114878929034639159091511497985935235879397118537832737447713286295621169301897448664508297249706955108474656023406217527625430732416538075096407212837035173529e-32
21.96	1.9219234795765095334916202904255287361592934170850901100072952095323227542631337089369787476278570073254166584996749371034909776932058788355414000189127059626081997271699890634285813903841478355821e-13	2.282682652610459676750928496563654330759966345323975067817439957997985400587665910876527775948660045315459435184388367489861321380845696808920417518251456123447501360478224661919e-32
22.14	1.5124928648956901707649206007718030752993806220512859184076457910788500533662575012381128504322462674102365890109961652353363179443950427446233030130751067466182241411021408297927741684411665643795e-13	1.294640367730004665858396523490177912488228148488271291455504842615493717651035390855455163192103556554312701996461099341529408551166836105166903547889299900540654964563725102105e-32
22.32	1.1902839476545894451248945879818280224697823863976883301009899093639688824685507663106951951988496201010563155196587032214479837684746780595873690704607142473885701628211730820666025966655127732923e-13	7.34264892304666224436871997827458518367461729859607031533680852555228910198597483188957175766287247933896188443757343473684445631139126857381917458595834141590379007351363014702e-33
22.5	9.367157418900631212712857410953408506161870572009617714423636513020962650338642662935262768111134654299997841890714719944811375513078084344800176570929434197414752397609357193462804589642682801958e-14	4.16443810791793003275316958042769982852493258452363772792206167713523459493475439828765177764388800034511838829158865904547621293405025308797024425688495017632188636041604364081e-33
22.68	7.3716560055573910274376067431519690518578480166601432533089853186787329649778821939911689983270576897737555001497044849493400320551404572438409409623023530706694069054044077991551581779186900350526e-14	2.361892492811511589575927273252389687365240245785749233167459594701215550070920783374048380858424113807993942063175580268673674962024515777985861789986563898049307769818584337376e-33
22.86	5.8012596387696955805200804338100690980675976065809701643778461578732855908357573583424903845508382532001243089598197438968827079713290020628470856438857578664244230778560088408202394358147086818111e-14	1.339565599709174409735117492807266221794377248804590908543107183584161227903592867391264813226676679780890927885514470625248582146673272007596430413599286353549762189380502948038e-33
23.04	4.5654074703223460701452491384514633670634607692232653325401794866778526525678063587332384879938622469992564399777920222887122421452202175780302526271571087631799449631733551784777983694646974224039e-14	7.59745568046101075562151858964337638381954893877866702829474484947195315423071134773261353635101849677582635268065925510749065918923327284287989132912724111348854479155077052523e-34
23.22	3.5928309829096632278907237163617703748778399850545958457879276185991846260093107200757988802998546213496627466832354943818172558516580024967996175609345982077570690875061390451035389835042183059994e-14	4.30896633028120829097320501008408992293450758804489502090496985602674044332362670251050962971704888738377581354236024032947020557030199666767248628348074020523500243165878967013e-34
23.4	2.8274441121997378436427748200589138223852330758978932360402837645878531701014893290368875161009172666592106865167183616873390178581541234152175613046411374754514906042237757701369948106745656133578e-14	2.4438788633151366655469895599806035144047690467191752285316953285052389248914161226512026650726862799364219323402774877660682866059867404502866850183640880246648646826046940328e-34
23.58	2.2251089031576559636469408272434051017154151430149672456770308033120916619800218569230645980171391236215124728615148168170419160839504645684228838476745552681387512012062877894393187444896623801926e-14	1.38608526068068503774895347448564093953814913184467092273717827676211773265130442653415221329374310611108175336483219542723429493436370724537808490796398057579678929484620077301e-34
23.759999999999998	1.751090184081314144919915173131077811385529012147276341325086048708335311586998595468396395697708050560827631431497857098777753284260748465957224866465799001707531908840149065315313591003056591913e-14	7.8615556787351726826609041672308540398842475943353738426063850361376414944559549955349849037878393139859340875297397552998690295693111295732174823120964751618445778265403286717e-35
23.939999999999998	1.3780524757392840591978506266423660754761990103192539336930682188954187042347244354473850081876774655974658763113860166740096865567493739174536267078755094845203139812705369087267822842656339419554e-14	4.4590833630265746362899898570698799429031979536428929657127714289639187926314799802146397564976447679480705965986222100249265955849451987406336709347248780502706190930047046825e-35
24.119999999999997	1.0844836223483657093739499227108724222509384662362710300811034655547104799750308067485250281165580696663473408699885549340959658167786358539802204736947342963765773020556142746856187809218347806661e-14	2.5294391531209206084735260938360760499169663605787868885219242762761919956166551548918287675620362514716054057110506708861101248318455415474889102378677053692955786198921198422e-35
24.3	8.534542391144340003845992928625745390937940789956698438418879046660524882130280383037494999704715879824775380892003898667790414555004748353189077200963233912669788386016975355185178818814452299293e-15	1.4351454929261226999589894150283058124923560020632436321425734034603382407480482980469955440135404103921923044918792767174397872306832845901581222809167293390843426490721753707e-35
24.48	6.7164143676521160121067376036906533593612293453030784634368048975148305451660924206608437859822824108141482818305557863025293107586426976059117183048651871744875478936865611369176238200082747095503e-15	8.1465909817538581430601297017880117630555564406641405767066508466862858215030384455163355602495083352147559403178453693630572636881835346661010917671525319697678315347630424673e-36
24.66	5.2856052369968067939399860195112227959488776568123388454597866721313454186799051681869302097181765520329910104481307661670042154350700096461471200661386057195343767449832145607218550830310454147805e-15	4.6293669308680700702766243736036792310524697074616113448157094290044730039860002097833895787446277687214037591273720276826887594499312287390135424548386337793634780247056956926e-36
24.84	4.1596037993013729544522463907732758217614582370058169623543375545449917502575629260123508305718791221057405371070671454896849607113456749523492220954859125113590749820873374877233341769770553947778e-15	2.6369748520984322166090468015605656907723954716802349482922299301873296190711211105934541835609826286637881155745653472076676119330183389015609660875508382888569507531766362025e-36
25.02	3.2734763553763425821535604732256713306888926318613909122322613550945326856830129495853667687594255699858312459741409220540925358594083904351433457346701535992992381278661981642795941236512939446534e-15	1.510059627356301795502115038124146640549319908915930623985936580790824063346229890443491873538796547436043358408540920474005390979531145176060383116404448240331714747690437565e-36
25.2	2.5761221419712453657908010232661344765827998450076584473599630603461579331993186582546007161649399765571841901118184984133582912075971577848394054820042437343401686487099013508865493977855717289194e-15	8.74841013596364932811249189637957700923289947528041040817669874932047857246901518134433825534985190687812255193694414014392257325833732259360971115531708767248852135402414916e-37
25.38	2.0273264779978983482408438146784817870920651918680836384897451125185732595662440392895019290284181582199186842286114087537370349529208385085082368001730418511903700033728396305716936459817156080227e-15	5.195528220205522174023830155945056423092067787426908551361904346376982268831911124786783018480389064523307015959539740649093951673379704882492469665176316931648254717045333398e-37
25.56	1.5954416840058507433565453395248848898289234787497181786778053588938770181520920606577520058091613506655143690087218127490398770322893825821066858183782914252409391522032134105043024677037510049841e-15	3.243775204719714563514206107254914306511975991864749497892239673114275552301338767865218259735101269791373138745086733293557466404958416950372265484422709934835809458029675668e-37
25.74	1.2555620393106036519863960987042547763765307093932919875578269343644811935233656034870491294040766923984364922268114627378773213494973412976294857000545398875999928596566920340762181720143344066799e-15	2.217246890283071533327099765999946494977347058809955425475082556831464466054186731593575813753406905630131113346139100395895642818633490524584262311792540579781698499236809893e-37
25.919999999999998	9.880875310965115687399817233861802437243180750781876349725738830440747717852838212489079555426207140603345708671180631438822656248210691501710809617643051712440081280098605714977965345647858042835e-16	1.737236999598255449519825604059536938295686238675524873164994819987664073295647061970615500716721946719090863647950501639593463981527812760163345851621764978628030447202248919e-37
26.099999999999998	7.7759357048136775788194342630970147633396834780357477649966040778936442822513879674041253155568803616652607490070352151508071939128255264434288700783243812660685429196523555522488293380688886131869e-16	1.5948526977763138424233584141108617446807040048738010938128624682129297034091603367695939848494942782961850962580356554057098811207980747797590587464395855203765111955417754812e-37
26.279999999999998	6.1194149488250389959849318655316471063657260567666848703810885556996418743259139161169294499048853805355508562456732000916174649006388341024540943699453861322704248537798309922039670762951941143627e-16	1.6791073912014332114332026896649578760856905475307988879400149267426355887292015844542652525248950989201411633598837894619202529113280057890541121926818474462232661053189840362e-37
26.459999999999997	4.8157856157068936914405656552086092464041667924634664529755352703818190008237762480127995316728259040014222441091658381614840392151071754019229817835881122400491487073384093084617174554857528882662e-16	1.9365698713716638571954874894579796891393922959271598012642070729101506530694240277313615160919395307319365201066918687798149959783291120881403353938780082390524272364961396059e-37
26.64	3.7898706478308641887587206356356960527077333269886081070929924965321073546698129087333337846685480887748304024469106846269823420336956355681169592363113314975337615403657946705342136875891918546437e-16	2.3490277729393400972281678200853566842874893171856532265887484868389680612140342677067090837671904203182788087527794939254568768088587729244877008172917702556473408500563598976e-37
26.82	2.9825080835085342689259114906348598377717591627372782797268720458408025768068628966206893943692547101411229942770398840343901872573014959226859059559250512720306736927940636503554303345623892075625e-16	2.9215165278338600091505157774482634465017824508506421211026950652603042553175666270844050296772661888424570133757245652682564773894501068501930291347131476878427834938270006982e-37
27.	2.3471393339730510347788811197656729469049959206433469823943152752227864162835736693189584083491684865032082315943011584488678648564275472267232144801192277646695567202328286557270192975451622253699e-16	3.6764159426624101866826962970645947387908213662777241354165971781227581351264979445790918074896988745790509428943232382346753964023085701605108836418678757987603383214109007487e-37
27.18	1.8471242654949517585162458893781370171373643645506723464696868602421271611714277848075832161528387311591829204477480793198678829154887326566576889526085625590268569297589376151307435757354014405414e-16	4.65122792504700649690063312911994587021317463696721747137349348527030363036801771376966808211555041985171261338510651510303730060634526763811839495642493604314330943002461131e-37
27.36	1.4536282541032303320552666063589692938559225718202723504665790768083988380366891441589050954998254260351766073157430940780707489759811157415046276287484955426308910015381438072520536275845101412948e-16	5.8987467799621890653146525454551246181004033782034937503655091611005552060355345549600321982992246231293954434998024717431094476999539745056411793669011745529779090610672471478e-37
27.54	1.1439593646186012674746749331620259724160085467211963142562334020266000616261461257055908745540195833319566743934251547148728350135687510428269293495937908789685016318929146790940960389461998533966e-16	7.4889737524873005908038536253342634098696970954724894114155927865612542903382530379349317001827976650228705537271120839738824967511594393671078088365464539810892982174142884069e-37
27.72	9.002597632542025473768663704697592194691747398892111409658154967504528822273680007450721818728494484416379620994570603843863148374656797188154997093776348784955276948362641278053522949221916559316e-17	9.5125129525670295131466335535915263947410385854981644178195839778107337719855797570694180261823881002408874222982421129200503297369454599640908462468547731663303903013352763695e-37
27.9	7.0847590080677789614323401457140993634854878257981280173276136395624831937454094178162601923560780711025917418204133143039388151527584421499060496479859446813945801991666867845458126867409801801088e-17	1.208543279271779210720498369800368130269725866240227328225952957960186095887734707136531434874691067063385293673275832400996916012926139200767005167089680570960863601148362053758e-36
28.08	5.5754807946719845870265524267978550265467968152697364999677702964144577970047035294045464660453025632058025048228690499675656549101062413396829439201396123800302023481828311971807778789736541640126e-17	1.535575321643332081699384324466577123104472487838142455495159533288866367251334190771000170667274552095054967180898685747864993076073663283211307254006031745372640332237092208864e-36
28.259999999999998	4.3877266758625008684238590341579771246745924096050620847196073338506057775247042815310865521592084520112741944077828505860556257424434815562305471897985317604637074449307761407672886805216014072699e-17	1.951186472143361120131653197946449884462812007029511307515164965482329778118038799375200028590620523093336783726662504546989621331586848926244708637659448434081536079219145531495e-36
28.439999999999998	3.4530018290930243589692050856553596647996652912968142438144994782553051865202762976069160746286588888271666769490486450613943144465807185164234694324029461320046066890774262493081864197050165482531e-17	2.479332605948727613426764173132597495765751847182115883568044172658286872809240349961766066573633621334666426188697239034308661071603180535586110465600081619449847545386752077615e-36
28.619999999999997	2.7174029998976655393111405947968688562739343072067991079872911132381734325580384512961081371152750309167036839267126164561025710633439246340844111875076651279856327220394126405007176958515247689581e-17	3.150464138430315359438841651400068087233773746064813446586175805287714717351693796177744140536622907217344096997815924079508015240247247340473654678870464984829953469293241669744e-36
28.799999999999997	2.1385100354239918167901341747820890830188537087934470749845424043781101036503229339523612584305087069056231173900267499436787660443578583483258007762285214053266036520259357385634916555583155823161e-17	4.003279891774140813290901273138139736507133690883318432193536496198443863879642101997156477687330260878496013093998228101882590509709067202218969556866863427376947380641902307223e-36
28.98	1.6829396198434113208366684926139791456623433797757707004848487326328620423006701071478107371337660269524760942557298575782036252253592259558062988818608949841044573111188750330242082442384783792723e-17	5.086957549943752974007848688308768360055223714473443431689672410517940752391219018010924810624029043300435179797447841172878980575010884863672187606278611697135683240705650581685e-36
29.16	1.3244201416511671938717447691359441548906062001773090066577545731832940351767308531093826038037470204590080014352433625193094978546199427048692872157070407695505759683348759344914617299519777048861e-17	6.463988927142135019214146724994908614858199293997276010937778381909815077117879079781640973204459885319077768807639248993930245954547036598992022671358264948025431189251943267539e-36
29.34	1.0422766752466773007388260421536632887990203422978254520902387328210331693186238763157762643395644289568920873701380707821117923885015393277707550362606986838449803076653410499536703455361761195488e-17	8.213783325994883314920825057076040270843235056401605001878522087078688668015024986864400782469891270446735365081012493800139721300212133891001858799149815296413820789964706018909e-36
29.52	8.202387094543249474371840210456934693757146719650670742917064480085622446423164461176601732934990771367488333649817456786043294481136637215561522938458660653371321672504917142082983853297245456162e-18	1.0437246653602198377779302144514126151164830665279328956532116081907308842511917644205076558623836463817745740755867968063323467652209011609923859554401333576366604277746463820905e-35
29.7	6.4550186765722819190556341669313765464431301935409801938625039358079566648820421123261681984920137696186662199735107840360522420265765054437503660775605660528592529151756033070570915350630076023356e-18	1.32626002887743417048766653910320698646581962735376937811176126050223009840537369385494003699336464385304174021604645949792301715332416782180754717455685749476728320733405189592159e-35
29.88	5.0798951128040146086423074374026885793267602335567540293512655868914567144635470605527730953604209720473750379252208492774660098545616460588421157423600499121804998384335682265451566941962680646881e-18	1.68527752186858945665224560443397378961959989105672422708639016965096725453588214712450483774390493884550719967352041128025169883085450340576319027862820496238890375121978487142237e-35
30.06	3.9977164513477685657537452724576047564111996403527251520267923288683441929268127004435223345632707348792203360745132679832453842300967018557605527332870779284095551800936959469058556466479615065255e-18	2.14148078229468686449383630729429215999588764976103253674071206488540475222952692481833593322052527777386015046766812302203822872081179914076146138271424034607249414013127157716468e-35
30.24	3.1460761434018963765631412803193454282000709058861168308393986666589197383764474021421888183881347811458236161907380715416366891228184985603402562885410164976952392288682396396978172161745416273206e-18	2.72117791232620095081166161036065378626722086448784514626452070318131574277512599141503092842327014469091179091249953191277782412259482952881431344453980001563216406566758885584077e-35
30.419999999999998	2.4758622129755251625968844191027100851546610684734106815144895922415233346092627688428698213228974053367480717208644862694012797764090018566457473891182314788301415403289964089385422650182162579757e-18	3.45779859979340392886083179561942591027835267072260459219314530381630939729741063240378767238316865713028752875136415115915035803908111651200254675450559005947770442577309945910812e-35
30.599999999999998	1.9484250915210604089063816662283366773547877114950348618660305299191799779833939563274680974096450708580663963592980041575971524863166677795827721037359778882143230617386858990966601406955071356113e-18	4.39382192430967939620617563546346892953401808738762556971602554647304719058787228019828351969307232969703640820984274925764591196102213478549707031450682309952421866106393697016003e-35
30.779999999999998	1.533348793552745696739545763322479475037462979132386799320946244664453177586008826090566394028185123990457683578393033296109635064924651416473880115479254524841579574753630627854791236004297437464e-18	5.58322601960410295333467593800731856961953904319876388246274333395563144729287097068626174166960567656085989005105001554165530253132649985247070565813974414120205318331067516933738e-35
30.959999999999997	1.2066969024989315135679616667584410233579821252790119902936978712014531327203795400301700468338452373957436987683967545755066269551113989828680400207131666045741256399301707088888287134282108136655e-18	7.0946008578527739869038656274675022773765880205994775729650541870034746923819003350291424944039432976390605305081340016258954389808870360264322671553466399945726554606560240281193e-35
31.14	9.496322171596157549484449479845654238001300209297289656125784259183913273259949892821032568671758727936244919710464011059581933347460696963622949366725923737325019474635323180942821042185280513514e-19	9.01510366245245842177091880312804245931731987899772668676297581946148148147689307098310851664465910109605298802955075206922357190022660334449618300512626184300550758700566925612151e-35
31.32	7.4733045721751666463642397819916997014095259540084268057889596311283152776877787276501896624150182203178811413205252651119389103610241997033249111809690604233766666444121750786847931790460300377403e-19	1.1455485047998026253946376214053989035754564900440011896438173613799674735468973487312875753271840815234419458523314075027185559515787489310483750172052882032608405698388761366509114e-34
31.5	5.8812538390435465677422868939085715105941695844910303968781660613262349824263855921352221271085479194564784112096877912259069891650531874967313480607545185032218270095500572125790636674404965022676e-19	1.4556475732416081271024994332497088436690152246361211422143272043037829382925054480804024828385805165055369353416383505575130147223240663102442661730535978351973127111418262638287663e-34
31.68	4.6283603705980097172651790150572878603777545566873253073015257581884830818086287800005337831966563057509836068132681303286130735556605829386016607356709606823027455123241319545508386738514359121628e-19	1.8496902127026496376753341377721171763908552533849934811133876706436346623300638792196663232490473383524399945298687989665546496914383069206670567537416343882299048082822925904696371e-34
31.86	3.6423729201944981742142099779676733200698578238374931013159349170771066211889521459271587441273665202911737187866530960041346317082761360725482524455224715478871202620437853172141936097222538603047e-19	2.3503998810394960285323391634499465320661291885887727621061736716512243890240562664415012030153896243981710875905077899379537064672427565910689345033784252080638164341516174275670134e-34
32.04	2.8664320466584675098992588529896759851245341117075774976390315919704314949507722933359881858950783641392453052668910262153165652115371613062441172263420155049877595021504546336313881522920481028261e-19	2.9866512580661165339183948823353524988633725844115181761592819225840979349919048513852350824115512053462957221570381451033940063601675808024167024044880952737110995750280467429859616e-34
32.22	2.2557911718912910200700443023757777279387645489951839907368388957568780854185341091270077673574098488349327729423757908412023339005486576905926385306163598230325457207283630131084891151184939124944e-19	3.7951353764408961100113538179688000731779929836907956928897693290709152650571403469329014410555084330700634077240587295928372224916471363760942033549640102949069818371354471288448295e-34
32.4	1.7752361571294506584153016980967020481724399250097994397235458180120964856812049942588829539372456710070373543952704653072614929722105348841762011836737008416093345990048513739838608664995951602846e-19	4.8224755021598095849601393512483602712668001236448042214855947152321753376845101609748035238424335017011765442595149253946067839400572339849073108873977353925934285894951324263863764e-34
32.58	1.3970545912445888440909359740811958356600714979354507184049933971227416919469389285690157265952597353801878050966120107849165467082303671224540789561584419037211152240771130898240899936255732773905e-19	6.1279157822152097152496084486563833808034549076245631945366062669964928196291459091447727526679304337435358439313367027357710497417619104039348381290609777687416018564903699353741768e-34
32.76	1.0994376849971191094546877328242867510579635094755186978260272116213365774887266008821507294283101938734488487546210605719199021316925344080868409669639627463534471185236354442976302679411348971017e-19	7.7867377070359819072045873975538419055836367904594615684886684456302621404549361763593337611887203854549091248697692942261681427646692088209492993882567661522269660071904697322113369e-34
32.94	8.652226124642545962416749985118131342776716701630859909945337957065185246982004503269715899702358654284688871398266727017671064256122552552799412243535074422770204095067222245088204761231168543985e-20	9.8946014065910351613489026970977634185410929796061258087625851749943604799822982297002476694696682450821393187802085205827240292275288884676411948806045292643056584467830281147156271e-34
33.12	6.8090277360415501799425793778989617707731969113226517358673106011226170682589771502872651657514227753805330402439580423995561408236221619245461763635085697077003143090848095342769721585827247345492e-20	1.257306213189265658682207095352937269726644683994212113541435110748294875711775533713710623190712119897463482668084076313438148704069772439221853889785028007637209194117699441011782907e-33
33.3	5.3584890226269406346352138638130848800522536154792086681718717213712889668083123635963282394089360048120134443195942398096439505752307960380345796595139520393681070241668674364507907383597438329464e-20	1.597658004365208399845004976329773153121640058804394457003900287366229372291238890074952012196323820574551116113628033798431329315207690801293975043981443614325810578048100653898316588e-33
33.48	4.2169610286102394591744496623317726621625718538252323061697917357111640198177880261496571119075739367331775195940311145798332990724238217465741426957823318446654533471437101003276335040370963194553e-20	2.030142754514481651670759363161384462119263299426325763085575702591639505482832478732406791620241484313344800399759361449637653644669614708715312648530797781018880244999844889145817577e-33
33.66	3.3186146769597607709463750198668118831677191424387605047694527884723616213226473205314437910223888245044707989849729671779470053895632936649034223865092780972302199564666734236114306152626578618544e-20	2.57970078229929113741858980343026273111305104284211586070660448915578247238528096454791573273887511476978863840948571104167340564891391154392517675646232418201641864669455217038610622e-33
33.839999999999996	2.6116445704413583132887675896104047740809891401783108388969972492081918354452971303749135246436212122203517131835784280669494051061763236174536622654466888294469488201473931769728515124121930825811e-20	3.278023730792822652072824502660336447762987589080381580070216879563387219553172052201972105149473047993619667428500275345502365468741040801674592735644542668525315416430924050540311723e-33
34.019999999999996	2.0552815033543979978088582757393653134215001500480102826356226934051604543713942181273065986661311309614408517827739030253030612139440558864709653759616463894488015013073574861226939055517006089229e-20	4.165382145623676726089874980161519926730192484651165827277106247980608115676722236103683574038374532315619734317252700963458021413298551449389467387046703891751447402748400121745092107e-33
34.199999999999996	1.6174414029535585306955300439219420600848254630670040325366887595207587343472135924900161502821010452924224868743699166131162643964111572186445023264636876990365791783861955358058049401115129672235e-20	5.292947777069367946872076193169667087850751074598409603179360324842541471953545511784343617622681202351762372682353600214381443514126479126923250720013847304937077421854341992333063967e-33
34.379999999999995	1.2728751208623470515267055789478871654741084292106613773573509140280822695049805651492037734353630221269471742695278200984635511782182509034719821737945147131803826644294207225889431767014368369463e-20	6.725744527478132435284910674743549775824538325507890740674842155784652256646052805861964021573668713586066618129817520190172423161346076294952586108807436642369686996755463848824695745e-33
34.56	1.0017123775561318487933044755289565812721246030894028662028734987528369416463567288519511633755982143161316918433882394514124724930628077070810729870239267128567048883045022614101971239654987911569e-20	8.546398217809055462233035814980704469647913958296569432229226817278525087842481013017793890106233968575485566673174085602039560951048560229334861585018116972258217951937132481340462296e-33
34.74	7.883158928185795287017860288369625722898317181433702266277226733789822932213760987929374566291732629212163693125817764293679167514840651038171053734459007087219982846010377331334534185008509205681e-21	1.0859901412990040124008276952829485648355852588624812371218162535928003449928878701735217292085000366809016684742012405117118071340740938837134864617453577509861014855275964304189501474e-32
34.92	6.2037962272811300285208549277513486229467641033818741349290745872530364503280033781577844507541136543121686210362298694708137392148566871778594639611520594554011910381436294997498675133941852448117e-21	1.37996680817076855082006233754285715200772340424716564043187356681855770201895261807506977233696326757803003158392612623491472626565191061416780718608498151570516220169432968428791909445e-32
35.1	4.8821910074677228770490058070900447911972045010291401949348126070564334461214304804711584805717643933619603055985512290131173298869659971638680693709817259317239615673248992090436966900744395736514e-21	1.75352272477831675034145040330989923376524054814548184693045285421941568339487219909769604811991274546429593022133741969314108180765183632205016399887973920187514967554997849907752843965e-32
35.28	3.8421295864911007331158987614523000499347976396012302909834039009810233057169369992631667980328348717072302184743035567161853399482843996521335401852613238366736149339337010812191750356654564787133e-21	2.2281999306851921925164907857929016465861010115441678483709252818517423932113901125805173904713659721637394391001940580719726411286114719876157428397500295417733407612905847414871293303e-32
35.46	3.0236342119369386270945627536858288426435002006743786385556208928555429007243920589061803670487160207492932548932832012247224690579608217708119014066536044269626805456201986525742650109608463462262e-21	2.83137187841872024347395229607899491604012474268796485576648239956129933950030431971789349824980134777614075600620590544438146812623551708209328375170532200314480701188661352211374003394e-32
35.64	2.3795042935928022058709872394914132252431194147048567025389168727663170660934688473138941894749602230984363798701721954968422093357254689851863662354164601160241561056752164063892076743366448302106e-21	3.59782199231787642624793893429784310019523382900300219680668373634450542916220374059029405757354335706119815133572143093737271845604130726628872037926751370482639174479702013534554256505e-32
35.82	1.8725944629391794349161329432756111020971928300556965583772146800415460546137539726151752885123122378007563641687203324112177811616767694505399669958798719574339207610881439344381897309054495090721e-21	4.5717495420048420704260733402262271167869583656947219364331277386262956164747739119766263024628044775001172383613668301994315884140000503325672885110812563572393113069061793961412929445e-32
36.	1.4736724922382300396414203444814072159209269896995487563978192033711221921987088665046624778466334363378498975651021297209238929334696892464883996041692254133799956952275316365247929465016103962357e-21	5.80931850420876459699754766065191493295470731745446014387447436759455621195839757496038412242524358779285780752445673767605927470611629246065136815795079140106191500953480450663493208215e-32
36.18	1.1597335447478420884182091806501831337898940230550697340735660531312920679569541143370201344254115827876855471742393659817373042266844650218575009208602052899924951300198716218574247087825424549006e-21	7.38189639945648064265622772772386849666065128729371360380028309352747677936179354504417351537690685219958555867542260797966714537592767523991808514015634508230972434438674070755356364913e-32
36.36	9.126735430683256543555317886272142476203482156866342038661346933446376495496491814708265212420943691585354743470979258984064384662665112060465900196004303538799503127381407371791716730996117482366e-22	9.38016987927751351976320732420265033490367995550670701980177162788056469692057616056769765433891889556913696453844893728012400332150524406758576719559807655405991706113830330344588945477e-32
36.54	7.1824515207758527035898681417679399861891178566804740438124809575947746391673495408585063772514781704430046156763121073811742815345095329591446287603465182470275403169424523489316954921520572846549e-22	1.1919374399589722401572713881375024423826230303037506524073089700306393882193553821761514737024786961311191548145282653359455717721980119054360444389821177401965312714415072409316547749624e-31
36.72	5.652361705902254486508441337520386632138771453622815598409257115276121492107986183599865198129608661808499648811833855340057860700944595437611339981171494834979511588012848857450759794411266635513e-22	1.5145939562507965149731191247793446721892762987491892049952668928914560951172103085502955099015165922384079788808855151034381485411699377828643318956925341883093204640676868735997588594527e-31
36.9	4.4482295163335921193642668868077196519308313620679258486737082770144356557984291713538363339309963709571789625681689095000370505490812180343047722144299649285780982985536081136254299056777616119473e-22	1.9245933346891104123075875549547477518308922317781804671015524216105697932006987546797102096376339855209687721443103576033374952127792876758263041321416416668830815141992101118564481691224e-31
37.08	3.500615646963968790532071429422490039808958978958889063226741261550653863346155246168412536453021038025816365917848100389826218642459225684799804263171460917706944526791165885801348483251531670712e-22	2.4455792185377025386798594775410146885017787851765003448104733845745592591122886587701519388837878054018430298373616276471378545638400498727600577385109892824934951837355665670259807714224e-31
37.26	2.754873565487568619969153396766705121868083572076218115553131336425434283326936766135669045998256019303345612791747885173248519507181917649485894058036507056660075095689604226455400293560472203102e-22	3.1075955664730590666771159956758320107702417738269123636301528825368325612537655844764614784069685192992399115650475073135789758053015475838009852682981007092223021018487539835779658608178e-31
37.44	2.1679981829494189615746655026417842952243743808081686122327924635977141009195974279543578689403139851510624527413016092285377393094129597012427320152030687239531750654886009986422302683323668958018e-22	3.9488192128723440750136823755683876093497616327903526940205613746719187335313856671381016608261082408398589021348880974220351391802124857672604460760189465706094568281514534663680296787541e-31
37.62	1.7061458573472206188413330268114246622307811120594506328919699576621111970445678436363940650581024526487695402709002463070814448579604235649058136213037677981937516740528050318352733333764376034281e-22	5.0177614307923302949130086804336669194798621417338178246994087042704854401828095011202907070161479736844996499500468883790862306133000626933289824175138661161840496810345559924660340623411e-31
37.8	1.3426827150671079578698322941092020522202370682449613665748224567819892364408771633918036486470263300121522729614648731655684766787779636563140021007507078770651812244905135373751215401880020857319e-22	6.3760654562944247459258635695518140999378455774097297471120058475088788869563479618572393380296660090450640035480379715040850074248847548168932723681213155573906067071068367818966556412559e-31
37.98	1.0566487417101821589169807128961448425960222563184430659224548996560701395954604444268049194621772609739703370522402450853715289458902354072137720815740198209302795050316042638785114588584470156991e-22	8.102061300377830482134780869608621491079549798784711189992768267144077639629348068108721266590218488382437886822610401100276072167745409712515226508172503342237719544068483317312746608438e-31
38.16	8.315490702521687632895141057093131907318005820191483412253752202517060398013513450085979579569123842156944668594453840175414203645479841332491685877441335609466386919488193828509757929709519390204e-23	1.02952828456736149633718019409799402204229474073552315543061879569565136204968057196778874222617522934938379055178850963703619154710610438449540653579460306189042740788814204695221104057933e-30
38.339999999999996	6.5440276313403673864095628476096658554729574855469719078847792142156908526865929150958592174381569627848504050261000393516565799501893530845488826472585761133499239991779544154258961151636944480503e-23	1.30822077176185460765635940539147022580637586321518984028176262901949385967778222629817693429207669284417287872574831083760197023690943781256815211062592827284094732629078148659644629398915e-30
38.519999999999996	5.149942339152597863775199225382982675211673760119463477531054499645574453136659904969741119809952898232280801332527818217840976653936513669184090751824741828900960487381772817759943874351773065084e-23	1.662355093418711955242270801320592340796690621567902460256398039018956312645721382735572402791214750854992127361341846608934172118396491730952222935410168612958077988945082343351504237728853e-30
38.699999999999996	4.0528413984040948933624256928749463505445289506615941397575144632414838472214580216058234238279259472639750216444401548895551228204125157191918012488867025853235078603341196147201019034552819220857e-23	2.112353294080077300405650288811801851847774722853610028346046691101711626495134993296879375575419981889788261052557750916934946672499733416431394005174491059836105285294693945745961327253698e-30
38.879999999999995	3.189457729602621671819829699011608970122783377387646205920492782807971507949902707342446554951410670125282405573617806626374023415870370636349584642163208322413585397157956134389941004507341259514e-23	2.684165649491026817148802200812941898795253051800108092724606025647020218412441118572828423921729571419541104676114701289261362414797259288102984805532354575325440126074808541665107849067383e-30
39.059999999999995	2.5100021463775106970965133601636992501999367671168634580483835077060714344072699201922060574179295777786096685904647512789462822416614977453518144849814004023708773730749401744785353876352875220743e-23	3.410767154386088601835392501465669340435500577554371348110564996269197996113788533937688656433439927643714567605624500476636192094344748794383363511588324462282075577398280248727337719736351e-30
39.24	1.9752921370758059624579325884874863403176831627352023168994047044217389649864213109588272308993996605075607845376778968260129551662466977638335728754436524746810781491680193520446889839523115039525e-23	4.33405910832846557682761112038262348657763025567873588220545033346020380941133223690012511663865802013755080008819344910146397284959182430262768528804275495462828474522354311837749898881161e-30
39.42	1.5544923068789548109678978789882868608843158008332797876270413861912139691212693210811888623359765200143193255001547786415452027408918990365164096342407709736901913356972097003259797184776895910828e-23	5.507285459322396761604935311550245853118922686138155269762838787806651069673423584913220106413564235000943452849283485959663040051480065085830358828594780472880612463190109929692462635892577e-30
39.6	1.2233361773631757449660223238529064796832717856346520802356165584352535455613676796935250940331341572820652425458421738039876597530105017290151644144445636757759433862960384268836883248253878469689e-23	6.998103249718131591046402791829970143293848382407568588117764143755127500078349979783442808931889897166316236196115825670749474317325534048448015547121973130374695724435422848195075843992577e-30
39.78	9.627267991118342867221283047678885597580296064296235239388135988666138154879510540884409907019007119400377076407196375533235241910257680455735536579290587705775763956216097886067289870621584075092e-24	8.892484229379504536113704183175055549183052284823549417626251920329646996420577354796484450632760070893749150092720976845745432744772912199030148169076604991065625920470634410715927616895546e-30
39.96	7.576354781936309086653717195887825051073487024716008884210223900592951616231810994676290747408332078293626647801433790404445001620512601377909842451875731306327529046141094068439853614118082639367e-24	1.1299672632430540574289737218483110242947794630650784744529685734920373482484931257834314675659679141071753763888092349886912388004278401996136622369894017175753916057772340108439797788446838e-29
40.14	5.9623510880474850893825570877900846052186835367573249926129513592437689718741392757056897536943954747342647143573577647261232480276776821975292635988196141140822813706998116529824826632193955968921e-24	1.43584850202212972983868447796445129723014279301946970535735210361136970894002959009374650884413185281829335272200939341148785317271624373796420684052198953128404098045720638616949051145291583e-29
40.32	4.6921813352641751469023727083962917001157831904283733446828963334376830154379391361404277018747315895975975894720202239582458009032864096768576460470964676678200773391855615294355509308917618441845e-24	1.82453154867702931590545406531406663315550804713319022394402129442956494054643433272095088435036237035736770996349086193814654726436556796897445233029812670994748240882174175642969398494571678e-29
40.5	3.6925979966421853664042025426746756931593825835194952762637662338718298321942395928529174984907605151502099913748750416654342143992964909194780587271912961913177678342083792177790835844577105079093e-24	2.31843078669485755334920496532075270890052000167095940550576832882814158003546338812485140742933884731103890593295000358299477586267921312296688797157393016413815915440885379732151811524904164e-29
40.68	2.9059575899869178941855432620856280273337188299631210318532634567255685957497820122450903212835817931144754674754124501965558186532514554021803713171061066682796862913154504796490328388317581445494e-24	2.9460281553322796570130205042510655461566400088581525239197491622083307794483943774720080893423929381692330079734450591429385802950355165089535263163060263664024996700382681472533063642067846e-29
40.86	2.2868965217663960758623870367133856579649264247002918180444534593821469581957135317452547948763591241422468695047595168502057436223612462186543964272623359657648003640648068404667285639504402037361e-24	3.7435156321329595913285988715891994644046246731971908140411279209351163402160610299489061783239405365409519935755378497072175986904937579465549726486450307169713871542534368645597224822033651e-29
41.04	1.7997150816267709343674791846701839929421570120576834184889778757370867016712952978064438467895861252602095636862220556824948334998033661696065891875381885302403588111961630332036564924005811907578e-24	4.7568823341551590876425920135074483408799225309009576194527183108683511648039299869797782651383955602862387654459875969476670855522385422128898624274176841871554400218555873238882557991994142e-29
41.22	1.4163187289878227293666855856225346646600914249942624333587626442812938391465309422382358193811241147477298236533964309606298575989081251885192912099967125494011601151851533208293518438178131386264e-24	6.0445665958404501989310339630011016279713627637259278119255716236680265609772610036895799566673147560081882469813155695732622496998220124749786531595226522020027206061861001323245303015320086e-29
41.4	1.1145979508425778696768826645773598467817146274201622744586039984633527661836159891352659319920936816791814231693689180791503536655662365558767191204037267446917867463109780240535272149335899579234e-24	7.68082596225060598093433602064251742222554144907164978858520052179771213164881839561678067793884517644568232716521110782827175759998476932624217415564302461204900664816167746635603212999834572e-29
41.58	8.771532611944687246120841202439379533117337633492265065525426684552867741352127809571879566734651649530859617412406678030500711891223898282774579909903225158580564163626985835537111491788679099612e-25	9.76001943679142094322918876130695041236973483309657020471428894361073395905079650901120045255837706291300548257961419298300830743757425485411445142108295070471209672540516516775903504051502431e-29
41.76	6.9029181602430478644669482307193576799203020000037135639990281180376767601421630466650621771420287297965702042132273916418466970464034722975772198190601324135440735371777214901934516099525989845176e-25	1.2402048929986977621207035230632706477793270914493724131498209464579812921867178717048422298063335316955523491809546333644574762421067491087903028187641568935223296855487069127781992952757323093e-28
41.94	5.4323778107061029087624047423865895517851766598328718711965462474908490885957410022014075221293154153737016894927406269202925771869669539389792994054440960869909211507097398266121752914850010923314e-25	1.5759273704106066011991792985340750608276695032251262105052889529201568733938169293029236542726683281521004636101359308678806337351891700960478314059688154864972470108445859247281479055056178831e-28
42.12	4.2751091629938975684371312579036295844407583078755280867112226974837975970751590518499197587985364837719307247770440230996794793028690013554697618708409924758329451899221901773112480444870760805349e-25	2.0025296552445524276809918280073134373090847911935718051830462651658238697589768606867981754118215472482475037634523012963362024855023409034883537833380299906300341459543093807934467615202085411e-28
42.3	3.3643754157700581910693860925830613168697491362898903087255886566238567671149590179951692736909573998885206279443375546456682247086878768759077169884542439884443346989033794385520693642637466510792e-25	2.544612839035234963348984650753153815234780527643290134796813885999552948597090285758799996837418931952383680011757877794899527112951137562951382403900721185441989735801215412723573959790006678e-28
42.48	2.6476568215421050436589385284802825550679576198142970672791218372758522110542325030758733486037288670725135585424428895394142749207141891004655871366049558622985638636551141238315942338764370644604e-25	3.2334375092149202697360279170358981801274892144293616033676512597917649633155308984438955338741172623645179278993439450768400156313492647937878984319196407081857051928186554137247731662958467199e-28
42.66	2.0836220035967454849018330948126222034308399687752085774531612885397236955957892237955238141292949417377300298233729195046434737162731873078536862429835844130156653411035216766979233890830747437259e-25	4.1087264693523841713608899822904721909939404569091924525745609357215990274943140334570902575729940848503020366883841614674682473768461774221099349922765505475438686200713791425001737539695820758e-28
42.839999999999996	1.6397444784191698318132994884567907912871826040131696501822868027654004517102278228715478217891787610755494608726172442957583773498657955580880877069278527139792801192614148192915845334989946648998e-25	5.2209554543256890111294098257607158647329419461472384002276079524091125823708205764788595670983876969529331797618820364051456183601433479926249720322412419042491422822974186329183518788009809017e-28
43.019999999999996	1.2904269343790851068342089190355313600696149981955303376077063579433395336848623293567909115284940414780786387520928903700714185813132268503272679002172369918597068368608592286497286872791086383886e-25	6.6342639402689700327317839938908191382709745104890504486755947111160884585643424016831877382389784895540733609341444734690778390412988141685590387663114132303569150129818906339588947697094545406e-28
43.199999999999996	1.0155250985058210610269836394836948551901425837939941686045634595310014295079653588798242893656357585137988595527844967904887734400633720930291638209259282704391008486906487686245894317109771689558e-25	8.4301539084550004835465686717392990997867072810723762553377805575123255953648444592582786819386578338142246965858901399288835210121241799443274857161095920693490104727514260786244708211453129847e-28
43.379999999999995	7.99186066424972833079843338100070607602497794434892405254721757577233522470378750403809698100127219343772872634816364790864339778931105523204824733952100055449929743245707941418795500195625234825e-26	1.07121898616167903949149879393666221741064114402827967570646139454479117253963962468671528197594887590927832453673401429626826633803156611488387536999577716187284377880705277467703073720598210518e-27
43.559999999999995	6.2893410483656305775322624551310967740784331162943842480904117194757753623449075840028682129814431927341556359692157233103472469911581137793929247373255533080160259754335309209831349242626571935025e-26	1.36119711309465333078612713781448909859327822836410316363041062009554080041745966547712065488534106738992085349748878303075955413469944682919480869318692636870831665121661438700775728166497027404e-27
43.739999999999995	4.9495120703997368535554927378056772355014476057132549713589770225896248697887556145541186906540222676294301838187721348298706889732272057776735105983692617322835413365423092472011548562936619306434e-26	1.72967208818455979864405165218608248442926298753358527434368765335015502839211300779241611632221317742928543684738219403236424158002579938932768079589753595835115223634619910803402930209031634417e-27
43.92	3.8951091293417355577058937451489357343345955702676924618086784651208717965389322701588333890709612899944942983032401753224195932022419438120753408451332866435088794987899492051582356588264639577532e-26	2.197892945749068541089840767854301738208956766029792754263066963942333698285836580422986791369538150883163624538761596603699792365274846028781486206897988436650164331849269825065441179378844131354e-27
44.1	3.0653274330243241287763079465199998007650502627926109045276032377436345838121436243812964328059544009567826907429567437539876884304396414791503710876110852850716967937470863342049870050704627763915e-26	2.792860816782786703059995382063461392802888125338237964496202400813747350522791497917839929171058023140291834321565081359984275520076886333382974398091711336461446747645633010869438406794827914779e-27
44.28	2.4123155371617107603738526028627304511110154662924203496260670649243296837120979378171304175432679263654035673319812463510607719033247711447550542575339368097807357240716250661332166735533821197782e-26	3.548886016949408610038785305249124594467625403184186235168583275865616963366369201814195556609076241586489568762244971984262884695605681616866238201316278212568359395603490273758228966326271763783e-27
44.46	1.8984158717068499926192462879332600692303114726252145717432674816044575212259590592112436882423897210240082296371329483761098716067019176491072732479707431821216134566369662223913481881369948729291e-26	4.509566637053999663449684160996352802535857118882050324756907015691927862422679686517335317621403306724520661914207711209449626518353729101536231617051553433524991965405514329240586720106226015358e-27
44.64	1.493993122553471480819562746479705227440140417726506478372557512180838732178382063037127716903121566812883795880445550557839315428021011484183938572506005225663299090285581186279533785924173625717e-26	5.730302736381297509206209559444081014187077720589848262514129385667479366032871624093268513253801142878679886771186500350786636952425852197651497222704583209734190912390867056590617522577669428871e-27
44.82	1.1757252367629467002666791038337845215701709106950869670242815885714769330265779377883261711824994043687164609671265865421215977584803703525838275820010207415862909709838151852312035104711478387764e-26	7.281491126169556133867819748089111732639686176865672963501404455461407121995416981158697216131203609958788907501857178145371814330646908230883619174980567114061305548841438973196893039202703277194e-27
45.	9.252584978427918653383723913113764989123469392914373214196049822314358151704516188918813864156814244003741525220858148928357424732274782812528661847361508070137130663721143297153113632248390167067e-27	9.252584978427918653383723913113764989123469392914373214196049822314358151704516188918813864156814244003741525220858148928357424732274782812528661847361523597288969215816637309975298555002717968602e-27
45.18	7.281491126169556133867819748089111732639686176865672963501404455461407121995416981158697216131203609958788907501857178145371814330646908230885709513615061069435610196490627408594349768408184415896e-27	1.1757252367629467002666791038337845215701709106950869670242815885714769330265779377883261711824994043687164609671265865421215977584803703525840366158644733324787501207241896775923596654338557740162e-26
45.36	5.730302736381297509206209559444081014187077720589848262514129385667479366032871624093268513253801142878679886771186500350786636952425852197655798960806238628950916109407219174710278763712690066328e-27	1.4939931225534714808195627464797052274401404177265064783725575121808387321783820630371277169031215668128837958804455505578393154280210114841843687463161742379219213746245283019443104807718265680487e-26
45.54	4.509566637053999663449684160996352802535857118882050324756907015691927862422679686517335317621403306724520661914207711209449626518353729101542993887458391669443835994379881724143800253628727590188e-27	1.8984158717068499926192462879332600692303114726252145717432674816044575212259590592112436882423897210240082296371329483761098716067019176491079494750114309520150582014854471214985317468991776435745e-26
45.72	3.548886016949408610038785305249124594467625403184186235168583275865616963366369201814195556609076241586489568762244971984262884695605681616875852637265402914288410786962185493294257497570614301417e-27	2.4123155371617107603738526028627304511110154662924203496260670649243296837120979378171304175432679263654035673319812463510607719033247711447560157011288539307668345483285118750137645519661465987813e-26
45.9	2.792860816782786703059995382063461392802888125338237964496202400813747350522791497917839929171058023140291834321565081359984275520076886333395997814446644342827039763530467713477367481390144005644e-27	3.0653274330243241287763079465199998007650502627926109045276032377436345838121436243812964328059544009567826907429567437539876884304396414791516734292465842103842686251740977337063427445673575376157e-26
46.08	2.197892945749068541089840767854301738208956766029792754263066963942333698285836580422986791369538150883163624538761596603699792365274846028798672847780655620457835294040374531202205255424410434148e-27	3.8951091293417355577058937451489357343345955702676924618086784651208717965389322701588333890709612899944942983032401753224195932022419438120770595092215602861776503444809212477790390689102008773703e-26
46.26	1.72967208818455979864405165218608248442926298753358527434368765335015502839211300779241611632221317742928543684738219403236424158002579938935002601632908678359745615439806512425511548847700368375e-27	4.9495120703997368535554927378056772355014476057132549713589770225896248697887556145541186906540222676294301838187721348298706889732272057776757451204124254397245653916141234516498938803821269644037e-26
46.44	1.361197113094653330786127137814489098593278228364103163630410620095540800417459665477120654885341067389920853497488783030759554134699446829223606604536014980131144160554479143886056839357371010427e-27	6.2893410483656305775322624551310967740784331162943842480904117194757753623449075840028682129814431927341556359692157233103472469911581137793958045284604729942104653867245958085659409358761668563865e-26
46.62	1.07121898616167903949149879393666221741064114402827967570646139454479117253963962468671528197594887590927832453673401429626826633803156611492079378773929761764182674119936021439561539543639564143e-27	7.991860664249728330798433381000706076024977944348924052547217575772335224703787504038096981001272193437728726348163647908643397789311055232051939181295366252191162497667705117667391921461834948622e-26
46.8	8.4301539084550004835465686717392990997867072810723762553377805575123255953648444592582786819386578338142246965858901399288835210121241799447992560596630518199408984586769762210659009176410762928e-28	1.0155250985058210610269836394836948551901425837939941686045634595310014295079653588798242893656357585137988595527844967904887734400633720930296355912694834571729566602447302587404841244961379427244e-25
46.98	6.6342639402689700327317839938908191382709745104890504486755947111160884585643424016831877382389784895540733609341444734690778390412988141691607176005427177511659322306233321685914514216252952683e-28	1.2904269343790851068342089190355313600696149981955303376077063579433395336848623293567909115284940414780786387520928903700714185813132268503278695790514704851528497027599575649209365920071042220662e-25
47.16	5.2209554543256890111294098257607158647329419461472384002276079524091125823708205764788595670983876969529331797618820364051456183601433479933914052617608414379877204385131213622340379464002235845e-28	1.6397444784191698318132994884567907912871826040131696501822868027654004517102278228715478217891787610755494608726172442957583773498657955580888541401573750908359896397247513599002206550962917618715e-25
47.339999999999996	4.1087264693523841713608899822904721909939404569091924525745609357215990274943140334570902575729940848503020366883841614674682473768461774230855101834847819197381159885898849978524797507676739508e-28	2.0836220035967454849018330948126222034308399687752085774531612885397236955957892237955238141292949417377300298233729195046434737162731873078546618181747961711086269590196291998387340842195704179772e-25
47.519999999999996	3.2334375092149202697360279170358981801274892144293616033676512597917649633155308984438955338741172623645179278993439450768400156313492647950291154949331611116594376432027178314908459791589050261e-28	2.6476568215421050436589385284802825550679576198142970672791218372758522110542325030758733486037288670725135585424428895394142749207141891004668283536679738630687292262350411731757506697769571338319e-25
47.699999999999996	2.5446128390352349633489846507531538152347805276432901347968138859995529485970902857587999968374189319523836800117578777948995271129511375645301257543212354208885533304371979577801345292471885945e-28	3.3643754157700581910693860925830613168697491362898903087255886566238567671149590179951692736909573998885206279443375546456682247086878768759092957318046701961704134527856236266640540118439584251959e-25
47.879999999999995	2.0025296552445524276809918280073134373090847911935718051830462651658238697589768606867981754118215472482475037634523012963362024855023409054960554893442687967656083197833704506038456776939374639e-28	4.2751091629938975684371312579036295844407583078755280867112226974837975970751590518499197587985364837719307247770440230996794793028690013554717695725470059509890874080423528773207910684956416939133e-25
48.059999999999995	1.5759273704106066011991792985340750608276695032251262105052889529201568733938169293029236542726683281521004636101359308678806337351891700986007664271463385880311332322418249836550314535868872888e-28	5.4323778107061029087624047423865895517851766598328718711965462474908490885957410022014075221293154153737016894927406269202925771869669539389818523404652828083911371259829719542652402181615748190548e-25
48.239999999999995	1.2402048929986977621207035230632706477793270914493724131498209464579812921867178717048422298063335316955523491809546333644574762421067491120363230075689058425698480154135655786841256136070234304e-28	6.9029181602430478644669482307193576799203020000037135639990281180376767601421630466650621771420287297965702042132273916418466970464034722975804658392489488554549771210958655509912906771968775012541e-25
48.42	9.76001943679142094322918876130695041236973483309657020471428894361073395905079650901120045255837706291300548257961419298300830743757425489538542004020422255478025604431325269313450783455087275e-29	8.771532611944687246120841202439379533117337633492265065525426684552867741352127809571879566734651649530859617412406678030500711891223898282778707006765152150582169461429196145540082942148239241163e-25
48.6	7.6808259622506059809343360206425174222255414490716497885852005217977121316488183956167806779388451764456823271652111078282717575999847693787140953556031124976138130893868732113483850858294987e-29	1.1145979508425778696768826645773598467817146274201622744586039984633527661836159891352659319920936816791814231693689180791503536655662365558772438396157282353265587004202185328924534822711578150262e-24
48.78	6.04456659584045019893103396300110162797136276372592781192557162366802656097726100368957995666731475600818824698131556957326224969982201254169040990717354277922287792181896510410201485273044425e-29	1.4163187289878227293666855856225346646600914249942624333587626442812938391465309422382358193811241147477298236533964309606298575989081251885199583275641914607812979792921474025950810117383235116597e-24
48.96	4.756882334155159087642592013507448340879922530900957619452718310868351164803929986979778265138395560286238765445987596947667085552238542297705030071880834508889797669490244695486011709912984e-29	1.7997150816267709343674791846701839929421570120576834184889778757370867016712952978064438467895861252602095636862220556824948334998033661696074373392146362160743960562231425811199981804060367249119e-24
49.14	3.74351563213295959132859887158919946440462467319719081404112792093511634021606102994890617832394053654095199357553784970721759869049375805438557580024957156335479986735111269981749266973275768e-29	2.2868965217663960758623870367133856579649264247002918180444534593821469581957135317452547948763591241422468695047595168502057436223612462186554747332938558942504575842954607858388095718440254610683e-24
49.32	2.946028155332279657013020504251065546156640008858152523919749162208330779448394377472008089342392938169233007973445059142938580295035516646044516098035357220446243080400196240881818049532018e-29	2.9059575899869178941855432620856280273337188299631210318532634567255685957497820122450903212835817931144754674754124501965558186532514554021817422270039288982981113118719255630628450679174132220074e-24
49.5	2.31843078669485755334920496532075270890052000167095940550576832882814158003546338812485140742933884731103890593295000358299477586267921329725781498934133159160305950365194149316818124079450479e-29	3.692597996642185366404202542674675693159382583519495276263766233871829832194239592852917498490760515150209991374875041665434214399296490919479801636461480141581504031448405922795557899949503039327e-24
49.68	1.82453154867702931590545406531406663315550804713319022394402129442956494054643433272095088435036237035736770996349086193814654726436556819055928145672082182812527131368045447758039050104576361e-29	4.6921813352641751469023727083962917001157831904283733446828963334376830154379391361404277018747315895975975894720202239582458009032864096768598618953877398740458942742050357678411696736171858498803e-24
49.86	1.43584850202212972983868447796445129723014279301946970535735210361136970894002959009374650884413185281829335272200939341148785317271624401967590373696795056858959748088962647904943088332581788e-29	5.9623510880474850893825570877900846052186835367573249926129513592437689718741392757056897536943954747342647143573577647261232480276776821975320807157885887181078426579744490659018584223197477172068e-24
50.04	1.129967263243054057428973721848311024294779463065078474452968573492037348248493125783431467565967914107175376388809234988691238800427840557767407626481793165980275093686421017404732509725882e-29	7.576354781936309086653717195887825051073487024716008884210223900592951616231810994676290747408332078293626647801433790404445001620512601377913423989329639127306079219669611491845083575115529413133e-24
50.22	8.892484229379504536113704183175055549183052284823549417626251920329646996420577354796484450632760070893749150092720976845745432744772916752410893609595887879319458617563306066046732845570115e-30	9.627267991118342867221283047678885597580296064296235239388135988666138154879510540884409907019007119400377076407196375533235241910257680455740089960036044621698093612670934294512248050979991401727e-24
50.4	6.998103249718131591046402791829970143293848382407568588117764143755127500078349979783442808931889897166316236196115825670749474317325539837378638312327968310175509188775230073834648582149162e-30	1.2233361773631757449660223238529064796832717856346520802356165584352535455613676796935250940331341572820652425458421738039876597530105017290157433075068422809571944843626457750243215151379833655646e-23
50.58	5.507285459322396761604935311550245853118922686138155269762838787806651069673423584913220106413564235000943452849283485959663040051480072445573648301972647932246471351718484388352311154877121e-30	1.5544923068789548109678978789882868608843158008332797876270413861912139691212693210811888623359765200143193255001547786415452027408918990365171456085697209617038841871086850204212607599746143437217e-23
50.76	4.334059108328465576827611120382623486577630255678735882205450333460203809411332236900125116638658020137550800088193449101463972849591833659419197769384912555551819879471678251293947512550152e-30	1.9752921370758059624579325884874863403176831627352023168994047044217389649864213109588272308993996605075607845376778968260129551662466977638345085545949039782554607234675838705126598173923790825046e-23
50.94	3.410767154386088601835392501465669340435500577554371348110564996269197996113788533937688656433439927643714567605624500476636192094344760690116624174248216179386303425651346543317653261456016e-30	2.5100021463775106970965133601636992501999367671168634580483835077060714344072699201922060574179295777786096685904647512789462822416614977453530040583074709519849313619894620994686744175007229556177e-23
51.12	2.684165649491026817148802200812941898795253051800108092724606025647020218412441118572828423921729571419541104676114701289261362414797274411712958433492387632144483632308627640801506877367284e-30	3.1894577296026216718198296990116089701227833773876462059204927828079715079499027073424465549514106701252824055736178066263740234158703706363510970031605765643918538612156927033370151586859844182095e-23
51.3	2.112353294080077300405650288811801851847774722853610028346046691101711626495134993296879375575419981889788261052557750916934946672499752643793781261855229130213726037997136770226914771860803e-30	4.0528413984040948933624256928749463505445289506615941397575144632414838472214580216058234238279259472639750216444401548895551228204125157191937239851254351771230558102526579043522346680108524345591e-23
51.48	1.662355093418711955242270801320592340796690621567902460256398039018956312645721382735572402791214750854992127361341846608934172118396516175609328350902383228317971156548251367482680207266826e-30	5.1499423391525978637751992253829826752116737601194634775310544996455744531366599049697411198099528982322808013325278182178409766539365136691865352175352921805827766084891230774615262171916416822795e-23
51.66	1.308220771761854607656359405391470225806375863215189840281762629019493859677782226298176934292076692844172878725748310837601970236909468890219085025737122948813200135483686501232805712090748e-30	6.5440276313403673864095628476096658554729574855469719078847792142156908526865929150958592174381569627848504050261000393516565799501893530845519904123518788154540955012343497565685195773609036641142e-23
51.839999999999996	1.02952828456736149633718019409799402204229474073552315543061879569565136204968057196778874222617522934938379055178850963703619154710614389498553014792425393589486856265333341432085456669966e-30	8.315490702521687632895141057093131907318005820191483412253752202517060398013513450085979579569123842156944668594453840175414203645479841332495636926453711050060360386707630558204516087474347895397e-23
52.019999999999996	8.1020613003778304821347808696086214910795497987847111899927682671440776396293480681087212665902184883824378868226104011002760721677459120280952580602729494859456714587355881269388266820102e-31	1.0566487417101821589169807128961448425960222563184430659224548996560701395954604444268049194621772609739703370522402450853715289458902354072142743971540531818565764634253332299057207194988816339794e-22
52.199999999999996	6.3760654562944247459258635695518140999378455774097297471120058475088788869563479618572393380296660090450640035480379715040850074248853934344875266389593206625319591862186333859609042057406e-31	1.3426827150671079578698322941092020522202370682449613665748224567819892364408771633918036486470263300121522729614648731655684766787779636563146407183449644475491711817553549152120636859311662442091e-22
52.379999999999995	5.0177614307923302949130086804336669194798621417338178246994087042704854401828095011202907070161479736844996499500468883790862306133008745981303993746290391761967163177589825408493162315595e-31	1.7061458573472206188413330268114246622307811120594506328919699576621111970445678436363940650581024526487695402709002463070814448579604235649066255261051876789577981991534645919999226522691290861023e-22
52.559999999999995	3.9488192128723440750136823755683876093497616327903526940205613746719187335313856671381016608261082408398589021348880974220351391802135179802969451852714567893476969130386265378174492223568e-31	2.1679981829494189615746655026417842952243743808081686122327924635977141009195974279543578689403139851510624527413016092285377393094129597012437642282395715501789915906238532379220947734298852029283e-22
52.739999999999995	3.1075955664730590666771159956758320107702417738269123636301528825368325612537655844764614784069685192992399115650475073135789758053028598851328930057320809656669122187573796704044236092801e-31	2.7548735654875686199691533967667051218680835720762181155531313364254342833269367661356690459982560193033456127917478851732485195071819176494872063593684195196582927741915295804955504802229486051473e-22
52.919999999999995	2.4455792185377025386798594775410146885017787851765003448104733845745592591122886587701519388837878054018430298373616276471378545638417182636100035250674440046803465408826552443056159030937e-31	3.5006156469639687905320714294224900398089589789588890632267412615506538633461552461684125364530210380258163659178481003898262186424592256848014726540214127120970580348488718690012877325503165640148e-22
53.1	1.9245933346891104123075875549547477518308922317781804671015524216105697932006987546797102096376339855209687721443103576033374952127814087801489671004062894134629418149545106438410468495457e-31	4.4482295163335921193642668868077196519308313620679258486737082770144356557984291713538363339309963709571789625681689095000370505490812180343068933187526355348862318176286625347934011820361802103662e-22
53.28	1.5145939562507965149731191247793446721892762987491892049952668928914560951172103085502955099015165922384079788808855151034381485411726344432705722997763809853984011173103587380229626949424e-31	5.6523617059022544865084413375203866321387714536228155984092571152761214921079861835998651981296086618084996488118338553400578607009445954376140366415777449496697045212532241274287474494787520357177e-22
53.46	1.191937439958972240157271388137502442382623030303750652407308970030639388219355382176151473702478696131119154814528265335945571772201440297556342421407630935263454927556679365671829235189e-31	7.182451520775852703589868141767939986189117856680474043812480957594774639167349540858506377251478170443004615676312107381174281534509532959148057152466828575006306447294809912150499538988322696583e-22
53.64	9.38016987927751351976320732420265033490367995550670701980177162788056469692057616056769765433891889556913696453844893728012400332154883084070293254703250392184815726362769673121620222278e-32	9.126735430683256543555317886272142476203482156866342038661346933446376495496491814708265212420943691585354743470979258984064384662665112060470258873316035769427405259219050828582833376615794469246e-22
53.82	7.38189639945648064265622772772386849666065128729371360380028309352747677936179354504417351537690685219958555867542260797966714537598308916936552621178569070895686749343734608783480496554e-32	1.1597335447478420884182091806501831337898940230550697340735660531312920679569541143370201344254115827876855471742393659817373042266844650218580550601546816961492611321243322163203329911845004709758e-21
54.	5.80931850420876459699754766065191493295470731745446014387447436759455621195839757496038412242524358779285780752445673767605927470618674281421408639746992732453155412244664012931342997074e-32	1.4736724922382300396414203444814072159209269896995487563978192033711221921987088665046624778466334363378498975651021297209238929334696892464891041077048551326701668582172455222070626901458441035534e-21
54.18	4.57174954200484207042607334022622711678695836569472193643312773862629561647477391197662630246280447750011723836136683019943158841408961720440906703411431939143724959795867426278680809772e-32	1.8725944629391794349161329432756111020971928300556965583772146800415460546137539726151752885123122378007563641687203324112177811616767694505408626645982929679278768140942324612482631915637388427213e-21
54.36	3.5978219923178764262479389342978431001952338290030021968066837363445054291622037405902940575735433570611981513357214309373727184561551778734012328735787542742515777282743886789526635695e-32	2.3795042935928022058709872394914132252431194147048567025389168727663170660934688473138941894749602230984363798701721954968422093357254689851875049414875893413566181703310838323419304161871916989386e-21
54.54	2.83137187841872024347395229607899491604012474268796485576648239956129933950030431971789349824980134777614075600620590544438146812638028617916562615915980662016312521874863515570919637431e-32	3.0236342119369386270945627536858288426435002006743786385556208928555429007243920589061803670487160207492932548932832012247224690579608217708133490976243330639049271773984550849795736783333134755274e-21
54.72	2.22819993068519219251649078579290164658610101154416784837092528185174239321139011258051739047136597216373943910019405807197264112879552379868924910179055061011935721763670465773865428211e-32	3.8421295864911007331158987614523000499347976396012302909834039009810233057169369992631667980328348717072302184743035567161853399482843996521353807033720655261008462467282737301215105032050264184054e-21
54.9	1.75352272477831675034145040330989923376524054814548184693045285421941568339487219909769604811991274546429593022133741969314108180788583010832394515584738201023976457451900600625744306154e-32	4.8821910074677228770490058070900447911972045010291401949348126070564334461214304804711584805717643933619603055985512290131173298869659971638704093088444721662060696752964295495413409096404801184611e-21
55.08	1.37996680817076855082006233754285715200772340424716564043187356681855770201895261807506977233696326757803003158392612623491472626594939799935213001686937765183049020814124150228715224396e-32	6.2037962272811300285208549277513486229467641033818741349290745872530364503280033781577844507541136543121686210362298694708137392148566871778624388350039133845553915583211565321220051638669523969219e-21
55.26	1.0859901412990040124008276952829485648355852588624812371218162535928003449928878701735217292085000366809016684742012405117118071344523036889953056785954652771071656236054931494685798571e-32	7.883158928185795287017860288369625722898317181433702266277226733789822932213760987929374566291732629212163693125817764293679167514840651038174835832511838855847234971901927953602988866826966299036e-21
55.44	8.546398217809055462233035814980704469647913958296569432229226817278525087842481013017793890106233968575485566673174085602039560955856920648471318990309694284339835501932828084137682498e-33	1.0017123775561318487933044755289565812721246030894028662028734987528369416463567288519511633755982143161316918433882394514124724930628077070815538230658420742974564038983190114418677424624966567639e-20
55.62	6.725744527478132435284910674743549775824538325507890740674842155784652256646052805861964021573668713586066618129817520190172423167459172676228799592157546541023486785412062921562429468e-33	1.2728751208623470515267055789478871654741084292106613773573509140280822695049805651492037734353630221269471742695278200984635511782182509034725934834326444776472608764919474572776436144259078329762e-20
55.8	5.292947777069367946872076193169667087850751074598409603179360324842541471953545511784343617622681202351762372682353600214381443521898348144488231448144372153195739755596941972038339914e-33	1.6174414029535585306955300439219420600848254630670040325366887595207587343472135924900161502821010452924224868743699166131162643964111572186452795133654467811210280649156686006552277680513261789658e-20
55.98	4.165382145623676726089874980161519926730192484651165827277106247980608115676722236103683574038374532315619734317252700963458021423179296698426899768064813466264948009269050814363521306e-33	2.0552815033543979978088582757393653134215001500480102826356226934051604543713942181273065986661311309614408517827739030253030612139440558864719534504865528991807767029302300765547997914761853135862e-20
56.16	3.278023730792822652072824502660336447762987589080381580070216879563387219553172052201972105149473047993619667428500275345502365481302900304944658772371590920647017584605409541582985758e-33	2.6116445704413583132887675896104047740809891401783108388969972492081918354452971303749135246436212122203517131835784280669494051061763236174549184513970174402683039273935991510215864506061676458194e-20
56.339999999999996	2.579700782299291137418589803430262731113051042842115860706604489155782472385280964547915732738875114769788638409485711041673405664884398607714375952042967889454348637522769230642853534e-33	3.3186146769597607709463750198668118831677191424387605047694527884723616213226473205314437910223888245044707989849729671779470053895632936649050194352156520014761300132397253703395718748997991907878e-20
56.519999999999996	2.030142754514481651670759363161384462119263299426325763085575702591639505482832478732406791620241484313344800399759361449637653664973651463019094857310077150185617688571119451975550206e-33	4.2169610286102394591744496623317726621625718538252323061697917357111640198177880261496571119075739367331775195940311145798332990724238217465761730994577298259163445838730425245176781247733538021417e-20
56.699999999999996	1.597658004365208399845004976329773153121640058804394457003900287366229372291238890074952012196323820574551116113628033798431329341021174565661088925849869453407651967742057204421155725e-33	5.3584890226269406346352138638130848800522536154792086681718717213712889668083123635963282394089360048120134443195942398096439505752307960380371610078902515972606902228374454587839390996966372682489e-20
56.879999999999995	1.257306213189265658682207095352937269726644683994212113541435110748294875711775533713710623190712119897463482668084076313438148736887677182183346842100778083756462012099383347702179517e-33	6.8090277360415501799425793778989617707731969113226517358673106011226170682589771502872651657514227753805330402439580423995561408236221619245494581539823375554471962540461761055400908679047031183428e-20
57.059999999999995	9.8946014065910351613489026970977634185410929796061258087625851749943604799822982297002476694696682450821393187802085205827240296447584580097422240125004034064999082169859799568336574e-34	8.652226124642545962416749985118131342776716701630859909945337957065185246982004503269715899702358654284688871398266727017671064256122552552803584539228518439630853494010892330962923616509701774536e-20
57.239999999999995	7.7867377070359819072045873975538419055836367904594615684886684456302621404549361763593337611887203854549091248697692942261681432951129259542075951020983087508230462239407738279167036e-34	1.0994376849971191094546877328242867510579635094755186978260272116213365774887266008821507294283101938734488487546210605719199021316925344080873714106803632371564997779665436661856758700578279840289e-19
57.419999999999995	6.1279157822152097152496084486563833808034549076245631945366062669964928196291459091447727526679304337435358439313367027357710504161401378157280277301724921982256604219961588688378228e-34	1.3970545912445888440909359740811958356600714979354507184049933971227416919469389285690157265952597353801878050966120107849165467082303671224547533343831465551816295018660828847073347212413277040654e-19
57.599999999999994	4.8224755021598095849601393512483602712668001236448042214855947152321753376845101609748035238424335017011765442595149253946067847974262275156250670918591474720519006300600135912565178e-34	1.7752361571294506584153016980967020481724399250097994397235458180120964856812049942588829539372456710070373543952704653072614929722105348841770585526572414601728621045688347112137947592737986539757e-19
57.78	3.7951353764408961100113538179688000731779929836907956928897693290709152650571403469329014410555084330700634077240587295928372235816609770685469646871029428459042035930952122160943866e-34	2.2557911718912910200700443023757777279387645489951839907368388957568780854185341091270077673574098488349327729423757908412023339005486576905937285444202002525086456750678340777779536003244355586514e-19
57.96	2.986651258066116533918394882335352498863372584411518176159281922584097934991904851385235082411551205346295722157038145103394007745953901404919022108437272758023758654886973835215496e-34	2.8664320466584675098992588529896759851245341117075774976390315919704314949507722933359881858950783641392453052668910262153165652115371613062455030125266942900086452723091941435440173644407479462269e-19
58.14	2.3503998810394960285323391634499465320661291885887727621061736716512243890240562664415012030153896243981710875905077899379537082290588815969596294862335899686592162614396308992036092e-34	3.6423729201944981742142099779676733200698578238374931013159349170771066211889521459271587441273665202911737187866530960041346317082761360725500142611461640686373416761272168291752251757828068719372e-19
58.32	1.8496902127026496376753341377721171763908552533849934811133876706436346623300638792196663232490473383524399945298687989665546519313198185152522305995017754882100496173392198915750557e-34	4.628360370598009717265179015057287860377754556687325307301525758188483081808628780000533783196656305750983606813268130328613073555660582938603900615333642229633642109091606521005396724020945543574e-19
58.5	1.4556475732416081271024994332497088436690152246361211422143272043037829382925054480804024828385805165055369353416383505575130175699960074964267506271885716532865728845064297629693056e-34	5.8812538390435465677422868939085715105941695844910303968781660613262349824263855921352221271085479194564784112096877912259069891650531874967341957258766947609533422616922530283763086830654320470896e-19
58.68	1.145548504799802625394637621405398903575456490044001189643817361379967473546897348731287575327184081523441945852331407502718559571975466888870191685322910902073451503739416735762782e-34	7.473304572175166646364239781991699701409525954008426805788959631128315277687778727650189662415018220317881141320525265111938910361024199703328531552537750378228636864304165309158099751581887710189e-19
58.86	9.01510366245245842177091880312804245931731987899772668676297581946148148147689307098310851664465910109605298802955075206922361792865292170607083449246089710279131830146018152448444e-35	9.496322171596157549484449479845654238001300209297289656125784259183913273259949892821032568671758727936244919710464011059581933347460696963627552116604519642603571925848679133834320594151772895136e-19
59.04	7.0946008578527739869038656274675022773765880205994775729650541870034746923819003350291424944039432976390605305081340016258954975012474853785713110820261766962854103471432837076908e-35	1.2066969024989315135679616667584410233579821252790119902936978712014531327203795400301700468338452373957436987683967545755066269551113989828686251901092620612519336625664197354393217395414205358286e-18
59.22	5.58322601960410295333467593800731856961953904319876388246274333395563144729287097068626174166960567656085989005105001554165537693930030121270473129315770236932407127803849248998653e-35	1.5333487935527456967395457633224794750374629791323867993209462446644531775860088260905663940281851239904576835783930332961096350649246514164746240690530063525060117102448089563422181404651452108391e-18
59.4	4.393821924309679396206175635463468929534018087387625569716025546473047190587872280198283519693072329697036408209842749257646006589894943104498906073473534460467945477095974552657e-35	1.9484250915210604089063816662283366773547877114950348618660305299191799779833939563274680974096450708580663963592980041575971524863166677795837179271566679048161701693257728177207444583544331621561e-18
59.58	3.45779859979340392886083179561942591027835267072260459219314530381630939729741063240378767238316865713028752875136415115915047845770349876199772720200614855303003292827612841670059e-35	2.475862212975525162596884419102710085154661068473410681514489592241523334609262768842869821322897405336748071720864486269401279776409001856646949859238261017042531016009457213494606226103969091162e-18
59.76	2.72117791232620095081166161036065378626722086448784514626452070318131574277512599141503092842327014469091179091249953191277797763123506393685274503339119250375946711587953832994962e-35	3.1460761434018963765631412803193454282000709058861168308393986666589197383764474021421888183881347811458236161907380715416366891228184985603417850457677184799369209092196759921144525565904527605857e-18
59.94	2.14148078229468686449383630729429215999588764976103253674071206488540475222952692481833593322052527777386015046766812302203842541322816987866171122261537132146778691549556673392709e-35	3.9977164513477685657537452724576047564111996403527251520267923288683441929268127004435223345632707348792203360745132679832453842300967018557624963147692823477580335667730746983363545145405550449351e-18
60.12	1.68527752186858945665224560443397378961959989105672422708639016965096725453588214712450483774390493884550719967352041128025195453660778702721428415215165631184339878056257239054991e-35	5.0798951128040146086423074374026885793267602335567540293512655868914567144635470605527730953604209720473750379252208492774660098545616460588445867095692236155658830887958827890737147614374014234815e-18
60.3	1.32626002887743417048766653910320698646581962735376937811176126050223009840537369385494003699336464385304174021604645949792336305012952908112025954377109372114377098379750597061907e-35	6.4550186765722819190556341669313765464431301935409801938625039358079566648820421123261681984920137696186662199735107840360522420265765054437535075352276182159369410321050645188959565988256301227062e-18
60.48	1.0437246653602198377779302144514126151164830665279328956532116081907308842511917644205076558623836463817745740755867968063328632548662479354886091696569300614713319646480971548595e-35	8.202387094543249474371840210456934693757146719650670742917064480085622446423164461176601732934990771367488333649817456786043294481136637215565516822407116995643500659547719956348624484894569060815e-18
60.66	8.213783325994883314920825057076040270843235056401605001878522087078688668015024986864400782469891270446735365081012493800149117734322460477802265530370932872443002362690284470953e-36	1.0422766752466773007388260421536632887990203422978254520902387328210331693186238763157762643395644289568920873701380707821117923885015393277712627976467913126362388654253113626712424009087942695326e-17
60.839999999999996	6.463988927142135019214146724994908614858199293997276010937778381909815077117879079781640973204459885319077768807639248993952629639847979950912378727837678526789299429654720077353e-36	1.3244201416511671938717447691359441548906062001773090066577545731832940351767308531093826038037470204590080014352433625193094978546199427048699327568107234569109921192820585743964551023471011835039e-17
61.019999999999996	5.086957549943752974007848688308768360055223714473443431689672410517940752391219018010924810624029043300435179797447841172945932836001953789816731545651149807555099864981477664771e-36	1.6829396198434113208366684926139791456623433797757707004848487326328620423006701071478107371337660269524760942557298575782036252253592259558071195888464156219748418936620717348105929081741286179271e-17
61.199999999999996	4.003279891774140813290901273138139736507133690883318432193536496198443863879642101997156477687330260878496013093998228102109683138809400691763562844942099977257894737761563708839e-36	2.138510035423991816790134174782089083018853708793447074984542404378110103650322933952361258430508706905623117390026749943678766044357858348326844179897536194617781406557429256774752549973076055737e-17
61.379999999999995	3.15046413843031535943884165140006808723377374606481344658617580528771471735169379617774414053662290721734409699781592408032034075068424274168265407735749903988126449406268211145e-36	2.7174029998976655393111405947968688562739343072067991079872911132381734325580384512961081371152750309167036839267126164561025710633439246340857377160199366337322015388402573163349409814635751186419e-17
61.559999999999995	2.479332605948727613426764173132597495765751847182115883568044172658286872809240349961766066573633621334666426188697239037272546035484184695786475580143955367533522382146095447108e-36	3.4530018290930243589692050856553596647996652912968142438144994782553051865202762976069160746286588888271666769490486450613943144465807185164251559109405679050691816946506003906268901850175986035401e-17
61.739999999999995	1.951186472143361120131653197946449884462812007029511307515164965482329778118038799375200028590620523093336783726662504557879990176854363140854186498775878935419262000900251969335e-36	4.3877266758625008684238590341579771246745924096050620847196073338506057775247042815310865521592084520112741944077828505860556257424434815562326912898548423018985055660757430794407777716084040766482e-17
61.919999999999995	1.535575321643332081699384324466577123104472487838142455495159533288866367251334190771000170667274552095054967180898685787978028629731819323143515347618672165277015934275755826788e-36	5.5754807946719845870265524267978550265467968152697364999677702964144577970047035294045464660453025632058025048228690499675656549101062413396856698161109620458099786389919025755170804238829123955798e-17
62.099999999999994	1.20854327927177921072049836980036813026972586624022732822595295796018609588773470713653143487469106706338529367327583254887223337574403376119944074922842465780044643211230642705e-36	7.084759008067778961432340145714099363485487825798128017327613639562483193745409417816260192356078071102591741820413314303938815152758442149909515208664771573667220223386146834782721008031826340682e-17
62.28	9.5125129525670295131466335535915263947410385854981644178195839778107337719855797570694180261823881002408874222982421183730137690444657545497252584790389153849612379644969366325e-37	9.002597632542025473768663704697592194691747398892111409658154967504528822273680007450721818728494484416379620994570603843863148374656797188159403025236999711943575276956733557130965233495957276858e-17
62.46	7.4889737524873005908038536253342634098696970954724894114155927865612542903382530379349317001827976650228705537271121040839341968142326319619937416013187690242249702018966080662e-37	1.1439593646186012674746749331620259724160085467211963142562334020266000616261461257055908745540195833319566743934251547148728350135687510428274894965320497911745773113911417149905656786961192765596e-16
62.64	5.8987467799621890653146525454551246181004033782034937503655091611005552060355345549600321982992246231293954434998025459097924496435588416620489864640927249886200534798531632024e-37	1.4536282541032303320552666063589692938559225718202723504665790768083988380366891441589050954998254260351766073157430940780707489759811157415053397700862422682718128322353531401355584166201666480369e-16
62.82	4.651227925047006496900633129119945870213174636967217471373493485270303630368017713769668082115550419851712613385106788636031701611634502547849725450190447702966937398501619321e-37	1.8471242654949517585162458893781370171373643645506723464696868602421271611714277848075832161528387311591829204477480793198678829154887326566585943316266181433693607794616853371844519067567492101813e-16
63.	3.6764159426624101866826962970645947387908213662777241354165971781227581351264979445790918074896988745790509428943242470516331651865780949155051841856013899821720119386726997947e-37	2.347139333973051034778881119765672946904995920643346982394315275222786416283573669318958408349168486503208231594301158448867864856427547226724365531354266202899760653158584229618389317387543457627e-16
63.18	2.9215165278338600091505157774482634465017824508506421211026950652603042553175666270844050296772661888424570133757282858910755587469702841604557960007664223409938142173465994128e-37	2.9825080835085342689259114906348598377717591627372782797268720458408025768068628966206893943692547101411229942770398840343901872573014959226873693418874617380341458522957944378059478595131386886888e-16
63.36	2.3490277729393400972281678200853566842874893171856532265887484868389680612140342677067090837671904203182788087527932159796288589716563411012418847546557825733240011860363807599e-37	3.7898706478308641887587206356356960527077333269886081070929924965321073546698129087333337846685480887748304024469106846269823420336956355681188197082084912208989998348563536673831988146476410003144e-16
63.54	1.9365698713716638571954874894579796891393922959271598012642070729101506530694240277313615160919395307319365201067424771891206076779591218015064004009540572452255676855992369226e-37	4.81578561570689369144056565520860924640416679246346645297553527038181900082377624801279953167282590400142224410916583816148403921510717540192534708964477251471536112879622979446801432085094651699e-16
63.72	1.6791073912014332114332026896649578760856905475307988879400149267426355887292015844542652525248950989201411633600704387208034251565388317991467419970818144392326069208338199377e-37	6.1194149488250389959849318655316471063657260567666848703810885556996418743259139161169294499048853805355508562456732000916174649006388341024571014955838947532060679629731855131543838517765396489302e-16
63.9	1.594852697776313842423358414110861744680704004873801093812862468212929703409160336769593984849494278296185096258724037969374758746130115260164196196779711741283623261322182057e-37	7.775935704813677578819434263097014763339683478035747764996604077893644282251387967404125315556880361665260749007035215150807193912825526443432693179601407542043995539292070062197244323553656303572e-16
64.08	1.737236999598255449519825604059536938295686238675524873164994819987664073295647061970615500716721946719090863650489330671498204419887109706425511493116393488109444835584710643e-37	9.880875310965115687399817233861802437243180750781876349725738830440747717852838212489079555426207140603345708671180631438822656248210691501715670107403515719800575884881917465503718741733604510405e-16
64.25999999999999	2.217246890283071533327099765999946494977347058809955425475082556831464466054186731593575813753406905630131113355502575313531195468578671705448864106331876308568148635358253061e-37	1.2555620393106036519863960987042547763765307093932919875578269343644811935233656034870491294040766923984364922268114627378773213494973412976301036371427760435434780762713639460024859408205096398992e-15
64.44	3.243775204719714563514206107254914306511975991864749497892239673114275552301338767865218259735101269791373138779620237323754842559201504558307159176922951329897286412987567482e-37	1.5954416840058507433565453395248848898289234787497181786778053588938770181520920606577520058091613506655143690087218127490398770322893825821074714310713244947497853720033634509901875728514826741783e-15
64.62	5.19552822020552217402383015594505642309206778742690855136190434637698226883191112478678301848038906452330701608690302313041757443511748652929281370421801638552701073504529314e-37	2.0273264779978983482408438146784817870920651918680836384897451125185732595662440392895019290284181582199186842286114087537370349529208385085092355868055393045577667907512910851209991337424824110643e-15
64.8	8.748410135963649328112491896379577009232899475280410408176698749320478572469015181344338255349851906878122552406673644332591817672434158829343858759545868499253846627918311468e-37	2.5761221419712453657908010232661344765827998450076584473599630603461579331993186582546007161649399765571841901118184984133582912075971577848406752867644038545526064114872154330704393486170018982717e-15
64.98	1.5100596273563017955021150381241466405493199089159306239859365807908240633462298904434918735387965474360433585817822211173977721633190835341564487047512484133675892436104126341e-36	3.2734763553763425821535604732256713306888926318613909122322613550945326856830129495853667687594255699858312459741409220540925358594083904351449600976146130222733284238137697153852963793955714616867e-15
65.16	2.6369748520984322166090468015605656907723954716802349482922299301873296190711211105934541835609826286637881162134979239637564057918825619783717231015808448563956086961925960617e-36	4.1596037993013729544522463907732758217614582370058169623543375545449917502575629260123508305718791221057405371070671454896849607113456749523512745115723942352789161921130215580985736080483789961562e-15
65.34	4.6293669308680700702766243736036792310524697074616113448157094290044730039860002097833895787446277687214037614838241907967119867401442285056047133123807944670404990471892009383e-36	5.2856052369968067939399860195112227959488776568123388454597866721313454186799051681869302097181765520329910104481307661670042154350700096461497293999358823295622138702922694184671708103909239822145e-15
65.52	8.146590981753858143060129701788011763055556440664140576706650846686285821503038445516335560249508335214755949008694762650784338195616745913604716989771025545167667780667729896e-36	6.716414367652116012106737603690653359361229345303078463436804897514830545166092420660843785982282410814148281830555786302529310758642697605915035674530361352370528847641048899645416071328474691969e-15
65.7	1.4351454929261226999589894150283058124923560020632436321425734034603382407480482980469955440135404103921923076971581429360707102349786866424012769329234901334592074896634185283e-35	8.534542391144340003845992928625745390937940789956698438418879046660524882130280383037494999704715879824775380892003898667790414555004748353193294730168161167979041333950543783108587970941695340094e-15
65.88	2.5294391531209206084735260938360760499169663605787868885219242762761919956166551548918287675620362514716054175324643731697229906439106928001783275345540951782075453303536523285e-35	1.084483622348365709373949922710872422250938466236271030081103465554710479975030806748525028116558069666347340869988554934095965816778635853980756668161728688276470216015975520832263005628880886234e-14
66.06	4.4590833630265746362899898570698799429031979536428929657127714289639187926314799802146397564976447679480706401972692398882676988170360949200575849628791886791941500952308825779e-35	1.3780524757392840591978506266423660754761990103192539336930682188954187042347244354473850081876774655974658763113860166740096865567493739174543083973018672539934361514596983688567808105526106362936e-14
66.24	7.8615556787351726826609041672308540398842475943353738426063850361376414944559549955349849037878393139859342483262460536499205339939761217521749519007238958286054234943009549748e-35	1.7510901840813141449199151731310778113855290121472763413250860487083353115869985954683963956977080505608276314314978570987777532842607484659580915305263456114667197216741834567032423395256611995921e-14
66.42	1.3860852606806850377489534744856409395381491318446709227371782767621177326513044265341522132937431061110818126683156728973030714135475832492332847561920472216860765994123470398e-34	2.2251089031576559636469408272434051017154151430149672456770308033120916619800218569230645980171391236215124728615148168170419160839504645684239856787501174349827355709358998582444942112203940811994e-14
66.6	2.44387886331513666554698955998060351440476904671917522853169532850523892489141612265120266507268627993642215105791218793373381012484068424883781970979419206185850921265383205915e-34	2.8274441121997378436427748200589138223852330758978932360402837645878531701014893290368875161009172666592106865167183616873390178581541234152189621146831608922084414500083228361119877819661933035385e-14
66.78	4.30896633028120829097320501008408992293450758804489502090496985602674044332362670251050962971704888738377662019655530139849836961368176956264283268038622871364096637229084773718e-34	3.5928309829096632278907237163617703748778399850545958457879276185991846260093107200757988802998546213496627466832354943818172558516580024968013984770998393039029205304648592350100447422357588623213e-14
66.96	7.59745568046101075562151858964337638381954893877866702829474484947195315423071134773261353635101849677582932770821613972192502746129420131087294490337404407249903631634077499656e-34	4.5654074703223460701452491384514633670634607692232653325401794866778526525678063587332384879938622469992564399777920222887122421452202175780325167902430870059853379617909781046927300551126722105993e-14
67.14	1.339565599709174409735117492807266221794377248804590908543107183584161227903592867391264813226676679780892025107721757698946181140276263175858980837317801425722706968909040101683e-33	5.8012596387696955805200804338100690980675976065809701643778461578732855908357573583424903845508382532001243089598197438968827079713290020628499641816743193596352628940657096504185400353026252120558e-14
67.32	2.3618924928115115895759272732523896873652402457857492331674595947012155500709207833740483808584241138079979887368589145267224166525614057546843808620236491025704516575544660335e-33	7.371656005557391027437606743151969051857848016660143253308985318678732964977882193991168998327057689773755500149704484949340032055140457243844600583754310668255047076986236316132794640392002086365e-14
67.5	4.1644381079179300327531695804276998285249325845236377279220616771352345949347543982876517776438880003451333128600039113263953662046776085348566004010716483280985873216309072407e-33	9.367157418900631212712857410953408506161870572009617714423636513020962650338642662935262768111134654299997841890714719944811375513078084344804829221043963735521293568724595556163798982222767996921e-14
67.67999999999999	7.34264892304666224436871997827458518367461729859607031533680852555228910198597483188957175766287247933901692785342850734759680808001693321186858240111263846351061250611209141835e-33	1.1902839476545894451248945879818280224697823863976883301009899093639688824685507663106951951988496201010563155196587032214479837684746780595879605839101900742136134191891534269975619811624011012767e-13
67.86	1.2946403677300046658583965234901779124882281484882712914555048426154937176510353908554551631921035565543330026011063777512150828279105599553476636211445775170638542647082195102e-32	1.5124928648956901707649206007718030752993806220512859184076457910788500533662575012381128504322462674102365890109961652353363179443950427446240550321444499206547926681114859955489051012773062179105e-13
68.03999999999999	2.282682652610459676750928496563654330759966345323975067817439957997985400587665910876527775948660045315534306000917810819319082266426750177256920680719303959151749301683704353817e-32	1.9219234795765095334916202904255287361592934170850901100072952095323227542631337089369787476278570073254166584996749371034909776932058788355423560963800178618754669724253418793319221433845031299115e-13
68.22	4.024778071380007279114878929034639159091511497985935235879397118537832737447713286295621169301897448664784428885475220017896605627717593167708818524961649224348736593708588591568e-32	2.4421866357711524998431043716571459464222801570757756216746678997345807865060272087541049494024735425658372414218311194071986203066903489760077751418052359792411980778074405804833415663199592440621e-13
68.39999999999999	7.096404137577450389916708336108865137954702145045670495741964920788744800062193381992448439049963995102444480927149725862356496293363743631544750021799747951252454219744837937218e-32	3.1032846142518802735683422287481180400758517953625862312842017993704952684130813323612612004517919909339999618871040933103459644497618394769507151060169418360529074150276015908316583933042549607349e-13
68.58	1.2512230718106205100530875357918921339205410299828670433647646303387037915948765961403338711946889278520264995832415662901824251204598893373181208089938990593531672359462733149954e-31	3.9433412893161311801799592861860526460235216107027538857504093440202077067561727407621491895003370194407146775245135655135700220164412346448663351329878049548064347511571621054281908152450678391865e-13
68.75999999999999	2.2061302413806727406694253120873570122528038148714674456068203103800655088486360888347144944506225467101608779634241578767656590197832331995232038992133630489653078681021253413013e-31	5.010800637689523232615151272388878536816612679773655991602742373988952251263294769954215969160509907234842158588427091946797257701757262766060374752372018516591469975721813565618890829136643721194e-13
68.94	3.8898025093799627012734042702622886701687142033790968109745202313151985331314012310642641419092192233064968076383082875609526975199302175026361948255641663507062749953306165883548e-31	6.3672203820390286746149684472543403874216992471438020657635763343897860040828155266751259700834532522725349702288774130944250831860241298052136466629324533538345110804747399634437837160140421916778e-13
69.12	6.858418094165388907546971908514706787961353684348895351583883564038344397644057759806248985837051118952601985547801703136256731050125984620142854467280121545817085783179002166369e-31	8.090821871561605418864870119606067456685453169830997997893892698786305240021620812835586926905341594134568580725494650214447281789796370246634548046415759406272656715514665385316514476692322131671e-13
69.3	1.2092618750163032918016517214509529067117512153529744081030391862609003146581709531727121593215003335649378959184266591440414319383012523884265498609495201747133843922812027567714e-30	1.0281000912422695786884462176554229097800042227731985264029982887362541828692102007561192081895236945178713181280420986416402860623367518281796342386100352881907603837038990370223153130734806215494e-12
69.48	2.1321451424507462442891358192290813292312601614214188046468417530059151829583959900040757580798181936339562478103438497567684889382750984933581739780561763407149198573144725469856e-30	1.3064059676404097733775396744271586260785531807416653811678879117654646931092477375719838668335359724028192954305287581557609280021464541908213650707615918177726617114974766718163193259682505157362e-12
69.66	3.7593535382987121184114984951881649497426421894463809345811517956942677363456117705408068021690896203082213282894069454395870147667347010201484568480855741368780119438908263512467e-30	1.6600490232660586453273265451178975738776167969959025388002076883650015564915126802973692909133855487778042392353734342059994885110448835973376358470874938408538454543773013907683418532512539370012e-12
69.84	6.6284132091531258855704076950762713372071730972237190723916158448860874290462652331357384896345014621282905480900961118303634406208720734025380964105453786379134244420983857573956e-30	2.1094229725725833505174635380248413843186760873177481127066791651948202985246006548922581795300652416671905319784484660180379448768680341721451117771107585866408932526552601441882656515689418183489e-12
70.02	1.1687078968195017316736493356442761170680075754563465109361423878237403470949017759328328932399847405391251972335924851204368973283836833347240936509100976608225869087788300507239e-29	2.6804420922838005479245478060601156078118804231876306953018144172008858531562145418208227445309160312783352593013854381202636909354249892303931114051589173818099617724611988864306044497579019231554e-12
70.2	2.06064121983930620005296835357186465833855911517851451872283279046019963430533473846922395155705527956194608131263902237948321763187128176295143484735131261597516606958753963026484e-29	3.4060356332065767595217470199546988860627618265485766007330423115383784888631796588596498724162832823946744647548010739829430453262020934106871975981100074647327512990077560516570102818634340835088e-12
70.38	3.63327932365308705331178937865115775419450388182532175794919169328312668584919502565057243783659375403602574851757969947752711351756503618535457101276580749353468984349360721688814e-29	4.328046768131644551329232632663249101094556687573494443614345937940846949191418569380546353110364473773779475329205753385565653741391826325526999926281750270423783460797330860674167003156564174001e-12
70.56	6.40612180160085978477757952300193624865294242677450975512405191541963480775711431782649098004162911218367259306522257125692789060349498452566656383060863980839435252008762784241492e-29	5.4996455834197300104073765663889724733043995013887642788558100057564419910874879548106141131411820713228132130267868819960696554005977519189750241483353282499420440250204142293268480080262002172597e-12
70.74	1.12951394267398540716688627659610851614860222802557527202795589879139781889264908926460939945541367199748339860743417258014613848019901874080472030151841210989561067839051434462031e-28	6.988395265489459776909329578354025895677627364192767650645394139523729074290831621633773783955472463137817161360807555863834974607684780583123659404396030051621936215879391861197394499295941359477e-12
70.92	1.99153526299829228076480384014857035627755143231371406597020582472111629140685826321086447429469658999980356493499046714997398356943777877182953417992253540430906714308910907259272e-28	8.880148301547058484502056138281853628575822673743396477308111377286924821106228630051881751613346237153143204492576788221345918291448517569288844277610649134912400164810158539650878595861904967989e-12
71.1	3.51143315183545947290793017580869708053623124499017930767436721354335715701606962216900711176284822465089349174100790774352825178600240024884501728934120691811757928970114757289271e-28	1.1283997378752451648146260879604773406589982024136441958470264417260654497966378472486847404453886674851200353530433237174341565404571608183245935302980393509609242260052876900877703234355001941142e-11
71.28	6.19128519032397616550611185164156703818578118985957031385782569605402239768680213295089009393875129667757475190746338125669999441243682152686990530211575903590770923140458822838329e-28	1.4338566487849037250138137313121355632324930310492833892525969866840290128540869358765903042490638126345313453352890143368941201675212967528561461387140197519223098722108254947648672426175770391749e-11
71.46	1.091634402548393683743330188442230051565020001919011520309418054608714034106291892498947572370836629787846715136985052452238037981579523250998961563740975062836855046018266564970808e-27	1.822000502353872511530963432515558600353456234531798636346060469280037814450152894589457075439596475704964387663412714806565407312970939515111407145208937717594721482899526919479958951425278959639e-11
71.64	1.924746853350547624538309888957841001103018571840219221216782139778487936254532102199377631329828037598984666463822713535410853222963345484074466424062526785167750380945527530881806e-27	2.3152145881465712861063442088931263813001943079728332461442785759190044620174285795659778637521033424150212346703035066168955183474819874736883206107464184553381457407517901449520550305845955560421e-11
71.82	3.393673230556332730188284107541501310454046305586335573554868034550350691879608330378738985100121744097685537025245339677697303209334331707728919562385387476469131737719971523293672e-27	2.9419413343968582149119367527351073834649516190509209760758259614874076633778328299450269046173478585680265722153763607477279142485496614364997380006438591077987437479951548424018383782136579280693e-11
72.	5.983653370180160099604106512347747704254857496236143041597454545620038887629020277230863761615273716398878320602876080417073915072307463980071243381653560435264983413797295678688446e-27	3.7383225120231645629488084439125371178224617587659791415337234227314623269024252764204293422338170170433113419361684782854200845906453270472410361374489660678929871250557314219010573409773332660872e-11
72.17999999999999	1.0550251960645883106475888929534621111049887619744661047773979293763875174180151377517073557435313448417047203226745388349901403281355381009932855773064032344415464363928526967507391e-26	4.7502834405650300951094726915186135913844970256653476139163068625335451567577625101693149742817407765529173189536662006738646128675181662422880475107192365251523808751628608970121588876043100607885e-11
72.36	1.8601982693018358886730709305573308042599620528334879025088624060970869596524041104639090430419090242635154449244883022729850439746927340779277415327932786340781493436357157963805415e-26	6.0361813870077655580321417669472758336165533349566599391280161149917729536307034395656164281085349151859055217755330449342617726353523298440850381945035858536503521782055844448875511109791759831768e-11
72.53999999999999	3.279862522735148931982551029187690169578745763926060331397152948135788243842741264697123325944877933445054203496436850693103730733574937880079456291219202249780508027258221626194216e-26	7.670170884060997214637729443279088638152585450973916879674669914852411135908556696912100580251974685957935999047931022533539651642116501454765177095776162979190981939161639999713354192971004429203e-11
72.72	5.782984720268580824024629913580954510852643087447059653944928885625497783690668503435881527244947650457692516996458099026060156523503827429377149128671422549085992230668716820851379e-26	9.74648003741663781103715074071309177812698399002582677550722094712178242461552984010187729638377477118446054288959802097558348473729069942112802150992261079915119335110299458896911330578565349444e-11
72.89999999999999	1.0196437211328937654126962694985051306413607290811260319202887429358605842757911133105199584814327759534088790338904336478137721678175621948684750809437943431974839979449101380277296e-25	1.2384844425977926435378393364370523546757327054014341842380322790396158959146358267780369488694940621053517233988184309525759669335403871512644779423174143684526510332241236185994637358731163914755e-10
73.08	1.7978143957424265606558377405196151542817487160469092552178241242306708700846368429570968718681337363463748975553219472626518166938763164481353925253408838999209981438923726546682221e-25	1.5737411954555436522906911967371451588098962937700242059378869527477094011849190468974319770849350844003487244844185528670260670520340932514662286510134786534386507669633058540416709998504838733844e-10
73.25999999999999	3.1698685869879941876626205293220974322184291948653236988943205924264575234097119250216183930736814738690073856012171649142372516609864599333621929028340018699579979812826744054706806e-25	1.9997516844692077309039453086756122390950977380072875022825884113871053614408884162128220412530862287026000028795174683774396420420720219525235675470955277737863962402747398469666441392591646987801e-10
73.44	5.5890457227225655239410004298887126334453069995892505203619667652516699582149216125648919202611598594906070186970046098669018790724629534127762161729425768833733926952984010776589315e-25	2.5410828737820894261880870128024161998689310009323381735069605092909954610607930047307015716905391716151588704616740129199514624741200936040492236753792029834003842683249776293775516625005493101296e-10
73.61999999999999	9.8544880437347025996705093264916883912424405324100324353917638135411533737129345825867177586023455468550753858818102565195191897429299527392029655177865756377581181008961780972141996e-25	3.2289519851773721459362404564362160035977438690208558859550879201057448592861502609043971541894129359619237290661217089357008419008209209466849765561941262649146903698787143711884431974845909600719e-10
73.8	1.73752263663366513951246741208919729565162348059428227422177935944824298517267212385031725146471574338006610713960116900648461872273495331709700843538470947412915695376254643950035554e-24	4.1030267175280586369504911190799918046246082765743729091934542358523059812814156957681031408857423674417560341062267023565030420567989046675029982513251455096342170658734909861251349438213002539585e-10
73.98	3.06356342350409277633353534770245810748544842509917232351339076863661895568806541234299850290012487206114470236797980949312591685799002298963764803601463304664177984384591562731609726e-24	5.2137127842191521641804843541221384857118566235107642599015892030040537477045148380418308079800477501237451199481921482156325943341809507575316497675043358253857324161686518420298917167296592719364e-10
74.16	5.4016106909638585682666361809935981768236272394424203015956814391514152072870828695270337929588916150947742978976510354763959219947239951755108896166068636274662824932568417793114551e-24	6.625060685129290378199232205126519990106432827807611171405150018449267153253891519919740092983370587470320015869472152790966797032314072552749875061866102454880216860953365018245607972169246725887e-10
74.34	9.5240065320280038801253208048250623419973313857950818691920408739353383978156607149977706390637075987196600021115666154253408780577596977302057537706611484092181946393112793428648247e-24	8.418459339474205076352852255503729200997943918209530412649862960603367011888235094456200511017248041299076763243575387134469971548128737441297358069744621179324489366834713974659748238241319882703e-10
74.52	1.67925283052797096358737980169550444878796417869281901530585314140505603856546877235221244613579289099493994026039916312107304020759410218830388866165796724532945402091205892560411664e-23	1.0697329582121013800355605985834326572486871613538718731224188051041970571908717832908684743435861793345586014569055000954611111760620283752838009095204852435926575641326583378113569699800320631768e-9
74.7	2.96082332509251886311604004498359324373796773576747355140936889093157116269371421551706962927242705776705133631022075580652592667370193357655034995130507490040452384261092413293363381e-23	1.359308818561907082887326766103278337683386405666118632567277491331761582282238630620006957844245955253069624730514205753114383383794236506465110315065957244447644536560686546777926584626595783637e-9
74.88	5.22046150707137265839532760334555415362537660560440439000031864761456793149323397111678564598145486340021857353526109299006503061199367352197215558905617886369377162959789922209995394e-23	1.7272726338247593941240902877602939328978793383041231223621977926189120568160992213264997540692276133493567590439759809482568925538443636413924762037929870580611083178549218843022125594935188544317e-9
75.06	9.20460809527103668174116069716416518266581214054486112648458368448839142197202754639522613264327650984877194577592429748016400535886267151377722081168145457646524754754130064404397584e-23	2.1948439610038805638941100917523073091140735251403915442018567758831788849364466163908528634204577352026313359375856700930376249518789145001461963251643119570695222756095460023298297398686409446819e-9
75.24	1.622937168922041981702248520255637424065803444075282438632101995314993021124503749510318765839587468261800069250464728000009270581231035023660590786815326997328449993139367872511773464e-22	2.7889864742938708916009576739781599282134288962339563767931244497791406628088136728738084198674608767918517686571377534010145019670284459122209077638511404680374925727649928013102432458216533877975e-9
75.42	2.861528733224284770286469699935789161140279815650772934752163818434258008474697940333115483525019571917655351648495968718910951424854861083889136940909542316329427009143320844747992242e-22	3.54396289303246919300992380299259633120082254594338316168602890844983240691876940097957586676352493386242695907693220361717549759284215780815388551553076183194686840901025361941054933054588264291e-9
75.6	5.045387367957624438940524251825113416667169282500723155097366417726600819332788069211122590837499600545112861365564626065278102815178126642212440728599128714998656208587174751121938155e-22	4.503310827411232798750073364322202937082635267234317510751728973470598684419566111795352947994998847713044080151915243826980678763986990975264350740016690711135509821661396670722346010127591138923e-9
75.78	8.895921049886989051554372140399798352773548218754974266406544248716877121632748737653002980864428748889277241792500838604264892772730059370546053773015398689666326584680229695993955095e-22	5.7223534840474533037053445866467828560018599825952458933120880045791187276517741131889666311597325101831065508748762658290401719010960591116041793670228978078920783549393202852190092518847255953726e-9
75.96	1.568510117348180876331062156406786327102670841901017436447153351025969406315085019740806706561942158784082948355930810922034990786315113685867434268951729113997028438037937879457384691e-21	7.271390017556030747386497824321987940788809673280560466968062094958284111086893701289601984715601461403102835252768983007825906523162078899702405412470953558427498448056232605357449107051128098307e-9
76.14	2.765564098902224458752440323225699695488322911042447793676110897810875818544412639589808221652454850861058764204761639220149759573028012261700469585055024714246649569643875156153221046e-21	9.239749507752540737858923042170884337254949973962284686705792595163489080188410297720773646786107201740971409592431158929371313299530032874968176334022423150334148433871158001837602129694973953215e-9
76.32	4.876184540057434989073417887771473130125253761897004426290648810687707730758466651259502346774306775957065919538173969245237401492678842117197053498026852212017604732840648311238659911e-21	1.174094234525846833358894379100699360460149881698533564676747488829602228786462374334205895675732338689602933354589604913597434576536177904035721084246712241225136663525150236647524057161250236511e-8
76.5	8.597586177132310413842077880644129704969466083971680784841493784654064340675158880281607984959563178372230841068487381342680629629526683482670167603532564397758236881941916768416072551e-21	1.4919206093089609151982808496310453029883008690620727260107752002017745185419038650746107984116815936135794863589347049070640584761801981708348368452695619400829551798013432690797031830653518773341e-8
76.67999999999999	1.5159083391119137978796403508696584422234932412634891608561505201227646170864721745243879696146981399783699884131494905519561891626898348381363237792622042649137116997492085276985033563e-20	1.8957823307766368429660913846292998158421060926410210054643522538440373082211547270276759621986718765156243298575685775675497424501177326908148571182882826379158619657717028376264970415079781464571e-8
76.86	2.6728177481967644576059576643856281413422006833366016711094282986077312180874391800007561500067034511956180163017617505049738163627981686498266660834620688154460283535481644032181501197e-20	2.4089690987978170697676950292873439989047437961579296105460379264874392435622621051160922262757012894947053272688950900106068648716523337191902656682860852250072195047971888014942623642399305722838e-8
77.03999999999999	4.7126561222434249886589235713585257809642669669335821128599686404287555251992549188786939948275077933554332846625941220852291628548754133190838739502282482526113352873863946748870060002e-20	3.0610751164588727989475496979271723352806393361089303979810077292714992417783644161653499384670976151615903508154611254207714735158620208303625585453122195946010058824926908599407024781142204313383e-8
77.22	8.3092563050742916198996529581149227544102748570475978528237233127863230337508232564516190952319746348677034129412768651601699493833819710903200180809722758569933662078095481119839609331e-20	3.8897057140665853629354161343564876686202238201593752047334657642669827831084877601541240773227923775373125230421484189960371210783405947993159518757848941786187768732895046715906819065079613106821e-8
77.39999999999999	1.46507062158715516083533535286122515741977423079418908746478803557068162295267564870711789677111331753638044831000618915974396079059725773326663127875797314756202991034033078529442566245e-19	4.9426459549103723940844418046204896228126007011773647859488985886937377206699649104028219534202892389951294111726561241520782001536475339190105761789501949427118499156245682328667480087410483562245e-8
77.58	2.5831817522911062951958120965705951552222014675876557692560811848751050617565424138095778577794870511844529198776973151053071245398720864356510691117225938479768600117589451965619737947e-19	6.280616280878278768114006956793522651376076628501942593559844992491618956601224658643471007059627552178949856955139331250380174971496928977139160113951483076419964780846721297372903044954138263248e-8
77.75999999999999	4.5546118166924095392259370892344887786596507359587515323950956831609882800693448124408433673868925936270846793271718987658114512809393293260942965221202736420502412375968282873783194005e-19	7.980774109147900709047958836593204755038042463307478247959027955995202526980438778304294423346056480788566075675622553884445225756055576779635925944088996170308022356294291120652869666935470136132e-8
77.94	8.0305959045875042912438038902857517551638429753567124189302455759803811131629297405166701266999317256375985739211915722504827299942644319970135261910366229322534995431789894031266900114e-19	1.0141163308314498678829943299957667682425458622289775708563774112818210202487141227976359307843875661557048136799475743240703314425499451129559675475742730524764881553262936006643062547197409304091e-7
78.11999999999999	1.41593780498314826959329012366070364696033989970927451371978231111731566351596143542501646513461010822878380553204581419626099113498120034672576108988824590671848070063482059622844029011e-18	1.2886368144165495362832502636854547656893639977536413610202245507661470276132918179333981291408705851556034506281391482478288453070936855606386533089353722344764553392647304873244713521910593765512e-7
78.3	2.49655180188459216368026637132736930616122269012293718520298001018389102904396441150675484346420167435257032961060963881750196386179004076018969416127447976088696648707837379687318950432e-18	1.6374697744075955301877169507689848223918640046525565694500578445406877500774658179552710531684476315020228539031759066305252039857049806350344666979575018544961127609032188834227109823466427227805e-7
78.48	4.40186770743605013693963402937300561309329113555988852394594481657550341941984994333625005958518855484230604624642247231803047154519714396427058952468343297185406682441526051805490588228e-18	2.0807315390197552123148512941079168320894877961913248112996848970836577587863206084573858714790797176938688172543776088689046939274694244267107673208806038018064094647968343224085755539827270872761e-7
78.66	7.76128069889896099841710325492772404557093070365271640654871470890850938205893718355264693628106339763858148287247998449913562374615188621570288356265928563333620706017018780152562311622e-18	2.6439839105047462597234601675734570657180288189738521672830448567518285392892310423316239623612774591201634337794767205266912885017553129748654870449115009910486844230610311162456815099330458784494e-7
78.84	1.368452713500287948931429587585576015230367890067932432565409146097241447558597758884284844497039232177115723280583250732303282880737571619132603257442505964321495935947012523963048464005e-17	3.3597082506382858885143622020631811348675268973689370723033619077031988511717369913055223413116968760855440247151861180368186545296994477714845242692347517082109684078068849009459684729237144056065e-7
79.02	2.412827085808097166899318850066143877462425031094126269772433290664406020637969399217220950208124351761701154536708326177827116803419862769612785826299192549517882985298192426813292726604e-17	4.2691785999757159267201417926927112771712146977929502493831653114565979346107176719242533929989160712355149177280605071303832895136138831312547133617478666511169383240533337625591843703908016005758e-7
79.2	4.254246046338063465454103312327434577383925472326442400842973170410161062020050652645359100698459264343003962142746433778514613468919895926685995378321030856666930869364741030204367308498e-17	5.4248418489992438803065137831857933315976861046742777239222187257936070770468743774223581804527620722031886074287047281466907264439043184597240525474137850576577185459943395816534128097406354944819e-7
79.38	7.50099728622762447528219790535611571475720417339039262461378715800317869711633649095937191330814963975237307677369432331949907531830052708870200487518076126731461471157616193779926816644e-17	6.893342219700279948253790188282354199683134517272040792657064892716171197131590976426019814260394714800147802457427700091544282004200883249799589045160968286622015208687075865476396385825841167563e-7
79.56	1.322560088794711302205062065666419456138073608330646458109537873295989518741865295550111188659410512749042128342041058533645189411297272362164880031231247276445750838236703840777132124347e-16	8.759364471918821048437168511014380975334524723153494541209770124330923514427127348057301010203340866903748243978583969881245133043887509131939068004384902959355235232860198609946996891958133442305e-7
79.74	2.3319101737101930622175823980280921266877748353346318296605228217204401807251201049483188476796612334562501401065916546609804096537521722333831722128620842876195923255764230422306894661e-16	1.1130517462579962554864394689820530709432474969566912484452265956421073435982650227684293409970387799495193536817996036321782883503726933091021188457076193188166628999489144686012569396007235044236e-6
79.92	4.111575046248929056670842754590414039799722911964011463738210143514742310134540651838808894105617656000553730734688853434884099964228158173994100444002763863050083501389630318162674459229e-16	1.4143539680528736634974165772167388063859180438545676724233863788435934769098990401716099455201636087833145689556861797590700469947125821189146440066311523490514252221264271380939549361301851796887e-6
80.1	7.24944277507913230810536840872785280506520351839448388536662006130362887796197057153094860388488736266230397425963693035986175515067057870935400658503781414199522428527361097247508203392e-16	1.7972184614705537169094281857234898913812005668504520042003731386651467992343108577461011228914766149647288401711856519354565233321756673816815735951716633713551756095799497495248424039633990235662e-6
80.28	1.2782065256742295554460849686619889564602629754055303950301540446405033105884703151777339700319426447548440049669704254768336561549273741727643812720606729646245475732808319619594737776201e-15	2.2837240685210389406176379959376261174445412454006392345717736563724133635172772832721278880988580798076648511406945883977653386674341893293646413778949574367887755201789502640765357579610723982418e-6
80.46	2.2537069026775659875342200368954043373299048085715424476620098761416007641570370806840654251950580868586022484180148437145808344244674604313623294449234485308062182093979325448819964481991e-15	2.9019263561731100698304238190632639990461787962246129079540038717504640103853284782942761058558643809361051636151587801449244357491440668823428076275552706112414783660538800728801946909892151135444e-6
80.64	3.9736886810973917910694740615151650331647496112750500222818959358627796275841892549170205970590417255353394303480133269889308372102813401003841010549439221466266390935625435925106685959671e-15	3.6874755110435810104455014354473813334121563302529683824147944873019448402307538520261419738970928050824414539141541220747189132524295591695864586004016374433829987767538059892480986815551022592164e-6
80.82	7.0063244317713354859509464962111655284184515296458034756587082552364199771954803603312864400143787258679357859312246039466344812196510166501503786342726545274359430883657401450646392734695e-15	4.6856721968911956418098821414265550106773096186194424646674878957863886352607823830999771663559005016205372438071316129897058105262686623444155536900305907659292974440445905212053465944789488956311e-6
81.	1.2353404099507723075407245772803501956888609115775059832888793807502743750102743061110067656172106548263642978506634160166077397190115717325382187518086811580161609536243631834977144479386e-14	5.954079931097792957566189522630710277965298083328574903174553850886819869361736759011181211171575495647076043696735341588294448052083510632741725572002887068611760764955652266373634542795263726308e-6
81.17999999999999	2.1781262676577549911294886809084600259046103138450985569439246976579833515864861746541679478982931997126968355844556903442789266894288057757453919603688456539550916668409940909673122642322e-14	7.565844629383640983315625635592380809027177576711596312452769866322284175383506695574958225467007896267426043043875973576676548052673293817312351882451612582538076705888515938878790825651445893866e-6
81.36	3.840426492686148358354444177307753455106613174982191199890844099251684930994869946351229043878692655589338186783360320666984436249055668533538726745054795472299869840085638514427715817694e-14	9.613912748635068806878681504122579237897469521461744269858869941718137565790825099498738163603563571834215507047013921369130999959728630704646997479215416700486970380597726562178574822392668734179e-6
81.53999999999999	6.7713593397805538771348143410375133105947523523961710030377350950218079328383797075119328037525032726039881721914512624873273385654437098786000189407970650788637320012856789073392456546386e-14	0.00001221639127763816987295655779231013508489554444296100679889652040252341532437615742521421712139300042505341401567601855824673489418238702149072637658345350615340423305366539810679991296274955673739
81.72	1.19391185837704973881534333085835474531175324255120923224240188024223905411724113920511137378952915108685584906491152036000501856466648802458604407502222219963245085961949410311970878330829e-13	0.000015523358673037912991534944859322468156503358516708759253831324345890113891830164985452396085660525635713499363315218458840867947424867822053946601028079589411767023878860656847730200491396911632395
81.89999999999999	2.10508031555678804224141662026526551326509120871829655826599647951322105653152445380094311659705042069372653684647627865028554265864435995276628752384496874538839064841780006862255554429214e-13	0.00001972551951024032042233317816775407478572605747800050944100783436090204051749666238303776469517236129424278981477148308520145070060405119471204880867057884344264268810024580900881867127461564758599
82.08	3.71163340396720166189348634701744599933948834979815056750414939783399973386065532872633087991046927896521443741153710300036010860904230618599198065704219215358334056661155769439465865573925e-13	0.000025065201941425323508647882898784949999536732312052239894098607802704075692547573005729289059808863828168237763149504326232030036874766876230795976332338358375490135003690582604540423224911005305338
82.25999999999999	6.54427407051321766341885319859213233071204288463800384114248059573786223448021653027474394839629988115478029923726802061779415116477186598436975173690878322298835921643210967905682579204736e-13	0.000031850332156690433420927464289841731035377467518706653031678988981100492000815500898394011135158509543971220835532345544344608788845179747810897113169860120654979529028652285718664652511561993165899
82.44	1.153872660597911784342182437216854350274972991963882405403828209565825998808385873196301890626362256771130696781434061697759208085082424087203926322089331335168415804336589280547571549302344e-12	0.000040472191720703236816082095454333722588767290848980611926035424195785736489019944893277539415313564179144280177738468895324657802396172801341229267598105036062015818973217284719734749805974981067241
82.61999999999999	2.034484042889767829646608244999238734364034566390255776651280684204906765956900027201151445795870635637482906913959740964188757818121126146257012293325744525959910452941950894802778939894661e-12	0.000051427981806252031209764644925259966432076845159860401724564094668572020718809852925305877498486259158494571904509233694113454201384090824659277507510519216320205154844525500133974628068810085974812
82.8	3.58715953858403902442647188281210999023720989483250803852502784520043384412302295385815485443225620912504018208945396251360153402986438152933645456076170957104494026755745363055090638012705e-12	0.00006534949554785894761508252662184108802077977586010090172690136639781455683422621974739056794210376161404268265696863197421512775363738253899527771600478504375625423265224115603076064139292136173848
82.98	6.32480436513509384667898737872303031057080610666704168269929505955257924310938457132570394921486802016040617748962988563607797654302458854763321418800139151709215435860027827834074092987883e-12	0.00008303955197869480744989973688982899407844847327887317494678223947211921385659466515034838511677208216115546906717807000360968257615386980721364887451684575272918301496012597909229022585844547192759
83.16	1.115176223054131999036884735838249994071488934489892829069427886910811507966149018873437329335620675791748180669275607044642464162404673859253792409304040338573751452405467468251598389469748e-11	0.00010551829260521777513890244281892714289266116069599393690587569780101217161661646833711484025483117569500699453390177859418040646568720455271841257789095375996168868431137050739637319423377842144676
83.34	1.966255296883490910065591064995510520228748764664617430919246080294585777737909647605820427454500300654633235243060136189970773249467346961292516988461936086935157051134408248966089805050484e-11	0.00013408201042771761650821199099085462737649056478551824406734360552647059225190576738192563790337603277570879902009791214962799393795618795250762772812802706924685003777480399973790015222341317679697
83.52	3.46686004653329756382650308325367246605783195555103695904398322992002400962131635525975143987658636184921324829444048128287373067159457286434882290644189831382844628203268270343287415322344e-11	0.00017037790392989719451979766681022023842560409056653182287963715251964600224975393338435794459952138996331939713066157763057356611850883328984880347438012389825338593696646203731900498940552085316709
83.7	6.112694827303734477113615916805181933945546538746567094336327155345737245716052632608873979583313703708037955300754971928950490096211467870867665612927430141719286864296497010436987858779158e-11	0.00021649906691393433767707803758372893542555099886960140539455147262294156786249003854254364754509979808458633236744699856863041513306190537713268518183746566676179660643144782848918650757553172643711
83.88	1.0777775148477190524971572674051201838318407497370471017334349880593965489388800762896179854071593963311708110916077632186241771805204116852897610876559019638771909071286543193900161261660573e-10	0.00027510519200828919448415628166005954501468941740147403633985253491573919477531996498395054760157780649416046822872943051346165093081306270649614910308975825826140489053738726376543335010728697085419
84.06	1.9003146801722852230793932006060842408543932941530308257658061638583998665307259386517919741182266705316756983928775687451298978495397806851120490106828745064233016065080326399556849847543544e-10	0.00034957594851900285751208049327674712110901930265490779591286571267252540369203193207580500791260377414644634147011842959966154391262011383060886583695119847187416714359417967279697686617670993677015
84.24	3.3505949366259851632758770578916788137393758654787215534590965270463907106567580347867108675147738247485967925642964555865811826152921689696674835541319503289206337801128729785514707515901772e-10	0.00044420587954326368075894875074184052098166756246878929031251405557821099307316603858237560023208409043142453583778942752900327147552649528961687535972356276755530861226913771594839903674547011990345
84.42	5.9076986294886407528161454786987009212755593412237830589869391894390037756508678147282043114068839766332105196901613587080548394117195773265803570222105017774261517487798151670637804094640175e-10	0.00056445205757649050890937605311543427990500483151190698643940272286801182022299289772753731210174139364057385733579169989616675865625495681476132029714813509279449776164988720247629086282276406500616
84.6	1.0416330165538594319774962948524114609070312729516245314038083880261234413494116759569141879694407394075608478312302527720994440650611836793765698423519770031596755382100743060366905638646767e-9	0.0007172487802951354998145886937985124091029194989318658910838919041780675878524030921055326148575079036247927349650206895682787443371471784766058849688209711644317879713173150936501194669913874332672
84.78	1.836585462587254466345734788132231359649659729853835277299718247963184341570833190296454909209726667561569994504573000036048366418660190497687619025554949857928669826309542593469819667576744e-9	0.0009114074542374141925118977860742718301632326979376299620250659586008641374886551259854355373559091353832301138674846522931406658350174229179855505952020359074605819980639742345700344984428413085868
84.96	3.2382289279948977357172852071358286819415915342111307053339914572254154988098692398818680400706636387927958392410019296649818334848401996788686597876731561081012243564705128027296785773956417e-9	0.0011581247266781276720858389117698609904623260046818944949652193560132899611899535951701270107228350506435853931663454700773452590948946370089349965639273423096062887542095266901463575244307503283561
85.14	5.709577275403710604739906308149756840140510282597191725918098879676833649990965995948640805787114373099031722358154933694915429699976785448517103557100943861880872972588099526029192265303535e-9	0.0014716281683975590044623631119696962674945584042526472953829122351087171988067559280762885807779020895391006310463406956355084502670932255511814622542224348850564544669720971653684188622981060230185
85.32	1.00670068668918966654049413886879980508375607660189943280902655329694092762462517318456840307986275683178738001385821028366245004186493716854901070832600067935854388500585960044880853567478935e-8	0.0018699967422619882355831572715916368911359482495190175304940038203210941921251618149859447638169506820828014059287412352473011669118274179177393103883410292486464541387331462498384090132769830265076
85.5	1.77499355082311111676297970347876759620921706101952336859504869048950234658306545240751430890888189845875599839579917296247682330129090090159705471098727743995816898793933382504276112749096376e-8	0.002376203371995912905327078075845320936104523121260642875919349271655749319662033196977169538978497686790154633453316010461145890982415058949634770619324624434379069799646613868061377635919535657648
85.67999999999999	3.12963149580575905955623630760948890025482138099771773525343580535258075826045828363783499177932439552029246004549137641224515735724402547471601428134575204588045414349882759125733147767810753e-8	0.0030194397334910913803753624903636954898021095522275670978885077844536631533813977868110418775502242975760918900743387958070069641532106754655729864274510562387534467045408967430635044410680420272713
85.86	5.51810102238475605081772174117260133591400272569720558488362164985133005879388355590094358334623425996940022826042342618451438014938828400087124645610269532174116641080655490482033707624859522e-8	0.0038367996660684960736711639130351729202750363248320377749091236260210673107381417023343385100478453138464845652981307302537776687750441090398034434250425871468535761289080506062517849742841908382282
86.03999999999999	9.72940153950535571217557033685901250787321618043344029246514747602205608054381203849835720037253979929136911237347924177384358982275320145093713064054713737269849011416269992015899762193467938e-8	0.0048754182818289910132184099886886479600281726546239659613507837330272526283969373813009395782935705651304546009018669850523558918798585651163235192483654847268316316849835004501906788402553333900971
86.22	1.71546823318422826600268870751045042026489749611622762509580355492072521024054205241724885044203277924714537329346906767445713948619030589469945616196448740092803175698515991062501235798282706e-7	0.006195190130202645404800065873397438722144851272576956081413936982523221598385114455816065678272475336313416948628939054081296514226881463987021338269992714441549923347574372914294755570260074972211
86.39999999999999	3.02467958271283559370684299155972163447064977481118492433065143232591847307786720325283875788376963390354186469162476875205265314660817748242178579101031976792430760618576464314450777465398712e-7	0.007872223167478064216008105446270182552633711661235419451607397116155972927284071328288466021593575920846543673112111193279148829122811133405061186604606532697623653517197156751885743999512686757302
86.58	5.33305848098974929457237757467600766613040888187936630877403098711615810421024148930249840836158611148163184821097385457984449041355232338963975222660462500816748953717136865354735981744500068e-7	0.010003227713134176732064097278001882412882099631923312958634469213372672693159713212616793976732600713029021853938251560534658970770495776982945747492419192037162132092083160948551202495121039482331
86.75999999999999	9.40316070540033202555591236296068389740057576340030312689451155178256607094845285049431645770590615762721187513581770994411176526967643306809703929525641658646760791190795328334082901931909956e-7	0.012711093493157736164755861638718286166732412738174009275226603716153531388622727230745665981154309602664398921570953775128119442022417625194346282315628227694312079794628505887265413165027159280411
86.94	1.657953816210813912885492894720340951448194138742083034226826461107496673368389841986548730409931833109250080081198728960394814206340540720118627879970445826955152411383798037405299645191229728e-6	0.016151976384548001810926245149165669529985071293941106305358241949749256517414561072688167878699409948038759615818964336490067055595570898554782771113733435565359479074999590261601617798019683512442
87.11999999999999	2.923297848351590357122417434264800725058607361644189405010748678812451938451590272363695740426887975242985164797918558202354724769565686610864284067980991420467773547641752064834785000399366121e-6	0.020524303535918731740445857914191520084443677832620931360968192827316955256589774568870170185239570051855870157717441395261870229132223855370859444347152385216975149061783165972025036028085218825323
87.3	5.154395614014514914182664595208284387551830624368500139360950894345711414814396641551802027503484096575085328673923933863817030691276498023655674351265276860576770608929791833087841538574835576e-6	0.026080216167081953249611276293860754907948686906682388407971446346982243304607477340675800427379223128874251129750440038573412568817671881725797608650547017332637367098516781615516420676129314710466
87.47999999999999	9.08846081742691901571865957908400363700720494511932643690698660381140646014128107604807696015435857831127948589522747696386565524976020133421072126644003864000873655024142817496516169848368948e-6	0.033140109925382396277543949699861001638506039017916119272948039675790575563076747506447498902026099960515494609105197330354832238225689618755882674355657793575546574994408667228698116765907478978266
87.66	0.000016025751389284423420899127240549457045717541856583830983625256960007186975765914286779386332696618836407994226167508591517771385348330128138369858092071068696834484211935836660922848553667880539	0.042111111304971454654496466816513141457086121137481912399329772145633866853803199410925852105610435297634121110622389074801818374489880300088617385751979388967231493054254237221892936306904122503369
87.84	0.000028260298200903300353119833785053841447293501139322168783866986003989867854864177592780148188238913757163154250716985439766754429650184077416474448835329656102340207552206071657247568439014983264	0.053510555618326392531708275032025224546708710887765513743834169198951283592186330355938187813177504366804988405166607894774433285081363397705158014378347377019925698048906048156972791573473688926713
88.02	0.00004984187287553480769855510630704449046679472027238519933779213480118881467833151631368801714258999189423726553790568371283368286642395116360130000829589883451575678449019921400817561763682384935	0.06799582043718972569506302322561985661002401199929050787795201034362793109623611278685519854473352699745694881577524331860864421809354260566723727416147623428776201700210949735837510633919549384857
88.2	0.00008792817444674466900380134676331736173730276302365888419452819829226965518259850924511715308198679759673579093877024563057534255903911146306874557886323126213653918187305872143020712591104677635	0.08640223492806489101542207719195644102438917606604520162198462513508801340712271213005159247755167577447654775615088907976714281706867290532072575158624221169726381259763367787763296193049053804032
88.38	0.00015519910413599972576182450942455799772758257283887193252592868848160790675211928102020053645281872275154924132321920892698792771043480244783550100866688867393115753065349152189272771979799009683	0.10979125124271437929889428279144487949507509247712448514904868901584930083819117834763626956957421414246827087135704585115960998835601367922970316696898835303517295297613274254253787585513373487392
88.56	0.00027421805179466566424312579589207315226997913266060384277702999482494765589716337747385652635807729074712697402586780944711820358962162047233463422662003032628153017559689047935029656150054620505	0.13951165600075289698172664230387205300845585520738598031479002128543262525881273988397266172609035074999584675985049818384129838596301190764533543737422109078967447653620896495901821808416227736828
88.74	0.00048548478100884119284515467621621555363278241024291712222817027890396855090890900464599982178029648698354988372418453584531721083222136697687609214169757221068895302244024973425705133880645845103	0.17727735232310578153811904275581763228837727729543274350373757582199550476750171543602973666741788117016373235739562902997155777880350053485157855362547125091812404056469724321125247603055894080218
88.92	0.00086289982400873821993529213061189737368789609380587309439801147615952746003499810773519326741798686531030416824884859146503912207512898071355108382495524308783002033609894284070484122845014389144	0.22526620054994956160503874770938162008326668918116640394625063208970704237470228730036696157055629040163512175986168899241516537450773414550834083592740542178100785800114969066995996706201235213326
89.1	0.00154545851196370534515820295870278039210249488936923286905437987252276201604791697279553057740546863736169642581678625466342083732848450657449066666769943988596473037838546958792360904635115316649	0.28624563035475445347057900379555938925337269618736660731423024440696936404089345275106352613313661070485195411171977043311000847815188815831707560563073733091708365656297103746910466725546160922886
89.28	0.00280869406422537265155309789046503056486396805270512599543127137660946080607242877515863772469772651709585652324593619980386229338072311629173824545515279521711492528698335192486375253280520524107	0.36373233056378805246810624451073749912788827719589297876858714987205775867918583708977940997479896774630547939126487980531499524440368957090507223134177556631011779850475492476161845537762047270723
89.46	0.0052456649915470753379741824309381011811442764507312239402595131719774109237116661648466610869945708780763650585905940942975263336345716393253025303582251144468250819714746254571306199808520374522	0.4621955332083323551075993751843341198663851854963459777433444329535100424874174680160372914542894404458312856652611654724974815413449385950733583852269801900584582771494304386360122154694815805088
89.64	0.0102821014471121517656469801944584146974838359748110819616435124005841695722234197543315863238587076638494243495620977005918570530762825913794355684774569306528430144239920405462117020413303308938	0.5873171405970594820340282692416716410057402125766960047697058136816711183431770570686769534711637247743377440629825760054813796831431213338842355674962000787069970638930736337976854115728685298788
89.82	0.0217898216092135275774365495829998238596244296084454684709944920236422775155920479807105630869961565311426348938079587056956077645958309937765970691104558440889896944735013800441990942823388482511	0.7463313592689571866669563826043919920710320331040793035507964423536881210076081070389201313555572242237351783105110971359541419166390497821472539724690398991662679648470306985100069814607951857774
90.	0.0514973983699331984143631447709716651841081891969785233273923087672234300036971125253570808899195800443365035390698949061297849654546441336535191939557856323607315115886616242260427297028367226126	0.9485026016300668015856368552290283348158918108030214766726076912344973953638814862330868616027048189041636281040758407650864221306333240393345275607928656318954769010425807914076835915154163669561