0.	0.9728678277223503941563615394651298199021284352317004410033641247683002195399156193740447098187664995192044725166241478007745169291489134225692304047897113598556237497039553732328858250510322281733	0.0271321722776496058436384605348701800978715647682995589966358752261491874561313196820987209457508455658316637036612331307566941577043822213458568156144400940255827348994493840191640465798396940385
0.18	0.5421953393785998057419046695972440414012657862457781470751291199602083446994487206660525269449797985045671375200116139344403889582590954781359117542042782176941253656769030218882788229521064221888	0.0096111320364341576883536010573792767993148340226053012677636022840031931588337363966886258745177393826935481737156208255952959129955551877152612214144825697659417276563682616413382969098143535213
0.36	0.30217816848638216068119670150131954394394853898096734244897992460637349956583954827866381030061728151103068194043359303727057276727100321390666215509671246979708080251247798339076823246084189784089	0.00352467012916769606014491721505507800527837043419384042509280051231793516329779307960837211851141721600490950547300306006434687432200419829058074261452631155333533859679172537280619985351186691805
0.54	0.1684115962997376216661592146077154387864469436159504263495406721351349076955921734384541956400092152994746869690846007314529597893996205268876361152790972315963113541022922106721668086034664156107	0.0013248137405572676351546004303180064736863078186733568098632273718609933816939381206472688656836477359650675029156705876998231138968822348593230847617353128802899117705412409108486183815514121078
0.72	0.09386019872084766532213139540025276286523947636142529384225633275659711421199919259266533591148196053978938757461917895528260510158479796283190517890177060940171753738674500581654470201343992412737	0.00050784176540642598810735632312530279047985354724146117812333594361617248371639728878799158134210780494937774245285559075530985070585834719915634971484116495561626987969496012295714955164414214473
0.8999999999999999	0.05231077787152414307729417179246970436435342022436947090366311088319558984973178811319947566232130901740882101673562911434469154341657223852883526358646988405894408423464443200995221049395815877779	0.00019804065254713676337508414166995892800481291641484426365907346031087434342036223822181788521751540895128619409735389712094073690731710469769087877872445420958784141337742494674476468343266107297
1.08	0.02915419065851879289627212362573920775181473673860938294588320380938112828504013351883259507796307383887321021017533398114216028382799078871503745858285917913102394955653049327030039091830490012054	0.00007844745278513338736453087458143013113833034819339250544788881184177121279312502582131985836245900139191663553988097924982717778778532891824854902033991504357031931850643921738194596822255618516
1.26	0.0162484092331995512995244177389693188711655671065867845097938730132610137074492917732387819628359896403015908887173679873150350995514296887263517719942593452642970916518062387251901488004278056823	0.00003152590675829779589593234058710595812334341444589059542964288519025188145485475002043402863815296521288218670587425572892059649959219251268345235041754118636783544868788864008430920884574437357
1.44	0.00905567297076639857301063358290385561425079937342714488168743981723728028309535244006106892015966529372233877742730572145215627484399531120184000544324091450058939009101188623241029231518986087027	0.00001283743684236523749901209598492257493874401151016184363261146794247902640496154134433060656012486941702172254461823714525236072954611080502103765285504569401138470944374503238785797527242283967
1.6199999999999999	0.00504696883352748340790175812066916607396071385842976789333287197455101488816858597985856059879336912306023302293888944584351744301697456210767335477148105529145613041628089245754627477046120483003	5.28967104750978773828235980535256630168847796870209924528592555039564138803894678819086178657101084751347793335813161779284092328642684022518095864877012723577498564244537562556606577010144165e-6
1.7999999999999998	0.002812810797590500538911749126411479149736152485763933431992090498043951648966654943017822089368223386168911887428386286859644552933966475792092736333755645686435641311397346742978959748794076673124	2.202458655953130469964708592049790067163838836984684335576256861381609848749314779976113607576472062095370850277411551280589146916766796999890633142861365411928320225423058990278358539645506751e-6
1.98	0.001567654742817521681183498693742565591031468016229572476832215891329471040918371664747297531354458862888184344093053670076086411350754900133353467934166534331568345128916419235441662480699424508571	9.25343870118132140804274641358452848026159799380136251259028336933775725369601421377482183066284756048847405888720571344525499465844052832901541186841301775335452191621840279428685902424096134e-7
2.16	0.000873695949131961067589182331746124934006656991947087632838274412703967716511516471126228799387874453526224532975112106289846779455958731808706580394321562199517909476269324902398881778046117164544	3.91766976664137472879749092153936831469494893149018104240616892682896679061239639653488097061405340766212603308369250237031724153270881036707383165405587715532278729486406315113896463466817054e-7
2.34	0.000486934139072930335571227820987097616326268631895182628652869085250339391208794596726121842694350095800635845954141156787390469282107001180707222479871851693990742072612448008151875258508651497194	1.66932481688924404945371692268586307406935291718117112123578996954294014846959181926762171614118392524090167094892584987010922354570196077904914205027407248970660429130804995331013509290765039e-7
2.52	0.000271381429872147871935052470530453811074771910527679129466184313162136536983653487725386402529808351432689509768928698470972246423489056816332809822927840112172882604292729576040717608057182436271	7.150884172289100562582895645282593945240982257786936818518118082472427109947070434108420721368503015418023559681879050874104439954836466060070576847354853311441299839090256295240357786699964e-8
2.6999999999999997	0.000151248135205341869412599115926787708419184763801259772932162507175530353853909026361257382914306451452821939266032693730685677005276638939011311936788809622598682351021676107824746932582740077667	3.0765602955639431826746167169935616121245595352057893581139417411323390029631028468446105267883476352399346265584121994179247965163084547691824531897344151009922910125933724887882019050199528e-8
2.88	0.000084294634372531580072612821064298340711905055271631626897594160603590984070129219393914164404910345225069965503956890675819729251312618851542402843154220838552408858457105801507169478766666912038	1.328316636822191096842578674359184698433764897634777570450948148312670117194798610389127668755237017020201358772530180072493245976728326820422589087941651883637484708794616369234066719110081e-8
3.06	0.00004697965614500519747324693054278870190831243578805812114573429646855957630838349862759227979579248823503003875027839608664436874620524062730412381773982237222499181819855853294421113461497601102	5.751359281875428092247622123440702562285693586896036130814757634756369144365115800100598603467845131936333742753023474378522169656993678409375650339925030549401720147267924490018951403308706e-9
3.2399999999999998	0.000026183019927783132205241915979993818369229378581038717463906037875378172159902342150484729310343300489379486553644057242252939331392308727858284951761841718988069288586723413046989268485995835174	2.495896513119014619884251821144604780437823535937327555037705039756586464956705824337079409695159725951553723970475781105983838067744950379344979163561825152518745345082626741471316000706978e-9
3.42	0.000014592497876835182106524009640538351990595376674750955636106012376986342262293150017379787210735275769343855289450786390885172477944575618134029377073127310252260139403409934939989262196375424228	1.085099593607715062523851221552281503448782059418243540696803151095012453623973465941594363234125992160585284774127627444634981096694187459486008624073612613657736180152065161455856593908791e-9
3.5999999999999996	8.1327896810424077204198152260626967350709079805593366618008854083395910347601462433895105203361256845728943318547066904178920267376359623565015605829208198125339328497017425155372420709975817632e-6	4.724302084416513163532610816924082841903938003122499944854194378383314128822277140990779636931609282668375638781845122286158468644848179676838084220034773510986093472367932764301712841199385e-10
3.78	4.5326213890585411160683678544598553210157639989707685618612862607056316023710068519467392681183123090797655582870422609061257426384819575508807778155389414316809613842665822557314702516132481966e-6	2.059210309794305815845955355248416858285689715801370675177239419622112611667532770538463448806114714847662040956717400346676449696324503319263920386443876310020707150736270826980479546582124e-10
3.96	2.5261512300607554823150947283511374878249408171132873056521675017830745292092157968112221368354499856001346997640680736876512965042547094692344493873070559300142770249456729031818378273414295993e-6	8.98369171672905365925165252856995107637463598408196891012605200942001355523013378050981871546943658581099370629197822339216325077842937257128447722899836662469363093653831586894102283196973e-11
4.14	1.4078917009366409135956356332980193664509405453786129426155271042015080120762693904890127322096279867991289187471171182301207198097727319979340005138039931568395122886314669032231908258701426894e-6	3.92208876689337277501704317743501261250615817439137745117134820459769745938724270627511022680182603558001594346198244660519070102462878331138374023638723040963999563839366263427082999676065e-11
4.32	7.846557316045922490158566961118170073965935494826390528881493375404347066420063621385429422478895362557587215498166192746371914608682928120510927209187692917998235955033410603180446195979744426e-7	1.71325853980418156164462915422224710570645929069491750561933968959180458670394528292218940822304332233776424742274518332964782846107354053104918536011576453548361459547125967692482007236819e-11
4.5	4.373096430147788392247976623191347807672389835013962779853943569175641789413873767930530618235126810207090769738017054872397484179377052838838134867711598956578473110115320081884967714044907772e-7	7.4872006737853028435587886941510943847067091304570084358202685718611316159694573482750323091310044754100429585405705989687479634881224157822906097623858107511959299799120513617061723711077e-12
4.68	2.43724370027419833483851508835304678895172876334893379973478785390349215679546115367020471654597920719176312247960372525206983487148348015490159401365785635371898150061625987859637563758635285e-7	3.2731523470712224130071237257974979209949918732942701514659325942400066207447346632495397096506302158885791712099054434584318030889393134853446223918976230292143549709128963812225335131649e-12
4.859999999999999	1.35834115469660974899233004902586073712255073331808265253027581928777448513792603147070533535732988620524033740342037887842113722184592130349806799555733846393669769781133041558676477606255959e-7	1.431300801176565972338424589175732534794853487193195725101667919422266985843503699497723182142619327477878124384811639789170768805068487822489520973135340036180446734426388165825427603384e-12
5.04	7.57039885808294604396330320373743972903989637110114209006684488777745917982176714597351757172790492464011219611612500700391719511901271100436268199374292550158810561942689097726920668107402531e-8	6.260199780216405271176287873838343649693016821611336520700625411930073642780546256250001907713461662373070221249520389794264476980453382439184193579967568159544720679305473827464777466168e-13
5.22	4.219185929271564610057133789766085787248357373934423201803620932956350136569274354602177755706417853277584740517710872922391584464274072933868441749135060424348397079733152660563051526666301077e-8	2.7385338557597206078156367206459797022713474038354220335133068485160794850012237503775536830187438076034103193740991671307811010767803122930182423360231004295206406504547261469000413043148e-13
5.3999999999999995	2.35146525823490683058592838656108415860563417445029791165693773897250591476351987113679673403195813015623813935359043255238459524393320097829608690656771693778956752453195901212614268012331434e-8	1.1981329532120828624894819578307351262218452367271654864364343163796379519435785743573154956142134826631697997742698938982761812077545477578443374443948369486071722558682292642419628454732e-13
5.58	1.31053453281695318755477978730796666253844840871618028144563362079104347613414167211517821466038370212642367444764844911139180820711458097856347693803481471582270870377439474305440583286504488e-8	5.242477678553095577046138427452683407973736763615906619494383588562543361425627404395429679479646916602170193166839929945338051998579978699003626809048136853291793820834000910808551765161e-14
5.76	7.30395975739386004673229194383950793369145450185329093353800955404310314386526314654817647665462501794524282996511475054064538039859279832720679249500022102191028215421363272124308997310335283e-9	2.294051659893471867621932964677592263025662368354258131195442291657924558287012062016952571529090680694827614390290334816632737997714215651224002290558117742432034976255478542521146670502e-14
5.9399999999999995	4.07069228637260808279876236783902870369685589468627408192734020855919376943427948361976442216203055589904926358019308037340049234017122923020621961868840258518483766801559822700555114319072552e-9	1.003915715323245358078439948592714191557970074264656128427893829260084240792526538407130137069222887638665781060850077641052758593020613694001570520262301541004670438193336213905545964326e-14
6.12	2.268705776145461876178827411977265438125681037377108019576531673990022833574833826105587782302831438121068420720172212312081654451175322713038519570332155093278664230779545305537976497905241e-9	4.39352225022744117278851241536545871603556913255374348955865581444657010197830023766871279385396865098508549219037601390815478422341682306069332394504712633963255601662120805233579226527e-15
6.3	1.26441045812929663334795191674012555506383290274928291038305109198677503301892186480870671885761014381857751224552622145032560957644641723393997218537892451294121505470943760978634122409361739e-9	1.92284939849841684763704595531924506025725159139735594469696543252481210535990930773486071522187396523767733139399750905966093438907286014530970361927018261641823876657916079147978255882e-15
6.4799999999999995	7.0468979425925894595286851764033841849354591862682710333885432262268461074429933519035823145931612190696242159491302563248495213411854078347890016750964108642403634092370586399529180048989057e-10	8.4157131754612327692680607260667748182932930541637346869764110222179003702022636317358861019264555669799243822543194489393475654745312255289059784921899485961138531721571608998070281604e-16
6.66	3.9274248559115954330040800626736350094585864584837575686332568467084807792163533120574061535461280408878865122004451098490956960493255241237359705940945316780889386065405314539929842538574654e-10	3.6833834646152852373135864940528344877324017406449864861345475616714380110066664308656296816051798084143814302831496147970383861563343108136378902103931536444268399578431047554794769652e-16
6.84	2.1888590021437721623290363709525567101731561494925544667333216168413735669440089124252589603750247903741776352712011343685699815949901470183983799416915679437893950052546208243036564993872552e-10	1.6121708170674808487325230760011825432639788448350464950949252248258523405362553483917056391418162765936731922263247759310505343377690560136127805002446585898239268469116801283094415584e-16
7.02	1.21990971362678456732745657628350788978110895040168978060032876563569524486947897488639656036870781522085581132771434329557472333863342350095315442456822498629344264495923390264036869180217206e-10	7.056373054438225365405364203631706240787255808726391007269282159785328770546731753614630756875664590371631042223925434807195664788549770187489633611691533336902569519142744924354828878e-17
7.199999999999999	6.7988833814487723777746022285127112097420506626040408597081629776682965285133381090982868239828352560132164418481724877745384381370878148986858270093758694750445865043260553166478945222643292e-11	3.0885667389266630797843580833832489491145756485098121658087090781530496715515241063428196915220182082492461342256586302682053767209863052145411803912543592224990337013797895838493651676e-17
7.38	3.7891997020922297070498961371653494672341407049752984064792577476315784207867640728180335332389705064148122116896959289892060834508542370931096640644979124131966572141735092921103171034524385e-11	1.351874415166802406469533149004946382489978763221303058499065755555529470835330223328421280768060808745691375275863631237604958450671010424404745574460504231907662604560853864541555387e-17
7.56	2.1118224238869489742339010618871312822477590122163652801680627453668841705872109572172187185052281515237412177598416086549347814621418328070942868247908508600185257573837709514599104949873333e-11	5.917234274558980454451376416111410102745022619954972569958912579774663382155512254527767912231892737168866085445825543648275924216976838280226042761943981666010291436604874514303081905e-18
7.739999999999999	1.1769751664366610152014611154454140576783858648386016494290420278523056148785359548280805037150473992995138452916566516566704006132194338069585220261653163086202741769964290454470401106965129e-11	2.590022721174433711626195760814206858748086137260381732453586756966259128104187093726137307368839963616033279220758204268227853218835701928434486717771112594394690743144660725834281375e-18
7.92	6.559597657169127694481090410745364967542282290074299945588650964083844668241751179837141300106869810779749135350963708550961428355789867837172196045631450402716454113552191494628703483435302e-12	1.133679411890019077582168084094695031923230283928215759376061774335949434532028850801073419011963303079656719456769194013147226866165793499015940464241191256315166242083856992613550732e-18
8.1	3.65583936271218518089791580805439685078667957441235817382302124941200344995754212233865606871249791676708403464316858589486796828342977510214716929122321822132510726716671796849413285296054e-12	4.96224742574518587557143294051927847596395098858936542082442029646217336200256128852126021897825177486499645105240264263085055015359140782574039069866668961788182395111382659483885901e-19
8.28	2.037497136939299795018343769996745220306202530029090717694488949793959817687999419901354512477648083838024883931205410992198869616719934670355119883017129586045094266095970259986869820513394e-12	2.17203951431493113869236729727033078045550419447177719112817443905762825158979231259554522365293510142531618853716721725328587993592422484462118259704469295869680726746945828480701331e-19
8.459999999999999	1.135551694469424746138512914159750759681673564517188836927193181510296485154632404183354537571486454384246319945030669126202975949917138454175364919752815817354551513109403386023042696541983e-12	9.507316029826860691250973586229433503166785038265023194781676040245974166944522436231850687212206364624749130036635664278081076730215999860134784294583308381580964897008824699045716e-20
8.64	6.32873355959369532128097421450806578427230181871176807758431280880158999181296276407835328351407284054670504832617141572257483125130959903151871533046349238028919678124655881038271564637926e-13	4.1614899062686549529192756424307805077117255794694817315262973538198703647803668281533467537078973325695549788406211915462952315887986640965542345704236449461257442979154546002053054e-20
8.82	3.527172621325864920534411340780685994900587438718986943710978601924136601246633696045574766978225408114414583492979711678713657688339746569048770903322240743381736340557960055043486275876151e-13	1.82154671812474523544280563933623504973834692527295046503955537116914539145906051937830087410549235333011025835104923691490463897287123854724800838239833063771961903016713195956585335e-20
9.	1.965787717792543954078984984857222177023418102754302613820250389131725252419956943790020202582374009144350638020296539670774257899295783251152501544359061355787262942830604050453751108428084e-13	7.9731918951002307729809559160998350644900989251263572207582327985586938187106094798403495055531624245694830959872298776351156222419491850025040905189653013173609071683358622838428425e-21
9.18	1.095586115649599035414120779323440855476554910363729671449590689080285754033411615517992933762206185134654042014517002557651782699190061300243725416514903118736241438507642666740540638142493e-13	3.4899922185960756027916337903575060560801349450425920112737678738622024725850006561017462307335841776332820080363747930582594483879207831662762425971441419798458757574805576856811981e-21
9.36	6.10599469077997944818452361412636257215286193646761773051694712575566153265858744601960261143705322825536064731638706244336327896649585252788373387277314792268058030384608826294216407687389e-14	1.5276257375254461203640469932865725050817534600120032295801312704219467450285732925408238216700164946548188258804566608017722496166466338080331540874551723808119824214398575071766566e-21
9.54	3.40303428742588791685602101558799256993486661525509204456540169916687043343516306531889786282221902040655148076228443575114744085258133331850120823051023529329289989350275259764402284505294e-14	6.686666811778353621344484471440094237880910670121211342813792490325449461770414190727993894948817920200203577932256202880252642722733221063679500151478130193358050002883197635034725e-22
9.719999999999999	1.89660210135507177712640318284742913109829910311931308767417817294045085324887962766641114571902632739989250957772518251950525720820915887783636997260900639915297769208445332899577759171948e-14	2.926864137386326287472892537502372777179477070426006914884131779498112240941547396705630017981721369494792874571224863258296542327560875158535961800891879013138956503786230511261561e-22
9.9	1.05702711963721653800992223824281234319462509043718398980367024592837109470832670548917330318913379301038412204974254440171382409929406187619735019907471918134308856354957809030693563401622e-14	1.281136991483430359916123076952191781263503544268841860090789786840580740349922104888225209788356429257902712372411746335566122309934769108908786721933546267958676847063909525979511e-22
10.08	5.8910950844685072086365013375980022142046050813772705502510393165168853376144247192849531227437231682383822453170767373824195555546466790257096354962894313676248655104575001742108534597298e-15	5.60775045467171752900826385361784772189766542324045422370294507192404164381039161371927693365014232069038831777052763361629440619507600707771575708029596036693109066698709293445298e-23
10.26	3.2832649843610588212748254958112529195208423876462502366442902872487232726915064970792827653164632828172340078978354935487344851624284492737495400646850970657301029370245647286157608924182e-15	2.45460642039307833663878924500439049446116285588190988299167791408636095808586334580917291705911657959754369493417235868792965588648223489287563455946106297385259783889805891014826e-23
10.44	1.82985146275295210040927346286915778338098586732620655280429777932290587440495374569983485353185489069808034342878257712105844954899253868969081882066204080959149964432785678449965128419455e-15	1.07442254804916764088198346126544357551878791772024054164212615920047654650475441820257524035780429865086026123934224010109030380016619155942884809440747567422896291274857313480687e-23
10.62	1.01982520195235681371474433936119976107463744139336744422078499290247565560163969243029015189329632563546403724184651347357104744505476432154235540146258332318616853038543113101271870485452e-15	4.70292886973640822582474996823362717450886060746346396225290458877998770477872845565480602097382149802293370253557527592065385448835988564674358726619554375964914091085558102941791e-24
10.799999999999999	5.6837588389412426758366286082080724962020695362197555997026333407027971943167784240821090649845864852085502496666905569884081219442055751597015570570863225548433802969953513110172198216858e-16	2.05855153694118332077075199923687992191874844611657551380810190302404553595579293603297674489286490545931691861573949513787903276633013267560704869525852357026646874793706196962814e-24
10.98	3.1677109447185343656799594222410195017333707664447939708697744687978977716838632149977704244123522813745871456847748168413358134487522045565337723786689704226577587403508104094189319601729e-16	9.0106289849246540591500695747468470810187960105650378507355862007394633267061947498823622961984899074644853562123586561570095502477651734497495134723127933700951700099050799235809e-25
11.16	1.7654501032909363746737654502166818659241194345424745765153571365569799253454626790605664270041063823067855223576387631642668358259041537074663492645438752348885576538921019833688880593497e-16	3.944105239900129705229371013152546297925527363573590501337357726440667582310909232540745456659676947888967133503330466807767969710052396319740150169398650795159641827542452222853e-25
11.34	9.839326004181613003385954630688743282509648583023523276168347304911490954955329155598719448969955873468567817690476988160113958618193847003244690795787042328791568014650218147806607506907e-17	1.7264018770969838688825459916283755329008685864531041832355635816542743575501989079966066318556901665770555062330285762940073128894345117825766136825006978999610593443897567525715e-25
11.52	5.483719762801496272853282509105902956297777670962085943921093667852714293477570141957520703489792235705057630384332520896112277677210875456862842479660967221057356562431515043051287669474e-17	7.556754593289522566179186320556487602606883048159640397005886275929004924492462860240635145731416605708501251464209284330915306749521472744392972610437696939405424143487961767682e-26
11.7	3.056223812907485056248815636464300982977509472467610871067718247315489011394899781261560591517444762094508615944917087953931247001168370274071940574266810270824367819917863532789783841611e-17	3.307720074049350102730849534687719323606667583820233431276226146951886538144379291371021147370008967908798396527608339359323661976845736186066008197356885114517807428530853522831e-26
11.879999999999999	1.703315340427048854700574889307641119175929531752629601078941010173710186663094166928521836102323292922257078171497403479683326648743389833407092972936408202132993700989462728210323705192e-17	1.447845390899200415099519496182212228167112731602714667632258338094157310608853040120817739955156900352054115137558963330092545370951722426922356013055341253016717098334882283443e-26
12.059999999999999	9.49303233840727248382906205740248782473955844401847246090439739189019453655085180534403416359456542977646967551528670353545329147228959873759567218405866778115223244565525398486849195103e-18	6.3374658737960856401985193397254652472507058099346306741470322607441939026499053648172606628993343311094179791157582616231942288983435997884577338248008968024446324137951468341e-27
12.24	5.290721033220559405349380959965177841576791932139997042815341409335588867529988475222265407849089838320005293610467733368111095477719147886989878132287214431887467106416070279231345772672e-18	2.774016787228227180016533737953889534621474079585058891779937513158577940333688400694524876007905730067403182666312605168911532289374189559240318798360158527832918228802214653245e-27
12.42	2.948660454690796544878901416016586712664478200317724967280751357048461795672003991176374497662070448304755814806584758306894414293723304925567835283138532098483572452509989263532961788971e-18	1.214234421672629663198891179334298576361584805680521789855738181334210964171439695209603709485634645673890775909570441961272291532166108483364982223539698217621697876827655708811e-27
12.6	1.643367401619505287360697273760602735968687041415082405834554035546986613309111653693767661927495372395769674890431629924822851000278916841575400516729203739985288120593981092951214764553e-18	5.31491102979947382635924891992776779194031500014719115850757333744662676376318564133591123966416829228223597852630194032205050073724920469605996154089747866978269973851609974926e-28
12.78	9.15892642847153983032453158484885031224380792729145886807322012148913469122323552462163101519652969412073510014516789091741671922118564919627522111843176452592944635469269179031600982832e-19	2.32642716413754818658621902122093064701016264853596995664538540098830985527754172039626093258980194001098794725693649796960075815641094981982155466862067924829909650722821875278e-28
12.959999999999999	5.10451486621229971212945502586572379809184610729509912803277349990427119208857443115152374087800007942922984812634182404931241927481989625150934838614171377832754325115199076049607531991e-19	1.01831683443426496900743544755837757188736154050207929330310530081424708193850978510037256604110614762435116480313316807757177627552073440618697209766408419543178629293965494135e-28
13.139999999999999	2.84488277342027541931445451051585970927481035359536722067877499722344208846332910146598316346462312261112934299752726480513228663794761763042292741767371085311062023530827215554960216022e-19	4.4573464196469030475996700278936579758332874990457588049653601359706053742125717648786128473359814595067032610680470226815349489187898574338303420142340037290511693166251572758e-29
13.32	1.5855293219096740526974270568429979924727588736415201754071709028164278691324762056653476731205000413368200500715275548342676742575188229750462359917171724806998065783276517529959907129e-19	1.9510565365822942096042629104061655721476496542556194125977118216962036955809137821158167072242070309343724873149963720290867612085140108211479589699818506182051944324003081943e-29
13.5	8.8365793280578563220690947502956203839518879980306848516045236879973147107776448459477578512260277020978080602328376306684821957409716275081544037850740589740925834899242235447166134975e-20	8.540107182736342618201061629633500116354754273382631948559644505225273183233575963794677279683622585477658980443709144478687875780137228324351180940889911775078519004076492019e-30
13.68	4.9248621985123945867546518887355475255894624768179053083431310087575683756102822637140307502773753287279706077539948445896720273556679136222461844512776213854370367793872964914216525296e-20	3.738150558564112387517480356522909149898894137552821484375507853706522035710088996993524187796217544151376692521321289597029852336047880478197724236691028748037694697989062888e-30
13.86	2.744757532739430536574076802780348633713599492004294687819413075581878283550723686653885603739853411491652526851828753176993271921674248215257376548039129532865176899086393959033269915e-20	1.636252252885297760287549145883644184003268049183518984400162993083392908845833879639346416912699839330468791965488752089797551871466053624269042861944452782447081787432559855e-30
14.04	1.52972684510959028039881192020670259465874365494621199716694266703902848093353873358978962386994655514817043271438881406677131915886863708548286386167154300425488351453961934100573838951e-20	7.16215517807705387981411590989350207595917879820411776150763274496429105997854235315052437488467398123292342974016708439488126529915672675140688634419634013570650632430789815e-31
14.219999999999999	8.5255771875536771505492581290266299947765919348783109780124662837075895726740907321212560906848361563215119085103900464171308244472586935812859054864925271083861561236533819866894068997e-21	3.134997476551855009691791938098711742932687635490558669173431519105479329932711294943745584617007705866031175376821053030011192736885383252400856678089783559528648138687064298e-31
14.399999999999999	4.7515323806537793927176310645659733082830479705657580671005234081571545956876925210824258229216305553497853760522488895495085049875899350721640022697446536569790039013190262105786611887e-21	1.372241865764408194749435747848853184817783175828325925333131007486228859190383915025315309719300972184748843082185218838818453041690108424523539458340101745491977075612776661e-31
14.58	2.6481561855262045071864066886222392535323298717876322194125969195684937716916738886177510570418141816899458169496629502533360832119690797425815145714499475984018559419915873925369634778e-21	6.00653669807465117910006156356340416803504620291060839100872146078528111333257982034772088225096886224771349407016937738613324797754111914793508566715392541105607541205711219e-32
14.76	1.47588832846716121731105840832500474955305946279834943329859895606803136473445584613227436829173265021297603121112892311150075640058340771440440264440224009235948400985672341579823177e-21	2.62916356219758022364266056085239396586391463855703364859739351683804756982203757625678653472684281002120526390823276354487175232009468838224879012248098353504215646188084705e-32
14.94	8.225520722724141560556412704967782047387346225174512575125977583030854553137833636370746530524926812478817155377230076980617438950457078840903734584546376516547397885470132486196417866e-22	1.15082973541003359324004277241993508492145124948514363994229222668989867598342428721160568472113082751141096888209330141095588706374528848316100993713542967205168840232899869e-32
15.12	4.584302880844261203831594501280695370092183207677743632278481898695701254983173429777747294776966893871213460850676836371024386363102098752061712030584694432884790866639808402330748699e-22	5.0373780440095315511758568089119329514505458797303259944276113201954723058691200816419915202736297580677278376264778286396141004227445357203804037570450275224483252574861818e-33
15.299999999999999	2.554954708856041180742854817897091417469798398694935046870752522160942491274720748246686697683380259312882486782439845998666990340956488342320542559169662780065195958843997379924181054e-22	2.2049462907002822869982641849380396032434152756391207520665826211171861255542040577786462697831855842388916533583589706150733053939970543205864304603541434179002442593324118e-33
15.479999999999999	1.423944650686666001814477462150325416823136371157519955654105147275500737352688451579794126581147424660386744130843698689488396676862011929396226827584167559721059388119811694567994348e-22	9.651426006024239824562241369579697505988742420939048539144954663958641339992353708637694210363123617782879906562191792802974664206527280575443508339266789417812778746363688e-34
15.66	7.936024702085696871284619609882375724965607684214360797193346382851451402238185168993870948780850829422292753410337328099412569881119379993656282725516213280796899213470571750644164536e-23	4.2245937850614716059024180019111901975650660218609405462952671104029079067977222412846007431582206209116963662858735918368063633566982407756358118421635211519730987274334986e-34
15.84	4.422958999266117405381647622502545894384872030568192537274683570959454205173373910157364167646544972806238539313010522990253335035745287580745585684287070436760269299804600177490468763e-23	1.8491767578497880221379837387359874813668549490985611179942270130178201375994330028972582802382961848296135584489688804144747760544949815763647885844080523280986946827482332e-34
16.02	2.465033444773404271730852826764863538244965524810418988682123225365843738472093895793647464980839394470590748296259688177403506854961475781434743017195797483182334484091100262586757149e-23	8.094162080419540702606272195883410919592534522665136152775271121380639177368580420409787697194443058403447319013188376312893242304631537397588371704023399600478651197106884e-35
16.2	1.37382912318646074023804471058602076427962481673162029090149133909910153330812745837947958431210813663500158833730773697344382483887961610290320041241826252176428935291416214599674765e-23	3.542952803713477812699504145657109032161774378746722260200742188914841514829361257604037907445457805427698713253508182376865659855143896255692904759396145943037333222882205e-35
16.38	7.65671745232153418604461927842158781794571744556760848620803774679056469520719218935033726874628576503605130078635881787413040210208518288462495314042227836805241522111089866979579042e-24	1.550810873959449461296387626390913735893314687183180753448915020786722753494192485987539823518036696538115689821073230067124207282010258264822238763928435562527928446748899e-35
16.56	4.26729359243087889547752870961658168677496864105966873865525301823301276999563680101857802014771934885271809717690908479148651347074002248490320323490430929278741999082083552292191498e-24	6.78816371574214891646228613135746334269545304042955248463607700605874048368606194599824164804137397173293457274143444915092341007498101779177516337692243583243893523821807e-36
16.74	2.37827694666731952186824533630980114344027668844434012754099996712634333587339057132352813083097137763832784339261836547664286254386791423427403147992047065083687966175919352880685468e-24	2.97129504356267305900715293018289217698976934921691281374830355346163797753910631208427866655413723829256596713361778162298126825742716140406322456962281617229346364687494e-36
16.919999999999998	1.3254774044799559095751459707270099730508368701132170165550861094862817295997697214160468271686426480454215061667724890782021740359229788343582194312489524895480140882887221720295571e-24	1.30058652174470608250934313954486896439764695639414130261366542981565138501023479988980416060235671715252024538715898628855029506333181194459045365460861804026910931616244e-36
17.099999999999998	7.3872403811038568190460107342501950140414130738778315833027392784987141095655068666622394865927399614754966852343960964708863963025642945608542868025513070054525959416443387549477967e-25	5.6928890459306574668905341340065628124587721747563050319126996313452441380197313965738489830006376245672783962685997622500896300285557616743714736861587072535864595694771e-37
17.28	4.1171068072354071085440877990917508122674067258935702056668798045287107743009074648734745146788946518580226787279815861108959629525730523148906627578579313259196138248805378181197898e-25	2.4918746386999884706695943592733574343718444918021640853256524449635133209294667800737166147576640578845815524304633880896503617542613613584051181108216789652891024429576e-37
17.46	2.29457383105370759531834212089946515827916882284149964059027503149256931016852573717585961516850176590340648374868067313200716939261672182676445917339663426234642801519706254487082603e-25	1.09073603313931126360495984107243231600551172275047617939811110305240156235667375818884500239843853549545290236800021840313587160617493111478711098675462962250387226285237e-37
17.64	1.27882741756994296548320111127095635621775310222486218939948407107670753719926340540093266353706622158504179735028574811394492174548499770359038340617506266935814426378200589100736935e-25	4.7743376633859196652472663711420195417389613143627237346165510624044481026613617733048055381498665575121607320338178229710372338748115254612864946594921750621207820468654e-38
17.82	7.1272475167103504614191933551543251526603462078731738763539646155768306760052598418873419270288858324188974377734402972432048800588950927328004111101497510450847052032835744532876798e-26	2.089809030931608259693806162624202537352343110973067974610083846288367177734145911756674325502078525973997977820042299176788977847749905681105366701732080337804068485322e-38
18.	3.9722058243778292180005679214696666220439709697994867497980238114306817021887905372289274915337597791497463633979551131998795777649797793458914852954579153336189633446309128928765808e-26	9.147450586240784102016166119897657594185492078707562855364856261943631008626286965729863132564226903794843998277209924639416133174332224438727231219799455989158070840816e-39
18.18	2.2138166345742164833656266054528721923388713653329179188611016261932761753365271398438308469834054488081109048248208718602894612838360819989266105822182039128257399551879869572216048e-26	4.003995149295645628279841072947060618648658584640205986543713741402081275625594110987473164182923008201560084465136933225616023427697409133443316321426238055279410921206e-39
18.36	1.2338192702502157630089288991525414033797116471595730493791509402730413736769772892195400753684884456992606587205535093553887504423580678094878301803876788498545899992397186298466676e-26	1.752616972836867316758340213518873093142981150443664097707753301213358306948190628552166116677183685995908879772499297895370646804989528198550253927460617047517177125007e-39
18.54	6.876405063843785567938553480860362815489972480601204245482772907032846974340822119235749105236314199824787996686361653582360884357640323646351139121216549338459582109674392845132236e-27	7.67150343332353539192377768490458830477369683890727498559010940722937999442306343554719335461077406385183617665773910560395829496103234920067516908196113678820597312217e-40
18.72	3.832404610803912653602629445003637987817857578638823968233770687781047287815690235335076560460146803538646359971149336868135202238380700099213993206650019071915080675029561257633856e-27	3.35794790531697615370619508306193093536339057798774278762789600065570484051098545042572444045046871784279722324837604758603007015142762347306716851198639922726197369016e-40
18.9	2.135901676027959467414262169542746019046818400437716795316990534641680467712959737298548536287784620240812478699354313427202640425714600120129960896901286932390733482505578169737237e-27	1.46983107455303990356373247767007841811980400036852986203346602529301749688818664878429345672409585217171124887065645394691488471087951624131786272625398760730585508797e-40
19.08	1.190395178212164966597523511361580561583951922476400881025672324295174564524196965159620666371160455956286092980280646071532237688240485526654660356320029633617219702334406587818759e-27	6.4337013218801033457535135157237520700927644624735316776376484106125974315483529553425660053380988401197797162744784716016038528989491101033937047162941245765972834694e-41
19.259999999999998	6.634390975084485052734820337705990674432056715754674645555749319482322836617195759283164499093093987424241076162730977170810518886212027102473875474580996098152999762501692230324181e-28	2.81614080800313799711204322065320768685983485436799771750154949455562787035016113972772539829592410150917618447704234895470907533075212866903038046750971948539569819241e-41
19.439999999999998	3.697523680866053918552981136521820760425582522182313549417044583606639923129564804952956824016479696072175671821372501779003846965260895549307885438479018956274192465868752954150939e-28	1.23267286647814530821436497212548446354001225451261471651760478163070866469006295703236957805568879716872960220117880519688022921879484328478319390324589043949166212307e-41
19.62	2.060728923259026251917451880039999096984170394911539057192947309983076174161356913587974751938651566079046911388682732637936931968281098800553704791955337700929995245224191031281995e-28	5.3956193931571220252349805368654662778042649637023524809882217066549927723744563742626566514999908377772216205147325590721321617307851297117101231275673036971231734608e-42
19.8	1.148499390857624827826468804044671153265518765467444844809224450731169449373109565269272582823282681847349755391570902312951094611191494957495907249230734525326134608216666424145605e-28	2.3617546412783012392064678487931738473047061363721463353902991200147496894386022007433393904827124462601472591716502900910185370970509233844043846234872251872269148406e-42
19.98	6.40089453742546084435098859301651541288780397377369005212500570798747669995542792096706123412708402328389817787725960434581589410621887889778837009223460609577608873695631857733747e-29	1.0337802908551199068785844963985665234774303750558223819457838548999715790422207844219520805445771101335907784413851588110748786860844530968858166471589220463288364025e-42
20.16	3.56738986588824249724550408604864176163749900138709757009663909417756622220679688738143377850822473876485051054168038197244156319238268678797519032606260166819335691471087036137632e-29	4.525032664622374462356693497370636116656087749678986639092636599129301640285598610220857145923855360055121951016855937818992153916843766680939975204596452235482476014e-43
20.34	1.98820186472886902781866963570778883241114186092828688560559827204633086984403167685504215269591919956447125477111298828817696126195286461259116942858566342228488373074161180717234e-29	1.980683980632530613586405090926114043867204025041920832714115286303847225623030796223742756848122187419669629112733646821954429307564983378396544230003701557528302804e-43
20.52	1.10807811972272616740405712917697628710846119831511540840810212701308538312994551784732267629726763698521606653776758573522700969788391105238344561688147229530413576908788481146537e-29	8.66979162781880622219327954367665220690490406087302961715779662012164247666007519103871048560921154685758695558605667967706038219991548401334757266568945609057683397e-44
20.7	6.17561597335938693553239838811734871073812779040418697023439849807674223456587965971349028788817020796818540801844317408310354830584034800452535621057146974284658975645153371773e-30	3.79491567583652057222160455369440286223058235806118354626316534296201179401363362986176329419321142102354180522441716646653417903879387217552658242782766897295249366e-44
20.88	3.44183609184115276743938783889529740435770722000507857219357252225107967177068588086287917954272356084295521686446812831603057510926455971414164354637001676284818964584411290408691e-30	1.661099321061119992518878929641630359614365592744574754701989662288449909844255699584475560269878441383120027255795838090916336352728560605796585211033518887893860743e-44
21.06	1.91822738560867996608087334599833464722874649890888343352212907049982962749599361187239937031934260950088614536014773213796805978058616353553916730679996964631982718801698155002757e-30	7.27091506143072276500093616947747210780229396973116827394320972628191602121464280902922073232864670032876341493260176542966823622585071447439028963708030019645124918e-45
21.24	1.06907946942086157301815158919054701540892366662837338034633427891925534152588759544779334261042186002833407152921796855581836786925986232208916529761069088355648037579969868089097e-30	3.18260354213931923478792761738242699475422949901905764356410117654025034502725696151406706098032654402576456308273081206501875931673144993018577409193504573227870504e-45
21.419999999999998	5.958266056005259131985621749698984949397516147874813871241507831665887246208505752455040549259923081894246875653056693087235114027571837373551061940549570823940092254845835189549e-31	1.39307985595490085319823976383065668715315498033100959791625359337528896938310138289363862320399648661318225229957783505064051829413360501013205624668541445087552454e-45
21.599999999999998	3.3207011648419291263746184281600518937949587049567318090892678707073983077842119065723692419366592110325870983591789473245587773509065936294596004467810922321172798791342234738742e-31	6.0977481466727008286640330240932370143243358257096138768329606788654032125784920269784013401723273901814856294797308455233472574709818466958288029848498990364648576e-46
21.779999999999998	1.8507156482326796919996971861211137992369055164452007936554178605464369687957222831918311326142504589739608310810034892926172809735889744849425387287948947997195061063526268847126e-31	2.6690883728818482793995117088087399341794797893102211658374969964385847133180637926439592098312751993136931915134902875351199778950142992424365366776636971164925638e-46
21.96	1.0314533710161030203468549866427770595022498308985823852956761164020557625622414080825867857239575652010603063542472483533073077528675749510726213881969289169399568438434021290177e-31	1.1683055073602112594222973200152277683969179172053959283812504555911026634548684787851414993823957465501828115812403774675240116894657359244212790422489441546306348e-46
22.14	5.748565737780616742857242246244293394887484492258463248595548136384371561335263934859066909489882841035045899212951172194443865725301389403114463537693277792221499270992145287721e-32	5.113872483189775359170987299453051733491538602039122660070133332778556659700888507690687525810103401515851468903049098850972305085190798114344932033937622385181683e-47
22.32	3.203829564203275376802517438843154039643305512401898804312871759904697485722559765673650674345026291618972237771510590250796154917157703879590430435058031577473042993408045706071e-32	2.238429213041692659991113555229831382834855174598703830344668396709605752517529270141185389211450656984250356670474903732032469537546249463320566434105198957138445e-47
22.5	1.785579976758835104565669339240586312157633526441600183416925078672453063790177684707594899624453959499511880871924989062228041646915681420163927813510664070703940074360108811772e-32	9.79798647359538736475304623735524141212151709309546474469857039920557392398763336779717265477175708293142637452419578388685802486538817728741632571633887253912947e-48
22.68	9.951515177415324932147277852631179451626430985365233842665859639823063563930356896445494391358387120217552863576431935585498880343411161135206934612329340817323660326905747692292e-33	4.288745803415804556123889602008651482418829061020856481832050049599528223581814314013234523479764580708556777409278080297354047978920637866385798907864802082211951e-48
22.86	5.546245792142592105557890829588672032224168545206906648607058862044205329070156293771945830393862265908989101390741142245551971277281682895693649592398969720034454281389165978001e-33	1.877257191146879999317435986115153043561215732054430726477448602579089185970773279674840435819478154121394736598685491131002616798074889116667021158046977343213948e-48
23.04	3.091071242766151693595695993537009924957769371274459409619020824250364704847796135380743079319937664143132024035739175757219989714883875644771536094739745565497493516533472614961e-33	8.21707492877265015339774298402876271848273939602738457418243254109855715375281682453029513990151265429292624182580429515373415912961087013180161372643780470746292e-49
23.22	1.722736745888926669269986827966491777739506044069407128929764805665959248536756334922290052244132388420565475473897881963323905659184733543331228139794836050692796844367042205559e-33	3.59675385469232836661233756617554006987921532841500304138555398432658708117806209338900892288039449183760170870870909051123245269648718920931327656270107158593039e-49
23.4	9.60127302979956726622856048979953009349669322547362018771703135488110153867481523761230934029948919740674749329503203929876612628858285318774819978428613201982110794287972598563e-34	1.57436051190742354133243611523331591478324016917608429785619586193492486613175383222956836442411548337579423109757306494331336763836527726792125237564240419137249e-49
23.58	5.35104646793783242600617665333084795287480501448973975306282913149455769674429998104119867017434135675699229739660115820679541207168963661543406551064659124899703247793831137152e-34	6.8912444987577142307956953467102248674476995119620872033663943799329682573805411795571913308715159183862083845020680791537855036127451100136198426246952628353725e-50
23.759999999999998	2.98228143425973364807654039155032668973090923934361511761611341581322814382699275949354689016221940262809416265579630362434489047784981379970708000491098949122354799348405020975e-34	3.0164152608301094371398999792109961956548345355565585335657732803992698392121224296491467170202245793242049593089965692885436890302359788000871693799839566439056e-50
23.939999999999998	1.66210527350509696256502890006486657202311030496262171208681317710892550888618940104794570276298289694089663665049534117295419094545335318960946632357188706350192267085366725032e-34	1.3203364105582129143858611042364422078974343033915676227197999765146548802682528355413622517592888364178604666500862837305941970182016848431533934679625711078531e-50
24.119999999999997	9.2633576042738178833017514912406692692684218668999749763376032303319877133296940917335027436435708449946115806712478539601453494294662995567113851229176835446547824840220403231e-35	5.779337678347376007267433164906929677681710827089445987331017800962567265071326357285489550302560126191908512269033449844595188733347663592221255881922584971778e-51
24.3	5.1627171559175264838053871804444750631465384762208827453479132239385811152456585836249290015656834470363395602188779640047265444076286831021658603224714056324120713378039782387e-35	2.529714679779562889377279768702280055754104591267239570932305433503592361558505440777542425537172516413541279586384361308553725787203895463015655217774875346641e-51
24.48	2.87732046744130981106881096104536348671549382986691342786249976410620077385164089738122906214366891553125809592622127989652968843760536513659348571023051852793840126511112216911e-35	1.1072992645970758728217561496241109252467109538725849036400243347761732721523767189456367372274719454071959551828593049889428737766297760364585646596039338185682e-51
24.66	1.60360771708504047274054448985530504320400605850290610416611765782363223942202629091282657004814071843482570793962516118196120959232727826371796525014678219688802415395736040582e-35	4.846837752801703577679350286987637332294683439778845643176695659046766487003360934950470167097001139468913900822190097945846032316591131259225660733304229201438e-52
24.84	8.9373350636242557991601512344366304720952226119109671242530724317691237413500262644394853811329593284375801322646356477519874496822008740798419073391531842322007147964417955727e-36	2.121543556748598551702802359678072659264890463654854718121648043384727788356362959967207153995130168395800523651769241765321291403610614702030755413623104981819e-52
25.02	4.9810160669893870835600160356392036263255852412032592415379692418776410383671574244364179349691383837895491507717669384897451412838420371928112270787956308999247167695096701304e-36	9.28635801885411452162467183454428572420372913472324736645270641529775056498247420512803471773926188532749535556763893599312839639253006524389732727299735560092e-53
25.2	2.7760535867774989700041352959021471934045567960421572105905282402124824420128431627350547444041436384098189720281888096103029573773171070001515484258743907595173823490921563891e-36	4.0647973019464666492587002786836806557350212445326365801702990908476311351219777239698254790290739263407968515540049508257077151965588225336393629675906493907e-53
25.38	1.5471689737628459208148460527109756802108075737938240431437043065621744300228505645729585966449959958704377784668512718498916677134627434933425030391770664713633364147720162051e-36	1.77923111217179558691997180917139800679416707851128173228712814839230197392017686217010359481020351405851441586947962594567891676314734759016910282647030160009e-53
25.56	8.622786839475500746637539097463986143936506620425343754267895752213957085007476869861402445106287916172971385931217085344673945402948711028735313280756314015084479514122568349e-37	7.7879980608237890677397995223764211865462169543029306188975589314298843100090365941104460454947484287224618438044664356062238327390199679920599109712929032982e-54
25.74	4.805709921793508780292201611271500776584738101627436427331231085619164802043253603923927084846480752964099326206624669495001248240518953327567938679482668647765687083446001453e-37	3.4089395908415690686362195656830959822088239446762049007973725116930917530450411262017482741947643906829295209805219386432974583073904737946853112760248510499e-54
25.919999999999998	2.678350779436566155610612944151773039844754167827524425066651133132724859234715566426886953872288670403307747987625464658547229908386428917257661657271851700312007155891357544e-37	1.4921510050784306308040896403520365640967337703400360550143797417773786420376544967112404023338451906503303686780140920065486303066217010166726996118222886976e-54
26.099999999999998	1.4927165839071828845205699406956020553285881130561745138780779179245053740209867074055459441152129042190015574061649069669462041288939362222856295425017917389853112788038348239e-37	6.5313994649195544291438987444357969264109461429114552359645197330591375183072911713504810633135322244929508415865734214266349106814344613998570301878383166605e-55
26.279999999999998	8.319309094906036884006987097090527323360456780836452785344414694288095011349153974615330096016067521522701682575420909526388466306015804834339234479134169976295745383758606599e-38	2.8589049516546207429361638599030172386570945573789476581299380482166475046683092727005757445511336912479208221291133415137559824419548024669817696958317131616e-55
26.459999999999997	4.63657365120355871481259288065834061132033348891931229044943126661518860881639247733806937912148118641725116298943159934384907906668652824257456893005690074388140505009766968e-38	1.2513914615841030467170958859449960021450139432201405612065321354935305182478575879623836083532159874309757655195542823052003689656137982609806286233182024555e-55
26.64	2.584086608369719261864095277390874263243417478178107760229090530814327388492346244212604452570717758734065210173312460029727853415507821278910180128503219297809964370728112034e-38	5.477553876771140252394634075468684538475461114509411751065771017215910736597032896471640753242377184990723322536594147928853912724829435029168213685304875323e-56
26.82	1.44018063809304029773381476444569689358415366881578391588543930237106502450860080382676779651705412367758201349262878362990898580592828544127756785684849022703201286290686786e-38	2.397618762313576682548991969990464386037363745363897027996905191199611551722243866129633298961349173914818160913124588663108995449985411391442834559529092991e-56
27.	8.02651220597680949668447564716134547596411271397242343193098590235828634743067192464308376773717767561446925029675623165628372122790105620281712116474202447641564987462818494e-39	1.04947862836662900362861921272405103569781215370039995610117757417554758928483204904930581545766928643490439283401742669034544002639086574537670765579693024e-56
27.18	4.47339010736878502913597182169726359215932916611220924484963171701708403281122951137286636280419738284268388191546026128599037285443897479392165270065149282803174460580776732e-39	4.59374696557472058887981702381692636758316512315765180278836945613781842717325164964316059906310541052327971658342880653528282258845284699860499146560363725e-57
27.36	2.49314005126708546160953841675979859075352373427686410456129516031058000918225782833002597906203243048709772998270896100273404637295634398850177894445777824363263368036586469e-39	2.01076140221837075616060226746410488486184429740730405919912397420014155636207339537831921706827885108091641231983905615733265640015161154097011904881770807e-57
27.54	1.38949368734758125440986367138766956020192728868158866912078523799513413943750352178581295058687241969064290355995809283484014814893599288768441343514194655526106420449296139e-39	8.8014456324007637770590337440166305573928121452027625025986916565506146101511218635754530027079027945138804328556699808634809785602738926733202855083031813e-58
27.72	7.7440202615073482846996100828297178253874212600428866445879749894223139291004483076620596856242988949809302126787608514469108150230168827960216228528185139031609757826881004e-40	3.852542879261696427016188359416784023479101727091313692825165499781585133722307447522097085158885906716963642035573858859951592614782681185382983492175128e-58
27.9	4.31594978492586030089009230558581639384779846849676159660722788343388965682455721122254680750675895965444083697124207547444874945773004674604681035850347909080565170413991564e-40	1.68632373094617835335330294599291364009111944795807929783262082073831539855901389092284876464322389191354292230783062350119733310740931756552057602532420624e-58
28.08	2.4053943451816089060571640465795973139231492488017769177280912808175897750718061336348032201444913643003705498178477093427824732247388445206845403711682561959436234584438377e-40	7.3813266060187366897917307087527928256578792529261989704715624029030898328951660242961216201019735675759420269767571060725777873746910133629153504907381539e-59
28.259999999999998	1.34059065655488206385667938092777893956285489827292053085628472984394434540969095545658556385173948055815794306128332864642477659923516611680114981233758225485658663801859494e-40	3.2309325584921762475468049786148895780225218440287378066727192338566803709419954706279905053816516978998602559765523131943463477041868868375684884598774467e-59
28.439999999999998	7.4714705804571981581211453473717797731567068518726033003224762739655406011593906706418081655436187888800729549376378429641464238207764009297686357618496083076838220729878746e-41	1.4142342907591836015429349087187385871422687375830679359449214443998761740671309626352884628507503186764280265697611224687590793589356614060476338283455352e-59
28.619999999999997	4.164050552022634113628719663860208175990372552282855231799153164404617010229993513467810669567739011183310171411630791292246373817690841591488920403285931739531600529537157e-41	6.190344716116655648845530214406293196096258825410324657843092926434261382499698697280493974089210177609585372142783513035031037263319234536091946955405491e-60
28.799999999999997	2.3207368366213880324899468398513206245851644970048829614369694461265183778414630448095039430173709176901803603520781995924973104658542558308379013798777546544911388575168821e-41	2.70961947074430018324064054246707857253922727425094971420405509783379895283699732582336497119853373542489995363573611860072235852455922813106036858025294e-60
28.98	1.2934087609083790797411313926435533521091821597225491642002922757258257460689721510625260070100151012771170342607205151120355490136504231290049398949947343476055944711575294e-41	1.186046660232267169658116406298514683956626668518058058098287215132203728815316942117574890621349184587833982511574433637169980611713674021369628590592316e-60
29.16	7.208513246293041270844950961344772479699532186928529677262083501506269080687329932136789496364069506844436009203802300787995990986762678667752797253496976437369157267752276e-42	5.1915285354135333235857391420482664200708820873365783352657899795421485871842294778830677064164903535103973606044881786962942138653686845035199697977787e-61
29.34	4.01749739080846603001644813981067807926289908091226085434352359342790195998562183769986988418614693817796806843400938559734435891038262289520917890980689189027423167069236e-42	2.27242059167679788933554537555252334060547664592783391992649000918704917168832593431479214124068571939380172717641432874792103923043792898341641970948332e-61
29.52	2.239058836917991533448038197257145328893667830562466800035737889228586583910173478250426371212868597726280401453402755626725084694476622529449537575050945999162960723926878e-42	9.9467725357795727004603639845716956562154673049964359314961005905520260780260344109018950703359456781679800325410651135714320683295725303109741380702644e-62
29.7	1.2478874253037596653871055415329882266695190532862573383662993857704596907044840731068085162925344526316240145081327851578532445617564656225016970421923174733301301014690323e-42	4.35387200067277849868723697357908772582547795999839302281780248463901899109738316072661862978286397461624984220813008646910641992025749243949510458011163e-62
29.88	6.95481065774370132878247200219700670223112124337241688900017488959631689000785802130656571725007900247717873555545983025345257853017945337585434501745977880863782149176573e-43	1.90576403854164353093546868235321410605426916752466309966714470657066622840559097533833339859632344413310202286525384192107953586115673848295115101459922e-62
30.06	3.876102147057964030022195375330211090859875733275080601275485500881433151608986740625235562681519053348875386253872170577460375659646193620308723794259573624177246380987796e-43	8.3418542622229889909136803948275740211868950257699373904103329037704308433572123100561300508139812949677917691718426903424225263573456266672917659554551e-63
30.24	2.160255482685065676038355439430014644164468525397006436182156862373069530900939573369623718795730532391861440620746529525122185300233497625408210230605213957085580230771694e-43	3.651371897300458364606295417231918162049732578426596101496902901386708273542840075131683663651560083747916854911507433431878775109158413240620761343597e-63
30.419999999999998	1.203968206568808786241148196783568522692513209082084586795908740052689574676697947475942873419699508979972349101165004023975156047597872645191486837501460254804502682290935e-43	1.5982677607751226084189880745010949049043682453586629358086448337925183353054642679805123605619885141726426087405245798974666495787265216480575275015485e-63
30.599999999999998	6.71003709536626100912806637336186361032126113309993995670366748736577108536921548753018081203233663337721266802770637090696027992835601630938924840168649554439621684906011e-44	6.995890604903034795534955557751993207294254210241797255924163944339279041565770621201930118351298577027984087264334926111693494056552390309855432063711e-64
30.779999999999998	3.73968328860667952035191502043388712579629513823291685217139414845780296149198040518856290198888301069935060512275735049427683074889326497521951585208881901258299139433825e-44	3.062220646435024476531071017768111560624416040081503296489428084888117200294229115004458576003460561968389173851963929165407426069727509628065701943339e-64
30.959999999999997	2.08422560118808089827559853144134339696619938248098510990619453885633805498383595146315613033486792873925733788514765831524926756586539676874259925800988864384586993160642e-44	1.340386209138401758559804419172957579126107463173652868886935474445330989743568211091254487125985423027306569511832185818799778663178767368805840005113e-64
31.14	1.16159471843036498359881464893331808056941745652933174262890146641477133090490844693823564589966181089182113959575229946467869918728303279696972918708133556710216153739242e-44	5.86709906662023768576225952567593680979210306629598272428990273780614981134909350692830842288582533509393643016349939236410230443820780528545404557526e-65
31.32	6.4738783033668226352617357369369933646919980403164305003182129136281459387514659769042465821825527069299507317936649703012663154878531426835482998011644096335224263303669e-45	2.568129336369628979204029880004622511306391523835800907728696475639011262440743592090357347678656122807334119081310728811222550787626138339121993129704e-65
31.5	3.60806567228862336900671330457108732034054385089460905233757495548685336543491710226366003685369441807142095348529833754331618226573902188514687679530147196862582553235167e-45	1.124114015024046481845720910608800904701981842882475017498177867692529791711080824927111095729960804951583112877324685385425022741102458545716975185093e-65
31.68	2.01087158045237084084696847505733842016052323764399443480444174796106751065601101578135920217158352828444999012454913808339572361397590977591897606899527074468459766847089e-45	4.92043878350684644389057067004858654584002165510493134555496114917797307159157952211557715245498965123505474966724100326862868164835671914329193276934e-66
31.86	1.12071255912205355797150273825913636044967865940880848735634963243219348389651592280085177774677972486768345282108204152212917170851676927578579297321207989186780261827033e-45	2.15375998329852973161615010015020443101141896556997946326259479988590472675167109904727927402312630368633883777359534274070739528524347804440469385125e-66
32.04	6.2460310861390271284961463748621945092525842177731758116854986507473705364109797542217952548583700922317970477071749854612799014576985984695510216225864346916059861463658e-46	9.4273748130081357674454778791930722694618512369089611389384525131835341958330505917505265735879900976387894074904771720741500367715132000524626228692e-67
32.22	3.4810803190763825948620744238563008328287791541796307830171707110461324834082010304718518391036558937541464685685023337455650256625472434828478771344068619026264960070776e-46	4.1265227580663673006978581374548637216513994324340379194016174484084591955306065693924298708872236104708327030135578732863856275339194527149899596138e-67
32.4	1.9400992439427002924621646158001871690325962396044277538412846751710141968451875619528552601778803834688202696148917057059290843415928378763200360332483201346373256991666e-46	1.8062493971644949731093149805654717345783987324327071192989880328070797678873626718334169573259578056621340576816846712267507054771731502715351388795e-67
32.58	1.0812692415398551874202736383653179550576161890508024502728143407402992030411096316544780484466214405516560995070422772018548780477486250191999611447071195880711300064716e-46	7.90626170273662939376704997131848898635048137092982165976394529265222832835376989708986876276955321777615700562141682917743586439338771542492085377e-68
32.76	6.026202919002341847607854032305189363925345287453336061900894718586344428058875354779211937497778852229265297325639451294737317371883733933441853364160744275260891263293e-47	3.460705604125888037987416664051290763056491621891533543685116918122401371890152113530839829337893366989765559708185284869241120616150091186223963863e-68
32.94	3.358564197135148360121200191574103930938853357104715547938832386085705659163791374284609080190922108637447053633415691808962073250314351413781280772953559302352205157001e-47	1.514809872064353720210961109699378626473907366655962757403832991413746723374916198055752576845010675432460753568623326211621455126039187771162561896e-68
33.12	1.8718177296534677451538349749303980118549255185727759705358436602922400058468925866667481188633169224482740521303817406877287208865815793684010081920882451720623880916066e-47	6.630581190636543098520322534032539758923288884274640031948074407492437671329706231767198639353468257482981064627550073789936404927071408378441983269e-69
33.3	1.0432141258558392785962091123592198188608890753314720294600948213687294069945673342285850818633723384576892887269586289611328323530830759085618883665732062947994762177911e-47	2.902318484748065927531771998495689678438249415915220918559082718846710921729204583028681133335617755317074988882841460902841878550696695633393296417e-69
33.48	5.814111572640358489256518092524170249458839834145783352808943104729719530139163097668677141270131296834907914991739946597127164515499266668388138925667386384635696196141e-48	1.270394305536233908954856154861316232223186996181737971616139693884037528114011342383790190255018910275690825679024087309538989197420017831682669503e-69
33.66	3.240360012512126293788033692658710786779048816824626787230357450369738230057310245911963123433227987693226619022895335764811562677274900593189777772952902702813035562354e-48	5.56073256630887652775502940288588707368296953179848326119235297251455103429594309816079169076066308843534221606292259833132741170773092344336981664e-70
33.839999999999996	1.805939373454310907805404038333270521952802623342542878343129215859165872061355575461462568663158647895911620435925165162781049818083685570004594198617114229641641593979e-48	2.43402749394998918146114090779061446213825684399008786782369711844890763624996878134498566795247696265692352369100743827286939585637151718779118221e-70
34.019999999999996	1.00649835450354729571605594994447328867263850786715049210289498089049523809874000638187408600851931006576439560060439635528175574649540245206743098923447966611693227539e-48	1.06541535203319780797938710300289008363283280245585153591687043652447264519063109551212638013041268160357773260874087814929606301549359587483318613e-70
34.199999999999996	5.60948475075693116254234194403234179234796695367185641414552362192247963740818420405199185343762724957128636417353141200998206596135910490865803385849458575227895751138e-49	4.6635047378612609927581214274305716331451823616753552819727820013602008023203085076201869093546639062130964229075323074688147229962912501120893161e-71
34.379999999999995	3.12631600719260296147275091542801080514364737895491708974917042244642982302032567166699420782211633999907186233110968772006605187049668573399413441238681151594211159968e-49	2.0412955949788791759047056675175009777582671271585050974083189702551206284814071927638066540203680671785239984264654985967727160504841586017957091e-71
34.56	1.7423795965413468818740845081093826046348959723809034428806949450602754374429792274154555434597593171404331890167849806695702154651668519170802159627958677941120942823e-49	8.935099468379707789752763871796138383569863701809575278141605231595879812578458838454669449515035875238456621078129190689014821327534094626420666e-72
34.74	9.7107478945155618707242631201632353575772712663913801136219341220896782874906067618114967295228368560306417622221707705006613176041922586652572752275395308952107752663e-50	3.911046279239258528130023408434307771677289825912994838664636346972855341159782747487176840737231400971228741135653467497648120874870207704036073e-72
34.92	5.41205974048495465087577328657369630353127638934605427370796142321528027630210751819824106218653518158732596771583861232104377913836123820757965126479959711311343286243e-50	1.7119331674562895031530551937258116836116531821184668136189332652817364266370813945190394214835949026987372632582227185606702491093129827788507162e-72
35.1	3.01628576426340007632306426751833456096977561095279886245250201688382858996732681217834870758231718874949005647682360324727906440171248659022134085859014257916479544075e-50	7.493450400072906187193446552081471532033031679079845198764785291354183814654737918821327788633422724298315668211472550008039981099952161476702697e-73
35.28	1.68105679684954977694876755802611820993753731501649586507860536248721325710643329789129050098259099212528490061503282345384037646325257479041712766614841637482432096406e-50	3.280059361694624759209329662638323320845664440121751499357015502904329430735037680214017682323779968032620884439789546852696327138315358606007002e-73
35.46	9.3689795168468973913211914408813235229746450157529791778299659006822153301577353008360057941439258338948542433386020342317941874786957393843440260903968685565861287798e-51	1.435824605036501210853198105894332843426513065944613433325680560207842257669704731332037566664914970547513501193989322498452454715770260436526964e-73
35.64	5.2215830750989555210663815840534410336574697848600840431518328949247500961511604313722321065980722899564407342864801314859679041285613026295482843170552746967988966141e-51	6.28640438825563989468926509463302356519995160692277905178205266984784716027508514310128981643864334486791049859188227992388768033268881512526972e-74
35.82	2.9101280199335729601645756879585213293505257514053750627516905002794203566528778856403999177793606429782438250415023800569732526918214283933093558909917874997868530481e-51	2.75445686232102060084930924741091241426490442711873073405956670656913394151829043579874708728788346014385376032792792495352459527919900613857862e-74
36.	1.6218922442868541027734266410284412191433394715878382487058096343946909474650923120714064697508702123217103947260610779623143386723501071489055507715053150982041533558e-51	1.21067957093042797162472875928737927378315376543712615954750499446446652767348848334515625081518149788429762088043292926212900048947264859413007e-74
36.18	9.039239628151800064328451951385418424118229409355704741620765415900473015054712467684505635409411732121922745811910384026619171133786859622855554122288091279153898631e-52	5.3891873255797641341680587551585346862436943731368980127974947249033092909014219753778145524235594993555796492685896713399719211287661539525201e-75
36.36	5.037810208598465153320087708105752650738712768126918277383444581906504035836156609338240418502843304030211616545208992447741571326541895179346250863920553868627494736e-52	2.5201307167807274634914699981084206630850804287682754105605880952590458857300665187818241757786294046513516301836026494151210369724631341622808e-75
36.54	2.8077064821710135281752303496988356241860625689142616759303564201148027477681128880619276001607683587813331772019796894301900632850702127941618198234364976307892336219e-52	1.39232680814668032718578111222422264019930492466311895395615827765598625616774818747288960897563249809693388124505554804337031811893999858847037e-75
36.72	1.5648099796554788478392186837100964818147544336064894726550805999055058406419420253453205967875110756403150435443094198219099473918121804345530807833229959509202358821e-52	1.12839139123778823378953385912549604174619056853340364000679910494632937534249039084328358611420620761247791732533927116826082595830736566346505e-75
36.9	8.721104887488155302248425389892869151302317309258683058270202225629056837445381442712176246590233057433888545026206139347602098318065628411182576609862247287853463843e-53	1.42505068907799365275862366314864563546021673174585152627127550679971150467808672830447627229537835214834495115966063912278581331568892998243298e-75
37.08	4.860505201744384227101502694197794692954355660398763406203756586806041776860491224937452469340305799188043570107973277923977127416090326000223322205203750117952587857e-53	2.29448460142507849437591884606658108638881227690765229900493479379845456844542767352677873467160722171253695746224271424612831550795780997730258e-75
37.26	2.708889655722111987442479524636449935931877193810762626650217469795380890145003752315900474985378184583065547948460458127822304763280393406172303707447024657755483769e-53	4.00206582759314691889033556199908573979617527314816409158016423842024641194872020898337368759317985808907844204372490814337802837221444060802942e-75
37.44	1.509736717130701041972240976116370537678403080999373609877062574819507451761239887696989467961855340621369122932822151546036306259461578049535791116806327594102552956e-53	7.13053938934701902233133470706711234340046153809104836683358822641449492442323138134996272732793282423320005154131015110846905446822641156155261e-75
37.62	8.41416685333751380926871211930090084959042951465271564765090756225637507152746678750564277287380832189561335405323446730714270788351200065059731423843214391841682366e-54	1.277216997335226145864852467471218507223024505912413994908162962573478883370917634667002353433711699066728737063923812294852779165743141142010767e-74
37.8	4.68944041914525227323995807266291086043656995500804148114471726415017853664197542069974770275054324395541518548525059689242190845827093755761111412640341382000239156e-54	2.290720839305443441532373522430039481472138531475616950250665892533730422594671813352699342521740774741359135740217453694875672233134653768108461e-74
37.98	2.61355067328982641458541598116034097777883015574304446294228798704827435069575023584674183672011370577360005234425201747114710504990177178183822665758367246310306388e-54	4.109771745591410227767095592689895340399468855473313766285321202530805322018139901877688343649463449427966150442168632872696654793555240130412701e-74
38.16	1.45660175017187487918311107396882795933046682616678546016591285810606263805054628689915161708829518359684727488268097633563688743309389349974012099385264936275073756e-54	7.373894637353420561605811303634518952308541216021741460476390623500048659094187005663830685281870254183070046410449247548757494547430647294836157e-74
38.339999999999996	8.11803145922201526220826296329023012606553657860458005257342150968106123259423807315329505633785192764876157666205013905736693823060800942602633228358614861451258294e-55	1.32307472507725352832420624969121817638147505179325388461771964282507494794025002712364864517558050361754967007134154891964879518826836497093278395e-73
38.519999999999996	4.52439623700452247025669933025846423203915917056682855715146453214284505410131867849752869333654679887892763781224888760542651199816201968850568656786068216462127214e-55	2.37396233151676823319462950056414766810277195273528778600480783101230552306150976168006344563195535032597592245320521159995582539387716808895139854e-73
38.699999999999996	2.52156713265341593149534569513372415674378952616533601288932275354761725280270420480814346178180402918460320085041832259253390704092960349854002675648488178288876008e-55	4.25955041878866886254857306903522244022821027815739156748463362839522314373331898705730312115610988503838957009268285916514925769038456938058998778e-73
38.879999999999995	1.40533686074489901116087217050747554197037070383711028203373974471411215536137233993600511372326362490394073596311646882389879665698117312843071288107558031458799113e-55	7.64282335689500776983940780934778400096447146794127629759906331896298043301383876182359704626978909817114998557358854867198391250803671211464206588e-73
39.059999999999995	7.8323185077768990602706187092298839217591364206092736951208720838228208231890821026466381715508505579143303164812346484735747324931475126689612043400237326309749063e-56	1.371336104453471552644330581588102958923364374055227299983427382963768586824357031280540547806238982611338661018101246012159714287480214984702424413e-72
39.24	4.365160761153629136280195025740310862268326761420764172057013609279831450404333412694006310531251318710011614296700765187300569075412354825740572393994356935647119e-56	2.460560259361841650374639812550195610702849719454637468125925032241070971518153779161402563863044386677498537592179235135519352895511032322782417048e-72
39.42	2.4328209395207214820913730621983095283095234811178127973477589270357995747983908730995721567290699541876951242165695356925335763051692709093459415139268186541262989e-56	4.414932848658650349455365088344488233728242437563866106858230034188543171320017615806777705483726974755493648335731608564911624647320580515918757132e-72
39.6	1.3558762317395860685746348346966743239113527988336660639021473087154563490274466236205759258279699299090154531451084854618181706898657107655200185491334130263843517e-56	7.921623542025948177278212442106687498899642874336482664610501659350547143841943730331750106309257040149560006758115859406376271465385344982574284174e-72
39.78	7.556661182629060406969377011625832448710831249963795972151715388674578703915950822642389805808642858790238722190309798563715723889543318029106827694912536859817033e-57	1.4213606799374843252329222619752011981724195731503987265697045557064510156100647363757671717904616212965692086402876747790586962982714424523076828931e-71
39.96	4.211529555008840919684639396535205307223412938291083565787573471176137131801801534357981214647434689297010893920491765091935999562411935388855349655798491668028032e-57	2.5503183430409253496953491816238932457328871111581273263811439816982245147163155958226385861933147431607216635548985716502949675653045774792625338988e-71
40.14	2.347198155911238020476321396809356239745318320861236639937042755841257872086996427643659877383792167674724333289548173296001405425479260952340956819375564054426894e-57	4.57598394464450142226305995502156902572669499961974649764043069433330769251731899706054784185903343693462433535178640873387932386289043576869332977849e-71
40.32	1.3081563624694902850683777221200443916279139970565490233288672963539007210568592894334660396613929860009199870125466382043495368181723650535966183701558154757373171e-57	8.2105942259540246298718291400799704661559062146407483797192153544054145940444503175716474687068767958978285984353291876965555886616571529574933756082e-71
40.5	7.290705577454970515737108062200510712258994766101858535404691576159638270134460442764355998711185902442847390374640599932903682691004081565870183766949934933310906e-58	1.473210097736992154604306134312297721406864138872999192479521764673740407057434749588360439991285177258299403522569534377314889939074716196254235280238e-70
40.68	4.063305377102633475856962189725792157816590379549310946797891287862393609738187242089259435802686023766412106583657239936645716657022024729021629403633359515658312e-58	2.643350691006171073974751629554077740391027826275387966877224679461190081470228020581636173245987837641325720802935825521985355315083082371949037111112e-70
40.86	2.264588853875322700999561546931722926295220107468249309036871943012919349392960421637819820302759964479527940885249997973888072282199395952019316064062043132389178e-58	4.742909980305184157789498024772336423531285125925217385886045722140447722589743491501264020191184232667507053485385651732551083263126950776905154967884e-70
41.04	1.26211598714570655367079063546314922899866932398586007417720461584944395510488628757199995939061093516421695127623893928059793115631259437794895479259860465746262e-58	8.510106191288672325591330557295347438893698359665790185448386318203135857365273082435417856177885317256777933346800189798287943114524417028023898731666e-70
41.22	7.0341102416133356858708811392041354503433418627041437176828393738292991942972587363505149900525933224641603162840424170470165972000536284717715428268120673419501e-59	1.5269509159511819118924464286113435836336522731408832118917839539053380707905547811513567754058155692736124515640658095944506133778835314664092224853193e-69
41.4	3.92029792785260779169596876771017451275710493307976481877478746523238708222277272572415958014182011565020304636611251323820655025981326871569661202187190906951953e-59	2.7397767399317119282465202917438367234767028837936302812248338797147472521350668488485072463336294409968890996693465846271125239926544481012273131649172e-69
41.58	2.18488697436173452991855316919220141542057971206947015776842332756205641951599732154630715583258021413308994846790684718188255026492559279051363166961592680143539e-59	4.9159252640383026594448864878968615081838407828147635726074247276001377350502136954274697124865724651457873835971333310586051860516834737733569739379154e-69
41.76	1.217695996219972418124341097092717113119399686915676817909368496669661834975423332063856672798677381527659139375921889931873834782600359035580055956994219315137762e-59	8.82054396965659238844063020577575842974121885264348950772573291987873053198838639904267721989452327804230310961115868464819262574693158408403144837457556e-69
41.94	6.78654574176914969443945852854928911736124578427431552468427089870739604113506663754367594452493379068289053284626424717901032358631464651858839370214983588237349e-60	1.58265213040958644658020525582917703962405114755433823717140738623941568013419117466327324520780750873937126486871219646543228265118391095712417594058764e-68
42.12	3.78232360524284006530382958047092997950372862282999232569684087121423397330714982339677482815195606156795092812621253382762658256134395439486662826775357588268052e-60	2.839720287667837504732090295032047698853765954592659423762544578116045362581048117473619469881855507749728095162433797277388643939268643584016386358161778e-68
42.3	2.1079901910523106921812490461703743156448748404104279725161659776300379016520800291797130998618897817271569885167822270165459090313413801628679575967747811290735e-60	5.095251923810547071667247494705925496906005566683491773459433137356924981481611287623300386449532666173231855429120349521051492608153307099451186214051305e-68
42.48	1.1748393604960882943790230001631948138753797811933561046764846875878369933947943781296902110713275450537817485947999083467898406211752077236359576305287155148693e-60	9.142306120725863924661970706036760697503657851738752212540983683551036282532359847407557233817431349705362028310763984013669022502888618312870515566286502e-68
42.66	6.5476942389463247128130540519322447027033250796609578488258973954816796689549660540817081121595959672936621438305131423735585708903979428905477366623739981907223e-61	1.6403852538571624658446044783655119224278869731171796617498080371778101857040297030111021581765904639946132389305785363545342175694458231712399616711834474e-67
42.839999999999996	3.6492052691039913921447070473016078749782374887669929356252831828372432630169187692080085322205836196959659334950813259591233376807423342616122995171751055920541e-61	2.9433096480676400335270904310349602745504998270341262941109905810189525770808438383868734495326474911822772314087303651167868392569686324105207992926979594e-67
43.019999999999996	2.0337997789889618913528772915104701042804547903107537544777705700010365923632131073802839685992775370747106960284989175275828567605545933046146643153840766494976e-61	5.2811201905393361506364907242068630927284280969021212803043968735807430857010012403257340755547240315089033250929357011986643222653924312111133277280311851e-67
43.199999999999996	1.1334910579122253596870514637128641441531535698230252637049387619764050467746215291989186007830697089038400381076642228369867364479805091206943862826896582917773e-61	9.4758057431140152378945936314691957189543300682693244539766811799162907318878082679447149756758553001424900675500059643316801310189301853584746022637484936e-67
43.379999999999995	6.317249080465894142302028811288228706843776707435289689388633000675201209096401695286845433858270208506956803803915190095806840100056920578012328914104743684755e-62	1.70022440773237979050523554222453691932126674325201343604041054268197066391795350733678380081697843011752123446242987110405272094434890176709609080764010928e-66
43.559999999999995	3.5207720136895451411480428194294797438226351062976404658835957331802243346890756387369528548372417544181372653742785650292739550924219282711820958596699754660016e-62	3.050677815709354056016130336454243590096115968610106965700201812809562229693999621957315292635926415705905206694580378964647176157740438262791426654606825709e-66
43.739999999999995	1.9622204878243217232581869232257607236105206671500093894980054280749180533034822245814742120631704430990168074759171947287064481776550702904693922842532904947508e-62	5.473768693671221985607454458102874443090453895289355286846060687451428567527111854266138862802991028128733591436716142097268072533203797095206987807878563501e-66
43.92	1.0935980029001196014224435404786199723524740602146759793404187866137555028456845339602318471734122785614285171116635088034411369640611919428923598864995532324575e-62	9.821471004747269851225547543626396507176395170998725168786290403232736886755781181270495946682999040149293010745291861919357529317157644854340798183477087654e-66
44.1	6.094914406245891803120853659242866433622537541471641721949870513108231585364061621563205757467856218669119903012374196419717462784307607871808967466481903707322e-63	1.7622464173288873235155322934994846186012294175334097736893381080056575012393347595973687973203742930606857129302019892105016575939984646033183635019437939991e-65
44.28	3.396858948256190998289401902691366412887347870979085738524002693348600026646587959583500210556962346689322881726653304010842991230151192071675842412592053217564e-63	3.1619626366431565279788065931631132184853120295780314766317379556128053495403088929081392646450322598651230884957689697454464272123249670911610214763303193613e-65
44.46	1.893160419533321243773117758443208957310804364707780095395760997996512409631185915567678041670576587947104158720082306779115850742537480552973156188058808414273e-63	5.6734447675494512087757425660916983421799278121558293358654968256998405979959825151748886512630200831030431943217624611345685949867836960873945514348498933935e-65
44.64	1.055108978230458887421843369842991053804755224553865528998717696558438963050469360487601332674068734165227521490878386009978038359807223158909595833313832524084e-63	1.01797456925696185196833749055105180454392972916068639098249158730488446285742692373987536825112973178800852670666172624652339044964906769757374159800137988383e-64
44.82	5.88040476895745034087690428974534951535056751531829124116208940745245877650202461770643072882434616527874126402550595357574676029880821452318568658005393593829e-64	1.82653091042868710979697497244750133451407239494474066051807201059240526344933585381298843303207299198667945260600056115797651898826706448699805709278220467046e-64
45.	3.27730698536665088593454138607133215730901328779037875407101620609744958629203874494437288095839993669901959330544751349492101058123955744440660378862475741979e-64	3.2773069853666508859345413860713321573090132877903787540710162060974495862920433419414836529603605481865154136991513767924042871268905587173403319295000723294e-64
45.18	1.82653091042868710979697497244750133451407239494474066051807201059340168897685609392648329177540943920374893477296355601604300511081718192743737063216316851245e-64	5.88040476895745034087690428974534951535056751531829124116208940745345520202955567104834809672475427427168576032176993279053895449888089623419403148766989022939e-64
45.36	1.01797456925696185196833749055105180454392972916068639098249158730722829222592248761762760905178763247367553538512774258603261046107250533487761060550378925675e-64	1.055108978230458887421843369842991053804755224553865528998717696558673345987320541003959746777103403545527003506874842212505555327349691810548479409798032019069e-63
45.54	5.6734447675494512087757425660916983421799278121558293358654968257450087731622508191676097008996313835836765142783770917133265211214526312060898908748597500275e-65	1.893160419533321243773117758443208957310804364707780095395760997996964091382851337620720230203571805114315049955718495872989866151592230646867591592949401077375e-63
45.72	3.1619626366431565279788065931631132184853120295780314766317379556956133256988299161346461586243717753226077613835005466552000890954208409889369616078385582558e-65	3.39685894825619099828940190269136641288734787097908573852400269334942810640817798849620520238722586251140137221257111193688174658423741207056890127398431265778e-63
45.9	1.7622464173288873235155322934994846186012294175334097736893381081552733426454428802221611866540405278337916822259207034624005468669419641698221103319591491846e-65	6.0949144062458918031208536592428664336225375414716417219498705131097277437781312984365737345648983217606601552510254971322370836400163077485347872464549395493e-63
46.08	9.821471004747269851225547543626396507176395170998725168786290405923976867528334937066026995251666506558824354775658187777432554519969301191967055760148816641e-66	1.0935980029001196014224435404786199723524740602146759793404187866140246268437633293727147743274038051560881290493232085163832251832674078095286893732257815640304e-62
46.26	5.473768693671221985607454458102874443090453895289355286846060692285705424719805096553446589933164561626895027842537801396112862938438439900120038403559081422e-66	1.9622204878243217232581869232257607236105206671500093894980054280754014809892042568713558709914863207123809063467713178405723097414544405039917036728795214492088e-62
46.44	3.050677815709354056016130336454243590096115968610106965700201821489688959590436160778330349163818849294749346225682767146735533713059019231136781292012534155e-66	3.5207720136895451411480428194294797438226351062976404658835957331810923473620702415050097177215664075511754106874707171500786028700128828157856380626877883613139e-62
46.62	1.70022440773237979050523554222453691932126674325201343604041055826541233144608478461240398044934298418869981782158116515685642785030914723325252715499932717e-66	6.317249080465894142302028811288228706843776707435289689388633000676759553263163410462635073595305849987587097684960755481371614017512248172276608533822926486176e-62
46.8	9.4758057431140152378945936314691957189543300682693244539766814596745628439243230330418040232141592472186581679347747479928746274873620447605228413505403536e-67	1.1334910579122253596870514637128641441531535698230252637049387619766848050467351637752839084005838259226866889006420802450036390094173865419621544052471133959538e-61
46.98	5.2811201905393361506364907242068630927284280969021212803043973758041903897821099448407946098871747541477012683123397304077353362312035172060741725828462008e-67	2.0337997789889618913528772915104701042804547903107537544777705700015388158105200573044078541852507899996740307198278090027505427177274047178698403104475808578514e-61
47.16	2.9433096480676400335270904310349602745504998270341262941109914826094444469769126737507907258245898819581796829339577201845501604814175629100590865512777278e-67	3.6492052691039913921447070473016078749782374887669929356252831828381448535087938153500987149873310363360177712040866907389836879370633820184093651645951517403414e-61
47.339999999999996	1.6403852538571624658446044783655119224278869731171796617498096557092159370655353315890680567046324855185008900283326487973587014985816706136516304362473297e-67	6.5476942389463247128130540519322447027033250796609578488258973954832982003607266609667177725517526868222293225560205723784338386975276240311064324634429784926103e-61
47.519999999999996	9.142306120725863924661970706036760697503657851738752212541012739346790145405090835402034883384860875494137650586555262715617477827531301569545470179817023e-68	1.17483936049608829437902300016319481387537978119335610467648468758812755135233466658236839608966118920717757354416717956194684461460540901922346386558796887529134e-60
47.699999999999996	5.095251923810547071667247494705925496906005566683491773459485298171636630297065237478063794873503641087310685057416310449314895257367895487058850531060062e-68	2.10799019105231069218124904617037431564487484041042797251616597763055950979919949686436014137507939026008218509780960021081729576810237513508607470418904167787748e-60
47.879999999999995	2.83972028766783750473209029503204769885376595459265942376263821693823232200912048299398396736451596927469296570173836289580823557291778203380999521145087e-68	3.78232360524284006530382958047092997950372862282999232569684087121517036152902476651421282765244707582065260320079680106063030108499803992680072151985489458734409e-60
48.059999999999995	1.582652130409586446580205255829177039624051147554338237171575486162120998942795597661843906097955604509030023654245166880514507653247620398275415383279492e-68	6.78654574176914969443945852854928911736124578427431552468427089870907704036212942783325161465089550403755550493071808640175140342467981725602376379285210528231924e-60
48.239999999999995	8.82054396965659238844063020577575842974121885264348950772875064086819669973906724222599186194407412595302637845253376739503790840261549768088346642492439e-69	1.21769599621997241812434109709271711311939968691567681790936849666996360707437167262145743194719824544541332270529661788054561995574638945556137999163467417237003e-59
48.42	4.9159252640383026594448864878968615081838407828147635726128421244756259396871272306934991932282524022361619359245528856254736940926229149032842877883141e-69	2.18488697436173452991855316919220141542057971206947015776842332756259815920354923653534726421407447649424079449439359867635990580881768218232491960863684702974293e-59
48.6	2.7397767399317119282465202917438367234767028837936302812345591621378291796813640916512375710301452507889116662046650846405457021711833656181003271174398e-69	3.92029792785260779169596876771017451275710493307976481877478746523335961046508647375444374940314377307883015575558190847903075849847809304472154854354905502495277e-59
48.78	1.5269509159511819118924464286113435836336522731408832119092427298400907178902204454759319271725278088362729922960415893864848706388522419151701637424354e-69	7.03411024161333568587088113920413545034334186270414371768283937383104507189074397386216260470643976946628564344619470926478054471204212681706034285998643787166564e-59
48.96	8.510106191288672325591330557295347438893698359665790185761805346946751566528942579139076375429177619819178512147823014720267450754816828788245948134026e-70	1.262115987145706553670790635463149228998669323985860074177204615849757374133631693593284201677143103028651391608115798567478328749703882149047375165338190965816736e-58
49.14	4.742909980305184157789498024772336423531285125925217386448693916634217499537365714333346386615292690882851593014114626956724895971993592255824175244131e-70	2.264588853875322700999561546931722926295220107468249309036871943013481997587457405373684517212547902447160620252901029117813093864917619692551193454053757195006073e-58
49.32	2.643350691006171073974751629554077740391027826275387967887287763490049179279904179500008380081512007880361479020080558977833861508531318137918683585853e-70	4.063305377102633475856962189725792157816590379549310946797891287863403672822221870869239040786988777320524603866135726779014103979342911676811989791275658048915039e-58
49.5	1.47321009773699215460430613431229772140686413887299919429278170881134525054555461160075507537485931993091242420513725810972541019251355573178914001022e-70	7.290705577454970515737108062200510712258994766101858535404691576161451530078608405310976281357512193859958622311662943697517756168197050260865176799505024953629257e-58
49.68	8.21059422595402462987182914007997046615590621464074841227076264884129504702397787601458373574126903169120816161166114755140163874280759917242760552039e-71	1.3081563624694902850683777221200443916279139970565490233288672963542262365298055076474228081141933693848602961276068806994539403346433520792448559409939858639269871e-57
49.86	4.57598394464450142226305995502156902572669499961974655607679745396792803312122884729499817017837818338759865655237738895199006919336520625551381868923e-71	2.3471981559112380204763213968093562397453183208612366399370427558418422357545961118491045934735830864737106539114148929899207538747401722176945682038786489873735937e-57
50.04	2.5503183430409253496953491816238932457328871111581274312858027120109538842833447845900080303421663856732700965990851129381878062821181744480085925347e-71	4.21152955500884091968463939653520530722341293829108356578757347117718617838911065401540731406653171685651793651347125483111802681426833476405058281824071535153902e-57
50.22	1.4213606799374843252329222619752011981724195731503989148939970051313017389379969919899882732517042790558109311715087970416104431620006766371884408799e-71	7.556661182629060406969377011625832448710831249963795972151715388676461946840455828609523257937167236302579784942702853748866258310573217915817517702571980644301137e-57
50.4	7.921623542025948177278212442106687498899642874336486045398309925515562193069186883668918361444350341505902875423889551248114733625298207859136011163e-72	1.3558762317395860685746348346966743239113527988336660639021473087157944278082751712956328842370306509821594667862368028379711335290344367068007254216424176368000773e-56
50.58	4.414932848658650349455365088344488233728242437563872176030749341873117385383814272521798126420003149686024521414872875410732233016054073415120406918e-72	2.4328209395207214820913730621983095283095234811178127973477589270364064920503251083896126856005423553665184929996009735772491811975921597662179445349796466175074647e-56
50.76	2.460560259361841650374639812550195610702849719454648363472559641146066220941447464677811933527804583567707261232076702178546759424858522797644642623e-72	4.3651607611536291362801950257403108622683267614207641720570136092809209850678005268332431484337342709268952969955698566737710088832175706469423391843260336588668277e-56
50.94	1.371336104453471552644330581588102958923364374055246859252489292043541659892303589175606593455541625049559501781318063541474017056726518874345536371e-72	7.8323185077768990602706187092298839217591364206092736951208720838247767500952841832692730418387143509468367523385337562574298015544558408427680338654695109582356214e-56
51.12	7.64282335689500776983940780934778400096447146794162742457011437454419022978113712802484603153192785269210162713134896116443658522192045095668852213e-73	1.40533686074489901116087217050747554197037070383711028203373974471446328233242540122463683814435671489359053779838163195876005844034307563750806438001585989422623053e-55
51.3	4.25955041878866886254857306903522244022821027815802190877913318422382324270850633909993948856281072168660512263955879571183564148267686331756363855e-73	2.52156713265341593149534569513372415674378952616533601288932275354824759409720736127217450124021796952770265834319488327739341150474204534055058453655343674453163491e-55
51.48	2.37396233151676823319462950056414766810277195273641937138647764873974260774460034433635726667709858656685213307892248007581408058637714928828575755e-73	4.52439623700452247025669933025846423203915917056682855715146453214397663948299496006678278835416572252046357035076578223816994453100654760285505719637447199281712639e-55
51.66	1.32307472507725352832420624969121817638147505179528530075241130604754373184157539264635160031132750497994393277961217615767553334469574354907054078e-73	8.1180314592220152622082629632902301260655365786045800525734215096830926487289413402306490925992450134397830336774828631934844996764583757231839073969523935028197674e-55
51.839999999999996	7.373894637353420561605811303634518952308541216058209336247250680651944927842007867399437202769175768410543470900287692243952096350626643483958787e-74	1.4566017501718748791831110739688279593304668261667854601659128581064273168082569705886058555081258823057826561857540397279114540619417762985078871706372226397231038e-54
52.019999999999996	4.109771745591410227767095592689895340399468855538780705359364771542409638939407562289589200123266971058869925990361032122037262448118815374208144e-74	2.61355067328982641458541598116034097777883015574304446294228798704892902008649441113923586417554742485707614629702715980422003929054625490255173078229791204590967352e-54
52.199999999999996	2.290720839305443441532373522430039481472138531593142855478993745908680029396110652204963798631625405294733651188262156548463343771614073503557639e-74	4.68944041914525227323995807266291086043656995500804148114471726415135379569426541254804776201089075276264467518560382768929107622286451312987636063500437470268232534e-54
52.379999999999995	1.277216997335226145864852467471218507223024506123395882790778770922114334059979480898484789369245392731385071009296220658248308236165451434606745e-74	8.41416685333751380926871211930090084959042951465271564765090756225848489040630499729615555628916020424668213407903182479286820218747622922736366575306933496220118506e-54
52.559999999999995	7.13053938934701902233133470706711234340046154187858413846050537545679036472736084559209248255001758648625150767286591330640525198733006908761166e-75	1.509736717130701041972240976116370537678403080999373609877062574819886205338404742928010169229469969717246112848656428297971860726756001084659307282918994245481420217e-53
52.739999999999995	4.00206582759314691889033556199908573979617527994752841869002759744674105026335283153149321745623302087121795836787471360649224457495455005401811e-75	2.708889655722111987442479524636449935931877193810762626650217469796060826577718622584573783475556022316506737378121397553059526005745024017254628548492032819047987319e-53
52.919999999999995	2.29448460142507849437591884606658108638881228911383543240296373791700732353118447591548431925583934861637791594858949147885257083520416677924647e-75	4.860505201744384227101502694197794692954355660398763406203756586807262395173838000247577871372687875613992881439866740837020815242874169216460983534330192525844611281e-53
53.1	1.4250506890779936527586236631486456354602167536583273869934753182283386951347547280659535548928138558219480280191554393187428960389264415575444e-75	8.721104887488155302248425389892869151302317309258683058270202225631248085031466179537392665402471177269904614327165593255052339549031507836385306395581546174682853586e-53
53.28	1.1283913912377882337895338591254960417461906078705652325565167985241194384590166157558858235270627655983697094245445791854599321914648365225457e-75	1.5648099796554788478392186837100964818147544336064894726550805999058992122578697695395312815518530793231353526554624929148142547870352758318738753162859277793739658834e-52
53.46	1.3923268081466803271857811122242226401993049952809848671404857972209340561486205448524593752616355259362262139796634717255494239495509486271283e-75	2.80770648217101352817523034969883562418606256891426167593035642011550892642724876517073502794631644110901361688442837593543912178245025931059380060367073428721044147e-52
53.64	2.5201307167807274634914699981084206630850805555410974505975151284120802398333901831364260531179907363835062837610268608248589498500724360362224e-75	5.037810208598465153320087708105752650738712768126918277383444581907771764056564220125488273788136703297212058428103508317573180174534197661092636370144218653197347082e-52
53.82	5.3891873255797641341680587551585346862436946007188023959255337880501810596147371898498685240664189012732796139141663886251877494891224982898172e-75	9.039239628151800064328451951385418424118229409355704741620765415902748834098556748008276711839926622598116229121207599193738602110059054285442887454274813738714185306e-52
54.	1.21067957093042797162472875928737927378315380629251012054664808584570290581170648262733499049150651503829037756676488185089828805922986896894376e-74	1.6218922442868541027734266410284412191433394715878382487058096343950995013047046372434906339916025073113159407624610094188775085631119647564408898907629574778734769951e-51
54.18	2.75445686232102060084930924741091241426490450046210147019137488487511610711086000780497491304376540549617212784411514023286342117636983744245856e-74	2.9101280199335729601645756879585213293505257514053750627516905002801537903602433932420764312206138523406141571023303979321338972243567049082219652927024375877004985721e-51
54.36	6.28640438825563989468926509463302356519995173858841303707878234234857786890907417109381848675527958721475921686846734641895745581118351509558937e-74	5.2215830750989555210663815840534410336574697848600840431518328949260667524910209196730687211748319672035590275065546470504550652490042524266027927505364375440601549306e-51
54.54	1.435824605036501210853198105894332843426513089581158902608037816512471513992429425190789349402652781606135318031364182410550325797188770687835426e-73	9.3689795168468973913211914408813235229746450157529791778299659006845789847046770382287211181546072584938172242132344951220435319900120995291952428980259882403679786309e-51
54.72	3.280059361694624759209329662638323320845664482553953799301247292050938830056329532312666783641321988160179244201821465807233695184873135600266803e-73	1.68105679684954977694876755802611820993753731501649586507860536248763757912943516402136668697075007070549537733944381280860381701875333062341556516304364824343919612846e-50
54.9	7.493450400072906187193446552081471532033031755253911936363150601135944720687722474849349238591921100757268573128975585933021751788309012572146869e-73	3.01628576426340007632306426751833456096977561095279886245250201688459033063470714704635196741902360298660163121255950702592054844823430612035506450972133892121238225832e-50
55.08	1.7119331674562895031530551937258116836116531957931952718015428835677733868728867060813647842723140152312791572374284060786192334537853779832550372e-72	5.41205974048495465087577328657369630353127638934605427370796142321664774914793359043821765926706127691230389293281096381935801963419563231102670050448206531577761757276e-50
55.26	3.911046279239258528130023408434307771677289850461795554424486139655309040344108357100173951425023421323209072861868452840487724811032676497720506e-72	9.7107478945155618707242631201632353575772712663913801136219341220921331675621967695562755921405463989475710422767988580886752602080603906023841673531894951252122298726e-50
55.44	8.935099468379707789752763871796138383569863745879453405884953937624659655690517523372583480006500277806160360838852384964825478151844241354507883e-72	1.74237959654134688187408450810938260463489597238090344288069494506071613622425917826201628983970998854535234331488659711252268124403568463709076833761779718821492517463e-49
55.62	2.0412955949788791759047056675175009777582671350699064757547838880587972342313180799606206213870908557129438236858021582149662040375616959887910888e-71	3.12631600719260296147275091542801080514364737895491708974917042244722096315816483730932997126747040663375394258772822634871281724306031437163366301186235287306387500262e-49
55.8	4.6635047378612609927581214274305716331451823758778614899261542884785704849674169593168695512020092841336692487190003773849052367406368431045899963e-71	5.60948475075693116254234194403234179234796695367185641414552362192389988802898765403604857208463486400097892112343237336659477333190073328776670700582277466690895705074e-49
55.98	1.06541535203319780797938710300289008363283280500547799197101954880834419777020114427767856187588260642523383835376639191033698077761354775048783101e-70	1.006498354503547295716055949944473288672638507867150492102894980890750200744346877690681600554594237339266897152973579662198071801033646926051201135737846433233175937183e-48
56.16	2.43402749394998918146114090779061446213825684856716389245582929344797045433264962401792832482165225656753749651214572070742105822766793077380222571e-70	1.805939373454310907805404038333270521952802623342542878343129215859623579663821403196248302279247334652097732668529121641902588387417762252108858400216817226492220540291e-48
56.339999999999996	5.56073256630887652775502940288588707368296954001522610425349874608089671844673093458736101989500455274866951258563127415787652943017488216435984076e-70	3.240360012512126293788033692658710786779048816824626787230357450370559904341621054057021226978992241535228018436124753901281857020996202202536264001767662859653729013506e-48
56.519999999999996	1.270394305536233908954856154861316232223186997656803331808028831262869251132092744710110206191527323637639624697784248937720980002520407404851737527e-69	5.814111572640358489256518092524170249458839834145783352808943104731194595499363412674145539580109469045535529945963247011572588340788838162102644638887449763569348837808e-48
56.699999999999996	2.902318484748065927531771998495689678438249418563250506920189540078796551418156506740597997884030976621113888927589724722039998289381555361881554505e-69	1.0432141258558392785962091123592198188608890753314720294600948213689942099534049575181229135631416660801322496529122673399921005931216162553988356277218933963251285656231e-47
56.879999999999995	6.630581190636543098520322534032539758923288889028368842936967752095973560996052535153181170770715857376669316311502916327893711576335840589698247868e-69	1.871817729653467745153834974930398011854925518572775970535843660292715378727994191426095797717946996910022485905538691450382305662881302713924642124621697637137866118478e-47
57.059999999999995	1.514809872064353720210961109699378626473907367509349657148105764207949139242813348635838212436240701695361234493010051879187590121125343627496906333e-68	3.358564197135148360121200191574103930938853357104715547938832386086559046063540521773901047846807833277933645848818329273259149914388638571363635085802659103064958478805e-47
57.239999999999995	3.46070560412588803798741666405129076305649162342352922457387050994681343646951935968053028228023870443536040589607715573038794648494250328132883196e-68	6.026202919002341847607854032305189363925345287453336061900894718587876423739772859436493730481683910871037038189960948218482425490857131128681885440497426488171471057508e-47
57.419999999999995	7.906261702736629393767049971318488986350481373680052260872427943495420739584575504897308214518444011936721248900256329870633418616811967407248904312e-68	1.0812692415398551874202736383653179550576161890508024502728143407405742261012220509062376845661783810608212679975359748243989989901610103957957144016801942694317407888067e-46
57.599999999999994	1.8062493971644949731093149805654717345783987329264270725357733999250290421559993222413568366646504634228020623934221844097788242931724169224735606926e-67	1.9400992439427002924621646158001871690325962396044277538412846751715079167984271675470027554286346111323248969935784624411843751509463781151310065047084832463224581271349e-46
57.78	4.1265227580663673006978581374548637216513994333203613866988183124079272950232575413564710779743791573531156653460635048238374313038282068092649857516e-67	3.4810803190763825948620744238563008328287791541796307830171707110470188068755032941926044221918585782836489263296877277783416349314511034006352601952112671946646526451515e-46
57.96	9.4273748130081357674454778791930722694618512385000843729329627377841746474040879460106884327913546593823407852580187810161905341400612809071440041899e-67	6.2460310861390271284961463748621945092525842177731758116854986507489616596449833532602516679712477069265306139654577478521160576260648152540399111033799411658269150065589e-46
58.14	2.15375998329852973161615010015020443101141896585561707065635587476260529327717189632618547104051217029102670533602925906474208452886549524273247497052e-66	1.12071255912205355797150273825913636044967865940880848735634963243247912150391131549481890705909474211576458686826912654089626002787291554403992905243849959115054128165462e-45
58.32	4.92043878350684644389057067004858654584002165561770647833209897269012253700807376628926464786050685202300637136495486955665988553057851574933412204093e-66	2.0108715804523708408469684750573384201605232376439944348044417479615802857887910826788940973801120652844952221285175347633545009405844484682659907020895893814972275251514e-45
58.5	1.124114015024046481845720910608800904701981842974528140052219555853309145794254001838882215374222309534361883702692279339250928494013185936331628732636e-65	3.60806567228862336900671330457108732034054385089460905233757495548777389666046277740357153133610424462883034030280666244856606027122818254122400737010623747491001540545269e-45
58.68	2.56812933636962897920402988000462251130639152400105418992388219943347132125178999531983241835063248033481774331355490235614451636871850896023826122921e-65	6.473878303366822635261735736936993364691998040316430500318212913629798471573427273739884422763693013413258837609755944495779968739628298330906228403774334155980439673488e-45
58.86	5.86709906662023768576225952567593680979210306659264454866473131734928399881535988992632604712681927007251464561886404854668882995217040878768731727883e-65	1.1615947184303649835988146489333180805694174565293317426289014664150679927292849701093994980338231011866787260850713134577071005769345985751713717934571439876303586133328e-44
59.04	1.340386209138401758559804419172957579126107463226909443807760590101633427057490006209160048213051691274445323729948845098622958452206646512588589223288e-64	2.08422560118808089827559853144134339696619938248098510990619453885687062073304724474169757753198440650228559423111928411187538503996840332509709214535752196719915614668735e-44
59.22	3.062220646435024476531071017768111560624416040177109220112208595372409665915520463505074210129653119545153714499677123991333439969304490926139830664076e-64	3.73968328860667952035191502043388712579629513823291685217139414845875902072821367149480589160305684994118696833886137501088069867714457073662683595157650059760211709148073e-44
59.4	6.995890604903034795534955557751993207294254210413428507940536100801457752493474453329768695739550407756836011814451236083924555086163502778834756221238e-64	6.71003709536626100912806637336186361032126113309993995670366748736748739788938901301487668307584303103098016355567561486846109653630395126527255966887810125682079107476646e-44
59.58	1.5982677607751226084189880745010949049043682453894740880390580062867535235646506350559227036596660126853245719287300489350241473878579502877919387964623e-63	1.20396820656880878624114819678356852269251320908208458679590874005299768619900383919546842969899856197093824186620392501603798936537609093232811351139519938226072863444523e-43
59.76	3.6513718973004583646062954172319181620497325784819081201772267454222402008813377033862526686643510300461069075393133012004477918514288491326565620067481e-63	2.160255482685065676038355439430014644164468525397006436182156862373622651087745971343012255143858142297929235536144243059237136200574681516752404989864373856907347418831276e-43
59.94	8.3418542622229889909136803948275740211868950258692332358760728120941167442077032248546451764098515833050682830693935916656940392100740954880480504116363e-63	3.876102147057964030022195375330211090859875733275080601275485500882426110063649811685581473141737814515450307779847797195406448719084140543412966341806025638848231116690425e-43
60.12	1.90576403854164353093546868235321410605426916754248863770028013682077354189997106815430008758489620512090461239042297331223188519809731679222947305361673e-62	6.954810657743701328782472002197006702231121243372416889000174889598099443811181746635096423648580333756316542950141931824920766639136542793122895185833890097104190811911487e-43
60.3	4.35387200067277849868723697357908772582547796003039333508468288563531562851878250451540381355095425523979594569928949539833300103198878545159570645521082e-62	1.2478874253037596653871055415329882266695190532862573383662993857707796938271547050385521866617810047708551835736768746768226076040553724921904326971723744919199323776836995e-42
60.48	9.9467725357795727004603639845716956562154673050538827240290570758648502776995323268195840093377374448196280009840308546071504455896980020299632430705549e-62	2.239058836917991533448038197257145328893667830562466800035737889229161051835506324579136064204982559309605625863790307648692674915269266134829186195441855666460707954968201e-42
60.66	2.27242059167679788933554537555252334060547664593814673795401941231220466482766656482971258659658375437428469740258450286377797420501161716662113732565873e-61	4.017497390808466030016448139810678079262899080912260854343523593428933241788380668900116697357830746940104247812715525282242398915573042949263807746941582482112850278349988e-42
60.839999999999996	5.19152853541353332358573914204826642007088208735509185203139902630957877368593772177803773362409467161757748470976251398514493668918927416700443002858223e-61	7.208513246293041270844950961344772479699532186928529677262083501508120432363901412104251884116830843849420983318112831313898883941277142116479505442553611540054625101290787e-42
61.019999999999996	1.186046660232267169658116406298514683956626668521381594905739236631739128879683470336840033288263799827203879087705166405055788840036056394246713887205949e-60	1.2934087609083790797411313926435533521091821597225491642002922757261580997497192516831159103460767175241383328998385301142657640806581370412665655215393348677245056530909276e-41
61.199999999999996	2.709619470744300183240640542467078572539227274256916110027352905522249734793571689113446911211154094747872686948460524313326092999225716398618846880366415e-60	2.3207368366213880324899468398513206245851644970048829614369694461271150174237962337028656669392816102908668249961460698862495838933490704256505231729220922968369332133225129e-41
61.379999999999995	6.190344716116655648845530214406293196096258825421035500292753208881846712456054955340295447321579160827540238804713642220775126354574937996107284391378772e-60	4.1640505520226341136287196638602081759903725522828552317991531644056880944749656599598038354432755085949308520249575917871381809702873989554314105871112012413346288628860524e-41
61.559999999999995	1.4142342907591836015429349087187385871422687375849907407567221183152689496579672822390633280924285384499423598039438567405817196856731076116113409692056609e-59	7.4714705804571981581211453473717797731567068518726033003224762739674634059712023280025067876369181466860521830753047229945324727692467826414802598161857406894697987557058729e-41
61.739999999999995	3.2309325584921762475468049786148895780225218440321896157733199891676370993322966492220732599258559226005874657418899244026276865823300573484041655989901416e-59	1.34059065655488206385667938092777893956285489827292053085628472984428952631975300273001462345578549856907771241568161850941577989305084886031170813934494961835087922007762424e-40
61.919999999999995	7.3813266060187366897917307087527928256578792529323956400419032499499658571876994548338155784894196091873811547568848071093235377504554583544674965775146432e-59	2.40539434518160890605716404657959731392314924880177691772809128081820944202884375800097318095617431175811572446066462935275380760784727024863215882162059759478783962732562602e-40
62.099999999999994	1.6863237309461783533533029459929136400911194479591917206997285434247313846126189081256250018987740685274312349159469019860359337587479909582049214479573609e-58	4.3159497849258603008900923055858163938477984684967615966072278834350020796916712882906675119165564439089286665384552155964881054136153946234024881611856283124071894927833418e-40
62.28	3.8525428792616964270161883594167840234791017270933107085143465808995137511529973305747471330920942457337118058191522301549933058062665841179627897356609183e-58	7.7440202615073482846996100828297178253874212600428866445879749894243109447896407961326547948977093695516732197994690515240240666859078332957689495557724353228974727634292041e-40
62.46	8.8014456324007637770590337440166305573928121452063475346766498302580217481059997013187444131157488161104440019167468493335819205844732047900285116057606949e-58	1.38949368734758125440986367138766956020192728868158866912078523799549264264530138699851382069585892282159363119982519590735405690961875050147038992200888417262453308840747161e-39
62.64	2.01076140221837075616060226746410488486184429740794764227509167098942509876382539655973886030173109241409894500987366639059322146437093781759259466776758727e-57	2.49314005126708546160953841675979859075352373427686410456129516031122359225822920139444222194811161378070789936431574777217631470168435113620604276050172122420664156519740618e-39
62.82	4.59374696557472058887981702381692636758316512315880715974659211728072460124493140313997816374382608597460712898342162868377590044738871888365256737451430951e-57	4.4733901073687850291359718216972635921593291661122092448496317170182393897694587721455849274533331300810034561633586765793146914669043161497314217467773296026921120042720134e-39
63.	1.04947862836662900362861921272405103569781215370060736517558594468960792628351637708626619348864103139382202221947713607780746198666943528504763517445469056e-56	8.02651220597680949668447564716134547596411271397242343193098590236036043817476747740446861067497344103041357362081337765804901981261819342941589935725360694803017776267086802e-39
63.18	2.397618762313576682548991969990464386037363745364269367678081425727564958014749014857624914120546574234881624055928022989232798714858891342790091831232015569e-56	1.440180638093040297733814764445696893584153668815783915885439302371437364189779165233382155234332356225088392330037885362723478985376551823074625549007281098350321585062352074e-38
63.36	5.477553876771140252394634075468684538475461114510080173306089471378536057081136053873147167076608120359601410019790839618141591491581917891491943806883346756e-56	2.584086608369719261864095277390874263243417478178107760229090530814995810732668516536632684182605718334935282524187212064623760755443174586886090961115290752210115028909338489e-38
63.54	1.2513914615841030467170958859449960021450139432202605560160944472266544895639619396330530261947367922928915185941353514950689116334615480575471978308193982454e-55	4.636573651203558714812592880658340611320333488919312290449431266616388556912022449012608654103848139331193509079730105554053695910898327482062546892086562677008034885986594007e-38
63.72	2.8589049516546207429361638599030172386570945573791630721819156650773837420511784516088383094313467921140720169506279160926831980577392449391079089086712415272e-55	8.319309094906036884006987097090527323360456780836452785344414694290249151868942448103788493432080960914833326615376510621450916116347759868905962844035634018214692285480730274e-38
63.9	6.531399464919554429143898744435796926410946142911841946139390412255782771198159553822556121756289670360493922982349338065762660620751331999906514821393774934e-55	1.492716583907182884520569940695602055328588113056174513878077917924892084195859595567983688868236306685834021984540036705129769765926618284580593502451895051799526917278093036e-37
64.08	1.4921510050784306308040896403520365640967337703401054770218929982053507625010193510874437393153188349123528144913286367933536085493578539916380812247597536453e-54	2.678350779436566155610612944151773039844754167827524425066651133133419079309852096230398531463317121478849824460118892681492769946713087472182331155084897313809954618024779314e-37
64.25999999999999	3.4089395908415690686362195656830959822088239446763295268206930076091832974180870712924015569012078887808534265670341687882838858681077010552341978209665058068e-54	4.805709921793508780292201611271500776584738101627436427331231085620411062276465681972326193328723936302508867636801388023678925737443545202049428368540001410866770983199931687e-37
64.44	7.7879980608237890677397995223764211865462169543031543468801545796187753091589901010492645722569382798002533149532116157988493060417596715523614563620362270795e-54	8.622786839475500746637539097463986143936506620425343754267895752216194364833446131539738517024020237938994936355266289989611876173476981148914529700473043397303182127483444492e-37
64.62	1.77923111217179558691997180917139800679416707851132189581707373302006953870437454248982082490201261211052327914551374080910422744535760067064318117498470081682e-53	1.5471689737628459208148460527109756802108075737938240431437043065625760653223087050717207516634640796543168872939527010957933661532318877403864841800834172221870323537563051078e-36
64.8	4.06479730194646664925870027868368065573502124453270868152833999825631455486296608910139524041221694887787489303209443021109124428156751707325980190276527905321e-53	2.7760535867774989700041352959021471934045567960421572105905282402132034555932563553955354157982463674235895483537569096157002188109358927899098312931385854000373988309527688012e-36
64.98	9.28635801885411452162467183454428572420372913472337680243202363244557498887630420643933459315667310062082844991427167437867825913541244601738673442731351521178e-53	4.9810160669893870835600160356392036263255852412032592415379692418789353981603369895564437751292163198358382908662850876183434540283638573773885219771714489927161024619625980313e-36
65.16	2.121543556748598551702802359678072659264890463654877954400682207631178993099018542168871126551638172788085759360974915208501428595565094354799302468869206734306e-52	8.937335063624255799160151234436630472095222611910967124253072431771447369253455962111504728553591803648771999474083895583815558662115416117120400439418574243807262063351537026e-36
65.34	4.846837752801703577679350286987637332294683439778887356822793264762859777631259012309674921819298221991657236621498134449309454741158593257838454686683607462399e-52	1.60360771708504047274054448985530504320400605850290610416611765782404937588300473084057807728107197713252223074132814250340497906347966628604332528891238513990574936125639726551e-35
65.52	1.107299264597075872821756149624110925246710953872592392051865998138495801767784128411799763570910203098939188272438716755467221447106467925859886683831533141724e-51	2.8773204674413098110688109610453634867154938298669134278624997641069496150358115111439617575292502321628120590888929985413048235786643099736530520554955705224904240666553436133e-35
65.7	2.529714679779562889377279768702280055754104591267253014089918448478904257885161206863999437401277044069092031502857874544989451308522801382446640467514818707836e-51	5.1627171559175264838053871804444750631465384762208827453479132239399254310069677601563725471725834868011634375510058283483315088027038060682985871230731759801890825939228091969e-35
65.88	5.779337678347376007267433164906929677681710827089470120416968402261604345478798717937812044302636772650270593323288597490134270480349585767314655175869600904408e-51	9.263357604273817883301751491240669269268421866899974976337603230334401021924768006938140601271103356340778624460193710729977057021213018937666225011195356309374376266601242336e-35
66.06	1.3203364105582129143858611042364422078974343033915719550787164207759479966203779346794571029318259034639246833511833985143592211921929758371160923665795598944566e-50	1.6621052735050969625650289000648665720231103049626217120868131771093587447778363019072409549888180588884311959724264369905759756645198877968275461174871225111201382015482447817e-34
66.24	3.0164152608301094371398999792109961956548345355565663109937488462169556884635327072934589847733827579511816601423107804772267804681732635564703968601424145593574e-50	2.98228143425973364807654039155032668973090923934361511761611341581400588662455378388440244455690141053897706399540180429253857426472661108790288287451191028758106178540101906534e-34
66.42	6.8912444987577142307956953467102248674476995119621011653642532182374905349535356241094460259684869055415681466191875100987282514947792582163133675894618359168393e-50	5.35104646793783242600617665333084795287480501448973975306282913149595389653019178686559638195022671216761356736758150637942732670002398008979201108067121620988504699708783114103e-34
66.6	1.57436051190742354133243611523331591478324016917608680430671938508538778417623144163593287629498928837388710616248723416211176197439838224049780562601221198012194e-49	9.60127302979956726622856048979953009349669322547362018771703135488360798919835270542146449242384179288455885793929597069164241487834510904501056475474255419121854937796666399309e-34
66.78	3.5967538546923283666123375661755400698792153284150075409523712737454198573327527120380013244345047702200372251130559208493726203613540919392333440686577786157705e-49	1.722736745888926669269986827966491777739506044069407128929764805666409205218487847048045447788470783521646536468619689223085859059965804031686789244121082177120865425200876409316e-33
66.96	8.21707492877265015339774298402876271848273939602739265178115361756112702165325784891942309975286605243097586084337827901406764545004886066234579276159360710259715e-49	3.091071242766151693595695993537009924957769371274459409619020824251172464719908395723528439544710867739222052982415836689628900387867813558281050344720039429926651181778253026974e-33
67.14	1.87725719114687999931743598611515304356121573205443217656372908683844687782028952301048745771468907255488225265722118728200372562832916516663819084541349581401769e-48	5.546245792142592105557890829588672032224168545206906648607058862045655415350648836312232559076411440125135346784149574675458478450977007187627778620730314552101042572089335712795e-33
67.32	4.28874580341580455612388960200865148241882906102085908501932569635353642049023178558613181122734822702663467181536861178669663432754883376650451760961015271619061e-48	9.95151517741532493214727785263117945162643098536523384266585963982566675120601852037958677628962224919372993123348149569535688581828547928366105685231600260375884585377983016778e-33
67.5	9.79798647359538736475304623735524141212151709309546941792669709116681558598847225635900896637552353959176290769136271661587913231165338998050617970340944105142922e-48	1.78557997675883510456566933924058631215763352644160018341692507867292038660284955027304896484183201504651730445118028778752738638460807021086816640025394746793144596292025128823e-32
67.67999999999999	2.238429213041692659991113555229831382834855174598704669280127570656614284958226056917951688118425173044108608113916331576498077553130856601589512442006108772088841e-47	3.203829564203275376802517438843154039643305512401898804312871759905536421181738504849164610754994646809425072923538213195543168767846695841107669189289672779488056920687886197709e-32
67.86	5.113872483189775359170987299453051733491538602039124166122664000930043358607220505361667871462885586710955117635917572227781771831474895830126474049681479169418153e-47	5.748565737780616742857242246244293394887484492258463248595548136385877613865940689218765095652644533963583448482493704375817179862940883055953533832125890849633290291912993108911e-32
68.03999999999999	1.1683055073602112594222973200152277683969179172053961987470098627936326251643779614349423469499297693701021804693880163790572631542214851215453764149671561412931724e-46	1.0314533710161030203468549866427770595022498308985823852956761164023261283216501549957915565678202768062400598321471246114003311561101046613329333344895767424775958306644663013286e-31
68.22	2.6690883728818482793995117088087399341794797893102216511966884676947485936023119471576388549452581107932259250473580797802484800260746932673418407620215093883256097e-46	1.850715648232679691999697186121113799236905516445200793655417860546922327987196311824399084702314076660787680399349987043614412042349754519297932741054415928272661366683549322787e-31
68.39999999999999	6.0977481466727008286640330240932370143243358257096147481472323608431728562303226517868121729234084450089225254665311261392094331947176996427971916590076330315785418e-46	3.3207011648419291263746184281600518937949587049567318090892678707082696220558988614632414704268640006457073511104242802166273606251273258971713677418276470220743713965602155019057e-31
68.58	1.39307985595490085319823976383065668715315498033100975433413407800928957716979278283711649572817555577526259973822594615537703035240179566773145309523882004640475383e-45	5.9582660560052591319856217496989849493975161478748138712415078316674514250133610273630107748064261250128674554095813358955862178164885344480508465075390239796661404440328640823193e-31
68.75999999999999	3.18260354213931923478792761738242699475422949901905792436465879939677230155312851529250969402523365653765055903498699269776532062140266097270771399301946816442908676e-45	1.06907946942086157301815158919054701540892366662837338034633427891953614208351205595864545148336492993272707755921231160243937275381481205366057121518544385351973792256539219290277e-30
68.94	7.27091506143072276500093616947747210780229396973116877803489615629359571664420203316450677438530491928624656610942609373752888065469643491123647206767602574538002379e-45	1.91822738560867996608087334599833464722874649890888343352212907050033371918242650302453685756612375708824492479998877006336254405571574853963485174654212066946089810922590388142943e-30
69.12	1.66109932106111999251887892964163035961436559274457484519626448817625207304560140769632225300002589994509277320201194346524405805975849877319809131873636927435299147e-44	3.4418360918411527674393878388952974043577072200050785721935725222519846145189499280983177237513748625593475613129018452490319406778558214168817166991038609682763679929447871129005e-30
69.3	3.79491567583652057222160455369440286223058235806118370871801228280149658554227646946390445430266307268895609869688541057183669132660225357796781991059939947650450727e-44	6.1756159733593869355323983881173487107381277904041869702343984980783667830352873343068851085209356582032912057860132110261965691871711323018355424586058431240499289498429940430651e-30
69.48	8.66979162781880622219327954367665220690490406087302990879588472043984391449501935114749288325785782835774849454883988819371116555261604804197227049134126537225881345e-44	1.10807811972272616740405712917697628710846119831511540840810212701337702121804750194379577056915051514451977270089915464758104252389366837539103743124799976648597361437979827091162e-29
69.66	1.98068398063253061358640509092611404386720402504192088506883170932681068570778329302446574691075023295866801027635019580666031270665073737351066381651232883614954121e-43	1.98820186472886902781866963570778883241114186092828688560559827204685441700826489709566190687076905531207416426138961337762911658708186459894823461488574787242926439704843427117643e-29
69.84	4.525032664622374462356693497370636116656087749678986733079548582734495517483141817911686964340247423638999281811780763750660222585058707909508261799798390667490289384e-43	3.56738986588824249724550408604864176163749900138709757009663909417850609132663830804042582976489987222936706086255182654555625233719003342962156213136718412231078265956803353082915e-29
70.02	1.0337802908551199068785844963985665234774303750558223988182649372908685436152725380738802375326881524586448052810984933897584237211584965737153896679365516857205669827e-42	6.40089453742546084435098859301651541288780397377369005212500570798916394806367664856186396850338489882625818560035843354578863334808571421978441550571027608201812370133228992627663e-29
70.2	2.3617546412783012392064678487931738473047061363721463656796885538645989895513493074837141085703707107723178150987893251211605584299226502190839587895478857273451697946e-42	1.148499390857624827826468804044671153265518765467444844809224450731472343267449793952723372337253926386892503848211827810277217049287930350920446712866272802800461238525078012118151e-28
70.38	5.3956193931571220252349805368654662778042649637023525353635745546078694360191159150379340565472250339363642707224761229275447457788194449432000352416806208794292622711e-42	2.060728923259026251917451880039999096984170394911539057192947309983619927689839548383420395764881977974902049019400894333186025670795803208048266547109906953861066676785626044675467e-28
70.56	1.23267286647814530821436497212548446354001225451261472627903956986432703427908242966233951050501930054783999682579799279765292368426241991524891119018237073700271134068e-41	3.697523680866053918552981136521820760425582522182313549417044583607616066608393742716522792597176003258087760435602178229383064454115999590930306472425584460627040050814599891958825e-28
70.74	2.8161408080031379971120432206532076868598348543679977350252259645511358826067928462768362490840190166516100372279274920541930907032834362517149980421853043916573891315e-41	6.6343909750844850527348203377059906744320567157546746455557493194840752042642053199585533800985389488500039531144695754830343203536322355109300072248687433676256791223325944114821e-28
70.92	6.4337013218801033457535135157237520700927644624735317090960603845599017143480938189917102439145788503484209138154157619093803733667124512823019983812190840207735845709e-41	1.190395178212164966597523511361580561583951922476400881025672324295489148643938235169801793407659706115869149565198277751966561921060967024250304804126184966083877222536405980096998e-27
71.1	1.46983107455303990356373247767007841811980400036852986768086362257840500736640202524087065414937914765767035396050013037738681955604632734280023947057356875545168246176e-40	2.135901676027959467414262169542746019046818400437716795316990534642245207472691501955951983436325862188652276148553925143443341625828706460410768256930124840245400639603991531293498e-27
71.28	3.35794790531697615370619508306193093536339057798774279776607451018678221161465664162869289831528792086144049126209567237895150365445120852335246623916093616927834672923e-40	3.832404610803912653602629445003637987817857578638823968233770687782061105666649134202335809598788619786677455278662373055744545509493556919708711556199801787351340584055242194063692e-27
71.46	7.67150343332353539192377768490458830477369683890727500379011422724129802472466455086631340326281132626155612165123757115264816137756499175709781712925539884992353185088e-40	6.876405063843785567938553480860362815489972480601204245482772907034666974822833707245210616112078997686339795234428068788265301575369124669963710737321031515276245234851120843538733e-27
71.64	1.752616972836867316758340213518873093142981150443664100975008608831510991252287687659087319246376898284805994056098189298794999409627012078506644588905776035063577470648e-39	1.23381927025021576300892889915254140337971164715957304937915094027336809920774097080948950885428702165338631387137711689496126363610597973857665353692478032627707592652325701212815e-26
71.82	4.003995149295645628279841072947060618648658584640205992409073311758502298117881992190427773955952741253240414696900063514961797028729801166646200257659186522197541700069e-39	2.2138166345742164833656266054528721923388713653329179188611016261938627112935661323566701035300596861821212617207394601441404790780557849259263305976107447605632620242701878182987927e-26
72.	9.147450586240784102016166119897657594185492078707562865894318960911968526098577779738265873972497401662204822623898759191040713778398067543217179382150978600946610895577e-39	3.9722058243778292180005679214696666220439709697994867497980238114317346484586933856201713716343890337591058958458835558456569256676234205666886302588427042153144502502129949699575279e-26
72.17999999999999	2.0898090309316082596938061626242025373523431109730679765003274604957798892822165865260660869702513680558657444321265786436740171273240473119121419266913541064862366229565e-38	7.1272475167103504614191933551543251526603462078731738763539646155787209196194780520481287116681377079566395666609701911648196901429534688943457539193497671618794840758039288624225551e-26
72.36	4.7743376633859196652472663711420195417389613143627237380099064720797982509455659272741640943033166887751508261795406986016140045985443585372967165458600363720792219795078e-38	1.27882741756994296548320111127095635621775310222486218939948407107704687274023287876817817428382704280630135762091364443899515146469397790037519339665719212983337931602581732442578746e-25
72.53999999999999	1.0907360331393112636049598410724323160055117227504761800072844841883137300732393971671112092785210062706027973900027267651027861387868919124635320545990356672117303838324e-37	2.2945738310537075953183421208994651582791688228414996405902750314931784835496651290636561498375409039930873299603746827259435009122453968288655058339433193978703118111626932881113326e-25
72.72	2.4918746386999884706695943592733574343718444918021640864192372997254921923559126620937392427754861664048018111410497983023834805020347281724036919117958222650602278409902e-37	4.1171068072354071085440877990917508122674067258935702056668798045298043591556756905201148897796677370060634221445685925091922984172207729940444912546712423718702219475281655527372426e-25
72.89999999999999	5.6928890459306574668905341340065628124587721747563050338758974196904245641326053115136552180759158765814820737904946199455979473347556481366745076903118445563741758055007e-37	7.3872403811038568190460107342501950140414130738778315833027392785006773073538632612664116795029967427070433031468589463644950097211262019863237682932692367139116730130604730601279204e-25
73.08	1.30058652174470608250934313954486896439764695639414130296609766581276301542942794934414817676226714978038379088418775642575352226727902593179201528810428246250177288030185e-36	1.32547740447995590957514597072700997305083687011321701655508610948663416183576884620982214194738692576175104932351182225050093960024083185415893086206666863528190628508316554245865242e-24
73.25999999999999	2.97129504356267305900715293018289217698976934921691281438098805273779932779311595213051151330356030588420174192746847108245658452830272211962582386483451900772322005805131e-36	2.37827694666731952186824533630980114344027668844434012754099996712697602037267034669406699139523139056041056673127725713237523370151317441048937267702575622298285364340920843708287866e-24
73.44	6.78816371574214891646228613135746334269545304042955248577186889663826056731537360683331863094149774148053137875145847391780550249071548518462530187761718145291617969496181e-36	4.26729359243087889547752870961658168677496864105966873865525301823414856188622280897244379206346886970498817738767750585072030430613597313414467375722002861127379661482921134679305323e-24
73.61999999999999	1.550810873959449461296387626390913735893314687183180753652811784526325051957477233056936332429076968354790149378287242483204720190390008290518203585575801850288096994807314e-35	7.65671745232153418604461927842158781794571744556760848620803774679260366284459985932554778064984399099292731603762182400339991206585127929968883052314624481449902717949312288728929587e-24
73.8	3.542952803713477812699504145657109032161774378746722260566776588423282890419964799733470560071049797972735288123722292083958831939892323970391464358057045017687384878438126e-35	1.373829123186460740238044710586020764279624816731620290901491339099467567707637990616702312840316460952739390588849489453836189364854127712017890187160182937907219176158820674959354568e-23
73.98	8.094162080419540702606272195883410919592534522665136153432374153161042455809117505421914489118030896578644960392682182906274010681840346008817395635575586644198334861956679e-35	2.465033444773404271730852826764863538244965524810418988682123225366500841503878052575909904372769007979107633569834172261412137102994602263286614422049507425205903639524721494902625085e-23
74.16	1.849176757849788022137983738735987481366854949098561118112189804207624690020677835505075506140011606092799600817787692680591523927206846346618640884347094529931252065755715e-34	4.42295899926611740538164762250254589438487203056819253727468357096063383308527869395192629783764351657936105287395345797856807054529186515863580382375921301705520252515075166042186114e-23
74.34	4.224593785061471605902418001911190197565066021860940546507033293669274976163229671136655091814981629201930417724040533307446704321921394687052946818828846526847287132141711e-34	7.93602470208569687128461960988237572496560768421436079719334638285356906407086093619507197530209135646525153580940124327164390053859159861999066558149031904038843066135157445200294247e-23
74.52	9.651426006024239824562241369579697505988742420939048539525116204075542890873353848543175348217261951836020004381227792087641273802977199614844241946659510371414812586836676e-34	1.423944650686666001814477462150325416823136371157519955654105147275880898892807524689357336430157717513419986802032877265653976956206297167821485627580059681752496868096329412431059564e-22
74.7	2.2049462907002822869982641849380396032434152756391207521348290211584375710217472790126011030653539808252980397937792913598991671856560611518393310749868430540545117586817462e-33	2.55495470885604118074285481789709141746979839869493504687075252216162495527513716107210456649431521976029048838837088556610571255080769087151799241461985524619975601913985994792881957e-22
74.88	5.0373780440095315511758568089119329514505458797303259945501268991558873751804015409749463791477900024285728021916157812879713631444838224958186020166217392653489236809991641e-33	4.58430288084426120383159450128069537009218320767774363227848189869692641077278457880554477070906978870923465296740564810374941380789159304940650888101331112303545741024623345208458101e-22
75.06	1.15082973541003359324004277241993508492145124948514363996428615908623443078795281805212328166870655137568789382314966286264525248690083056986708515246768331267865934815092085e-32	8.225520722724141560556412704967782047387346225174512575125977583033053946377479775224873772007799396280603286516508177092117113081078931288101985582367478607419154579850710131262375712e-22
75.24	2.62916356219758022364266056085239396586391463855703364863687690877556452601919107061155412665512696329176642473646906966746917604660623606378496169110262502094560503771159753e-32	1.4758883284671612173110584083250047495530594627983494332985989560684261986538332710644903166534970139711880885105976059749831825194632377065044747314326020791249589105401752791117398304e-21
75.42	6.00653669807465117910006156356340416803504620291060839107960183864582696389138755732101415803820808919978355623409999550621150997509480056785009157311462137383647319276887859e-32	2.6481561855262045071864066886222392535323298717876322194125969195692025754702833959521579055515949294179072417054624057940977928596836340936406173467149464868231707968525264640996570844e-21
75.6	1.372241865764408194749435747848853184817783175828325925345855415697165639706656916612131984885193158604745150562942584548521018033353731936037186620222496637513234740857267856e-31	4.7515323806537793927176310645659733082830479705657580671005234081584270365087934675702862947374601398425792147940512479405967968227869815514955582923749923941888156235549578779053509915e-21
75.78	3.134997476551855009691791938098711742932687635490558669196274309903957796801473304585449220927210249771181759184370740326841448196042722033288727125804306273747000009917951783e-31	8.5255771875536771505492581290266299947765919348783109780124662837098738517539516270666881367120589039548867521451254348474334722304176073756555464860728641427094506766636932151248734075e-21
75.96	7.16215517807705387981411590989350207595917879820411776154864000304758369851138232167460538555499982088669242612397010897387800535158409098622031450554787192193452027718905162e-31	1.5297268451095902803988119202067025946587436549462119971669426670394385535143740023916417204339219464024634343206368487363237169900792813058570971718439241584403406599602820286148037267e-20
76.14	1.63625225288529776028754914588364418400326804918351898440752459451968404122101784838653709191309125417190198474704604381188392572006280279171622013642050367549808153656573837e-30	2.7447575327394305365740768027803486337135994920042946878194130755826144436943570049852462208595027184828805229695435146572568955757722241258319814808154534123125008741054079498027233837e-20
76.32	3.73815055856411238751748035652290914989889413755282148438872336194575329765857620353848566886475119175895573131077457643920899009011652813811737055080646454967698994079266771e-30	4.9248621985123945867546518887355475255894624768179053083431310087588899264342129388712621179871711257568429720923429488105911764096764798817284910705394458889088999497418956958967302219e-20
76.5	8.540107182736342618201061629633500116354754273382631948583368916215550873318890306729327140316098093651992354658654054178682159876270369159638590884963279777425886535325682877e-30	8.8365793280578563220690947502956203839518879980306848516045236879996871518766861668139154953219751806519354857482912764498661931523492253677107163002166468479189535050617694781012759287e-20
76.67999999999999	1.9510565365822942096042629104061655721476496542556194126019708154983849225776948531962988607776351923068205075985284048161636929974315318327420464255952697867177209697142884945e-29	1.58552932190967405269742705684299799247275887364152017540717090281685376851269676118739012565305538257664810173882879333019102195947059004913962450245780109564824743985308632090026463088e-19
76.86	4.4573464196469030475996700278936579758332874990457588049730058592783205852110991617730079701051093977492953672312640782116286927029315000611821312318873184937324440115297433089e-29	2.84488277342027541931445451051585970927481035359536722067877499722420666079410498995576849248312879857429019447301842547410453939006204620100982252865431534054185433878318104890344070267e-19
77.03999999999999	1.01831683443426496900743544755837757188736154050207929330447785704732262809096940397672899869520984955176037483760622432459546152050626766047795931414835527994573119471629543431e-28	5.10451486621229971212945502586572379809184610729509912803277349990564374832165781761945514501256584961053974729025161665767631516894943838096232962535354174879125031174253159486661153698e-19
77.22	2.32642716413754818658621902122093064701016264853596995664784940672999488402297466665496444003527510909211882178848933038645248793442565615255194175465927808580034464515065532795e-28	9.15892642847153983032453158484885031224380792729145886807322012149159869696493462826022576136029673162096023613309867592853432560278185034524409074461246859108680301911835844026766980372e-19
77.39999999999999	5.31491102979947382635924891992776779194031500014719115851199670761445770902353811250410706546435169053851095937502257799050512605592514503495489506264359273847845676702346891749e-28	1.643367401619505287360697273760602735968687041415082405834554035547428950325897274937231933278440695830413697756963394252884463759184729470669885562872783980807833162899228223346240576936e-18
77.58	1.21423442167262966319889117933429857636158480568052178985653226242382223554038544011970759160134075342261554888512216616240427979882542202878320334979941527973424732981235914224e-27	2.94866045469079654487890141601658671266447820031772496728075135704925587676161979849517985657417841299270357672075676901453443723590067724982147900349301410526192282387635302938874449637e-18
77.75999999999999	2.77401678722822718001653373795388953462147407958505889178136304336055836670650359463140114186729407235620052030696154146675169212052539485988398948166431290041269469864894696333e-27	5.29072103322055940534938095996517784157679193213999704281534140933701439773197704450844819503578597470977124774777355908757522758479646020719068293277873985455880427885585593570521339317e-18
77.94	6.33746587379608564019851933972546524725070580993463067414959136507666598347285760238978535430475251045775169272150364589295127449724398904975905017565959224939190935026334488712e-27	9.49303233840727248382906205740248782473955844401847246090439739189275364088333850428230167306114089116154976134695569209577440261324261365436869374938597810518486614867081552670795859411e-18
78.11999999999999	1.447845390899200415099519496182212228167112731602714667632717747160017796488630281372141787195654716408566604324454213478987325570997776287008530419786392004753626566959493384786e-26	1.703315340427048854700574889307641119175929531752629601078941010174169595728957277044683821620186395406286940443839418796137789368209388210954284561691391460696995490888541986808470208173e-17
78.3	3.30772007404935010273084953468771932360666758382023343127705087569434825967118805542509265306986437766121046639768420439652619356356381845510307094271773914968502159272098296642e-26	3.05622381290748505624881563646430098297750947246761087106771824731631374013736621380374616070955503217505107682472883747498635515371106186260533469842574020131867585023188578001508269971e-17
78.48	7.556754593289522566179186320556487602606883048159640397007366824636437376516594640119588292678122278240729640842635225278340040215483219453616341042274618712509007097047611191687e-26	5.48371976280149627285328250910590295629777767096208594392109366785419484218501105117171718756010297851937941075334368804632061281964637731391542837155114821529880724343889736233152024089e-17
78.66	1.7264018770969838688825459916283755329008685864531041832358293689807275330014018561318346464035411533534022483369204445914723832435556085793625172770686438792538696795383064175813e-25	9.839326004181613003385954630688743282509648583023523276168347304914148828219876092413940442434716584221863731139023531215897593302048112351950832363024765884656197508379864038234978162558e-17
78.84	3.9441052399001297052293710131525462979255273635735905013378348664533432533892936360015017552653559339358234197370271395965671354791582403003828897553747527570476875271522322839173e-25	1.7654501032909363746737654502166818659241194345424745765153571365574570653581410756580468360386408468631698486608554099435167088386862472118709134488465011283395440607546918289811973303107e-16
79.02	9.0106289849246540591500695747468470810187960105650378507364427599845342069293783528819789347244594435513740338782949063853248891018663952925739475940979144741687409545189061247861e-25	3.1677109447185343656799594222410195017333707664447939708697744687987543309289389880585222061488990405750911268530646265928351813704035585688616773453534977770474942107659278000290359309987e-16
79.2	2.05855153694118332077075199923687992191874844611657551380825567208990149756825682254614081192625724963122440621015604524283146036074097434333730494201463679122047881609365833360682e-24	5.6837588389412426758366286082080724962020695362197555997026333407043348849753468238030557551626819684647206386501323085328427355535087549728993019827578326652658646873876290649743212570409e-16
79.38	4.7029288697364082258247499682336271745088606074634639622531806341994993282074992129434611433296340729681370142283580523346535714544759816018042469980618331959972063548610479162933e-24	1.0198252019523568137147443393611997610746374413933674442207849929027517010211528926856574143250542275182084940801751647610880565857433638043186705746491940284902549498986991756961387753854e-15
79.56	1.0744225480491676408819834612654435755187879177202405416421757147292229636504068302971033658132394531913898343417405755334686907926719819467133436450092907574833418803829799042126e-23	1.8298514627529521004092734628691577833809858673262065528042977793234014296924207478671843694796408332652604584189972048062582772128763373530977465780198053795293181676957674603748148220348e-15
79.74	2.45460642039307833663878924500439049446116285588190988299176687591132735902031803155668195534835209422028734362209233845227351458739509782607063937077946225160383420115192670535482e-23	3.2832649843610588212748254958112529195208423876462502366442902872496128909411755881010379906558439519585731600331351525805995566609555541550549790966675387863293410126936355600880446344705e-15
79.92	5.60775045467171752900826385361784772189766542324045422370310477572504134058146996534045162739801589453203622897523337010790420693952197086264016318949778199788414021412706487031393e-23	5.8910950844685072086365013375980022142046050813772705502510393165184823756244308095959748466008872052535347037584618546192646392551469277666533754300200355063200779522413132483718235786307e-15
80.1	1.281136991483430359916123076952191781263503544268841860090818456783068300132048290415619753451686524204335742800419715315670493997638611385998410490902280319089378811834336621970212e-22	1.05702711963721653800992223824281234319462509043718398980367024592865779413320394099483921913384501474283930699579311248650209245723509262807595145046238140369706750955008503872760381779807e-14
80.28	2.926864137386326287472892537502372777179477070426006914884183247628306684231626454034434591068940756247118684599497020958384037530977243048629859448742617152935717453648525756099941e-22	1.8966021013550717771264031828474291310982991031193130876741781729409655345508270005296436449944651524579595544080148562221765245505415984089416252478023338778962266417075189468903913089188e-14
80.46	6.686666811778353621344484471440094237880910670121211342813884885642491398041307071289292305323854257320018674311312174758065493900416434456342694885433169313340393679183681308402382e-22	3.40303428742588791685602101558799256993486661525509204456540169916779438660558770583296330158977740820671095134651608310366885722318046547784180310240953055807686647718630323157327142653674e-14
80.64	1.5276257375254461203640469932865725050817534600120032295801478571807410281695589243796708738778614547096283215902745717970261428849924499460099422962963313184533840935011027363421033e-21	6.10599469077997944818452361412636257215286193646761773051694712575732020853802523480623086569784721718162193633354366693856448838822618394417242375118172840423848840139453217026900804723054e-14
80.82	3.4899922185960756027916337903575060560801349450425920112737976503244851722307035793708278464423905796677644811715014020048179446252047129597867428452285121405132565993069594214389426e-21	1.095586115649599035414120779323440855476554910363729671449590689080583518656240312866048007801134364234148656455723115226595561558028045722986120732704655474712196001785664443077816891561829e-13
81.	7.973191895100230772980955916099835064490098925126357220758286253107413646162010059278229701075910251831101331370758584594571587488835343856688338644652444336966663044432919793636291e-21	1.96578771779254395407898498485722217702341810275430261382025038913225979790715827173466341620446630071071543695611840560842513094595645935131757530478032130473023784862282540014524988567514e-13
81.17999999999999	1.8215467181247452354428056393362350497383469252729504650395649673016601011448623588931821127249714503731091031646908524926026413188019291752530669455672177864041564477053596392960979e-20	3.52717262132586492053441134078068599490058743871898694371097860192509621449811014612840402675967844146181460776676932190705647316189017642555200186205401257160171710832807449866121001613611e-13
81.36	4.1614899062686549529192756424307805077117255794694817315263145807465670093697553659722349029121866695728753172813472611572154542006318774472239154119158159998374806019976503641327751e-20	6.32873355959369532128097421450806578427230181871176807758431280880331268448263706338196999887656618639212893309292532646138617244342150546433413125495778449039504644397513460577487883090451e-13
81.53999999999999	9.5073160298268606912509735862294335031667850382650231947817069659343133659818462650249702870341524616969663494952356471576248249956703663486561193066225552682414310247391380349332085e-20	1.135551694469424746138512914159750759681673564517188836927193181510605742038026161093707433364803599101556174002100361882714694926466947917476317729892763245585067636815702597026263297396407e-12
81.72	2.17203951431493113869236729727033078045550419447177719112817999082095838496620769327304271151618543338804490331130890535222106444507025475055456537542111432698886347863574975778774633e-19	2.037497136939299795018343769996745220306202530029090717694488949794514994021015928821043814922982233089607474048001785822853522356326380721891430740630763428175310566429059747315526066275468e-12
81.89999999999999	4.96224742574518587557143294051927847596395098858936542082443026295854872187810638956971213513322327173579817193898452679763226820596101605065808928756328556324688353048729222338803327e-19	3.65583936271218518089791580805439685078667957441235817382302124941300009959508380295504941115611429949936668408272415720967833798907657215317927282763317856028754280538184839803886012549183e-12
82.08	1.133679411890019077582168084094695031923230283928215759376063563516144867596226981188343808557667365113533911359357742676670649318891740481925468649618390325159705801493123417281741481e-18	6.559597657169127694481090410745364967542282290074299945588650964085633848437194464190067555425231023905611493338696358359100374991857032945475888827824436082702075025469740223537452318275327e-12
82.25999999999999	2.590022721174433711626195760814206858748086137260381732453589968893150150836740920880155523909539974517684602528170208893092076655247838309405402990067127673982529684007946156979966497e-18	1.1769751664366610152014611154454140576783858648386016494290420278526268075676400628002850939547945768890459692791796148803451037299291628030204330106739290911641391474185600672357322467686983e-11
82.44	5.917234274558980454451376416111410102745022619954972569958918345808950821768864220590397124719407990711235104050844793790737026125395585098616299298227005348778294203818592346973898798e-18	2.1118224238869489742339010618871312822477590122163652801680627453674607740159582122264190017341510080822371173998495978475463639121780180259963401413870864848232078402085407494117340043140522e-11
82.61999999999999	1.35187441516680240646953314900494638248997876322130305849906679067097673877694396314504097186645363911020406810218179144159341330637280095334388081608553251299656923822178344325302531e-17	3.7891997020922297070498961371653494672341407049752984064792577476326135362340379272180481341822189415683768891176065848259509491260763470473965401707436857805236018901218809931928453907867291e-11
82.8	3.08856673892666307978435808338324894911457564850981216580871093638686473353326706465987662490011976061779227628791922198558501579752197548904702263926403556936165605423456053382205997e-17	6.798883381448772377774602228512711209742050662604040859708162977670154762328410705444114838637703310429200753687273533376042541407299614568743311261589758056675697457999996540633444942017022e-11
82.98	7.056373054438225365405364203631706240787255808726391007269285495676915118386434557595868383293758537833094358551504173725097130594070713000145818510055734787839793192722857107111365121e-17	1.219909713626784567327456576283507889781108950401689780600328765636028834028115664384609904158653349353142075101191120795108760520104644903951037038174418865138063638036813290678224821654351e-10
83.16	1.6121708170674808487325230760011825432639788448350464950949258236833580896243566184723223388782860989744876963737306099860500466438917875529847882108038640623868822194951761811347261723e-16	2.1888590021437721623290363709525567101731561494925544667333216168419724244497614213202674502264425947764285970165848765868240852894893974796476366165071313479309373554941258870319187379395039e-10
83.34	3.6833834646152852373135864940528344877324017406449864861345486367372874520263294370259920893208498092873520733490802000669117205992420931077176847898861078560263596082748665187279910066e-16	3.9274248559115954330040800626736350094585864584837575686332568467095558450658004727113673250314637010764318925702329684689684283740822010476556017807427687782604618141856363387510155260729498e-10
83.52	8.4157131754612327692680607260667748182932930541637346869764129521704676151208255632583691645075315253086655403416567307697394320545006156224301341464978055789357272498268941766618257199e-16	7.0468979425925894595286851764033841849354591862682710333885432262287760600102492947402270715946596482402981454185895236903962410821523668024290683952621927253038670599271259047022836278410044e-10
83.7	1.92284939849841684763704595531924506025725159139735594469696577898888346916687400140778109561547350422100463175567468508649219460127921907355224524104339437679326222003334533587883441794e-15	1.26441045812929663334795191674012555506383290274928291038305109198712149709028765084540755358660986415553637848221506586384687752295568186664865546148368436193334637232349858402389635044760604e-9
83.88	4.39352225022744117278851241536545871603556913255374348955865643641705157004390185037686801513800420767810489601297142315187670844458001973367223048332741480017045392658309049124769837915e-15	2.26870577614546187617882741197726543812568103737710801957653167399064480405630544452687473471569130064398992429454458750832017798611930593753152055612219802149951293033140343185805299150444483e-9
84.06	1.003915715323245358078439948592714191557970074264656128427893940915898448265054734809540639275664416318241090048061913915971401512753352657155341571014298626341268865666805736990986066238e-14	4.07069228637260808279876236783902870369685589468627408192734020856031032757636058690495026298073844100625206771181993710138643677161978646797206330247933575482763495417438138379502736071584666e-9
84.24	2.29405165989347186762193296467759226302566236835425813119544249210185586684590088932171074578622562816174255600109919923099028106419359528521458862968203775408880552623888874528028910143e-14	7.30395975739386004673229194383950793369145450185329093353800955404510758317836018519434040777572824828684756032685843329242842752160936162367230746926789445669220102845791488053927061478877893e-9
84.42	5.242477678553095577046138427452683407973736763615906619494383948398436222089487776886713120926874829241181211900497615336100313645889990440124916624825943638760204309013615900141673380784e-14	1.310534532816953187554779787307966662538448408716180281445633620791403312027004391430075191601209038536622361376944076394066944625822649002661933428619317743181944639681202370593521229194759747e-8
84.6	1.198132953212082862489481957830735126221845236727165486436434380977188471699488001473868195899757703644469242420782074942700846331902944521790685241309218574420771445133852674396796155223e-13	2.35146525823490683058592838656108415860563417445029791165693773897315189026872112017224152832267154102013398442580818231351164475898099445079178344814900352849094528729985257585246216670847109e-8
84.78	2.738533855759720607815636720645979702271347403835422033513306964481262946236177955062992161923074246750388691255989909594999370829374278654194785254392387652747612135257247838433123727005e-13	4.21918592927156461005713378976608578724835737393442320180362093295750978840389332830728298587766943987173552903102700917189356678140780345577451077079465364155969785555329316809160906397280817e-8
84.96	6.260199780216405271176287873838343649693016821611336520700625620110162005188250449197427240438996151788604839763456150980561893149191522500960006907039821243009696266773320639518258401734e-13	7.5703988580829460439633032037374397290398963711011420900668448877795409807054031146784941191700640925703400985013243410404484486447261718836985809545583855488969429832805247457163832251366159e-8
85.14	1.4313008011765659723384245891757325347948534871931957251016679567946471236003673980426138176276225413876617572388682531911420272713640712651921623072247010113394483211837040753015055339005e-12	1.358341154696609748992330049025860737122550733318082652530275819288148208939305734893031956586623980465144333641147894081006359606016598995524988103506546668407567258143554425043703986612551393e-7
85.32	3.2731523470712224130071237257974979209949918732942701514659326613307071842676513966596456807674291013583804552156396235553109869180987401558357841683567713024254776077487317508885710382583e-12	2.437243700274198334838515088353046788951728763348933799734787853904163063801100215194759399657975777571268832916397793188669959347490265960861980949395821306878030561940089909514427445327918243e-7
85.5	7.487200673785302843558788694151094384706709130457008435820268692302004943082608671857577378585701264007568497975222612605395570046239818027976181306472404241831312236964677939932817639669e-12	4.373096430147788392247976623191347807672389835013962779853943569176846198147151779284862339663309657120064072031611098079074387358941034709981924426004196645862114768186021771913124274511270929e-7
85.67999999999999	1.71325853980418156164462915422224710570645929069491750561933971121328691727391226682860013665721358399037208398859476882314600318599239182086954289482296245300789092978428059509920231228844e-11	7.846557316045922490158566961118170073965935494826390528881493375406509214653132968841010776560537994228262951617538660989788687568791806539479164440781691318368058975137659513825174649580101728e-7
85.86	3.9220887668933727750170431774350126125061581743913774511713482434124689947502088392493804987920565193884893681971683325921987165981332962952287135585317990191465422414855866953463785062996e-11	1.4078917009366409135956356332980193664509405453786129426155271042018961597916252374295154557683112272980103799999413777094596312443543974967166025491657744031892317920287355553460817490773003552e-6
86.03999999999999	8.9836917167290536592516525285699510763746359840819689101260520791000875810659686645048557998093404962482830848533340220217743181151402498343121346207761423405082747130152625008694791169077e-11	2.5261512300607554823150947283511374878249408171132873056521675017837713299494781361969327257528809111074314161861504260896510517258869421608733728596377241587044641970160457046149356815983024075e-6
86.22	2.05921030979430581584595535524841685828568971580137067517723943213104290853234033883051385381187807980011775885836081721654729122919264696665986774237370076489399620524268178486446597960957e-10	4.532621389058541116068367854459855321015763998970768561861286260706882495400700483902458415394047756145999245238404635224922352200866911406220919482300391727250979428884032742184564081733932575e-6
86.39999999999999	4.72430208441651316353261081692408284190393800312249994485419440083928010753143947880189890340810737897449847664126508508804865025795579172844096015930454597890338574878845441445663253643193e-10	8.132789681042407720419815226062696735070907980559336661800885408341836631358030031229505666779661597524705248077387215599757432387343070625491031502609367363902884488344786934447404274831089007e-6
86.58	1.085099593607715062523851221552281503448782059418243540696803155126295673446312890809283659187697145478484871297498635224537001473659970670021882643675669587739481514210924683927894862691483e-9	0.000014592497876835182106524009640538351990595376674750955636106012376990373545512995720033449121145438019147817254720236189503677971454601414326628458493272117874400888389701136849460058300922096751
86.75999999999999	2.495896513119014619884251821144604780437823535937327555037705046993524931022919985823969672142451659451035282994588149815019654149071874438574582600054260301845837670495494758404619195950799e-9	0.000026183019927783132205241915979993818369229378581038717463906037875385409098368452247327816403962498718669883762953564776560066722457396066111753413981752800305434880515001101109131568967795751548
86.94	5.751359281875428092247622123440702562285693586896036130814757647748083074015936679134257160627748318798394663091703937307372212394097927613467611211840240716443566342601442789168669233536608e-9	0.000046979656145005197473246930542788701908312435788058121145734296468572568022313242934361683508617135170755355586116153119984291164236131231740465167090476305797337028116041963569191991488561183514
87.11999999999999	1.3283166368221910968425786743591846984337648976347775704509481506449357792187659121468919728444006181250836918897264651168464541068425064981279106727542868699051120310034312167720809581315691e-8	0.000084294634372531580072612821064298340711905055271631626897594160603614306726749738333875909529574965448318663356110226973238924497387064878960696958542942584673136410394806461919802500409970597023
87.3	3.0765602955639431826746167169935616121245595352057893581139417453192100710639035154940530819771186324645721338821985771679002451470235452158663376656685920697072399826875219315972039483828852e-8	0.00015124813520534186941259911592678770841918476380125977293216250717557222256459138009599570421720789678867065023378858932527042087225902382664783049876001411337888247912996842260831104743574980559
87.47999999999999	7.1508841722891005625828956452825939452409822577869368185181180899886760600152254385918801041467141524318710131981988681581554373152619119871821592143071432033002779174885420477681107457870503e-8	0.00027138142987214787193505247053045381107477191052767912946618431316221169947316298303408983899449487720649369346605859472979012410032099688880087162125893442746745392649857847389812565997451858445
87.66	1.66932481688924404945371692268586307406935291718117112123578997089225320968925009606291588048202379251785385130323293858145056581502950779986866238075587756852910864083374415320212970027505404e-7	0.000486934139072930335571227820987097616326268631895182628652869085250474322514980861781188545440176706811036157459327243187538856110700157446463746042457189784044311645297570727182258623936770361812
87.84	3.91766976664137472879749092153936831469494893149018104240616892925124648826812528766792541003608691253196676700338557872652513291483904282355763366324056235646897925677907799765653480996015051e-7	0.000873695949131961067589182331746124934006656991947087632838274412704209944481764781063849323009743028385320246506539626902671754383066594689080399332842237670089703835417825838599225499100768435974
88.02	9.2534387011813214080427464135845284802615979938013625125902833736862208647556285326453686521474116495680292848623412179353737187794721237582542329672095579465532751320010747925147649920217508e-7	0.00156765474281752168118349869374256559103146801622957247683221589132990588728312731079868864404591847672339553852514102691536439303028682164694452489274125216646721158674284626771958154325572582472
88.2	2.20245865595313046996470859204979006716383883698468433557625686216224361498809949268807377404539056154977552174090937374576088242394015333341785672743545327276357854808437152516669697359644662e-6	0.00281281079759050053891174912641147914973615248576393343199209049804473228276053292060278198198591016970562999713023390209977227118895235519674294221084350186046669996326866878968412852239424131288
88.38	5.2896710475097877382823598053525663016884779687020992452859255517970299828414798878277211782462703471570186666098464972846877457016406964291333814896000257565489751537808551777954233025000676e-6	0.00504696883352748340790175812066916607396071385842976789333287197455241627697278409313747082274332773148151303855242979697933500722926599442171470821101919009311736606628283174886378187859655816227
88.56	0.00001283743684236523749901209598492257493874401151016184363261146794499478394915214946697000690964023656143769587536985524366247481168970596384215551598953045067497241305878687668847114145904626687	0.00905567297076639857301063358290385561425079937342714488168743981723979604222608099634435370043730858266665868008393955529884386940061240708049945650615129441427790509565069984966086375143719344831
88.74	0.00003152590675829779589593234058710595812334341444589059542964288519476809631464842792392679929333266027578613286145307568858268302844809684986687278656009605081930604357975479872901271812895170266	0.01624840923319955129952441773896931887116556710658678450979387301326552993433015433313276152781923666142121092889161654477731055953322834734325860370728603192440491334616542326313861346114633052483
88.92	0.00007844745278513338736453087458143013113833034819339250544788881184987824434334496780162745951442948820425446766745374197066075580914618310599778623835685674120706389073964289441356994762657564884	0.02915419065851879289627212362573920775181473673860938294588320380938923540767349419983541180396045045834784252706910010245325262511285430614303127902944175121991838403153446402105811733832726592145
89.1	0.00019804065254713676337508414166995892800481291641484426365907346032542460659768880922028973190472034490240243252769518500492780439114232874605383392585044902754483114926365522899874815571776710785	0.05231077787152414307729417179246970436435342022436947090366311088321014080304315977276577388549727922364527453376038724426416586767652702093391539671193827312532577959437828223099162837944134129724
89.28	0.00050784176540642598810735632312530279047985354724146117812333594364226699553204291529984349076431841039656759027653610319517797799436523879833584983630760220374216254604387569814092523294252292185	0.09386019872084766532213139540025276286523947636142529384225633275662321395293997969223685419201241412182412985014875009052780826600270398414105984296721430246874262671455340247977564621634495704223
89.46	0.0013248137405572676351546004303180064736863078186733568098632273719076407758957978245328712700042986487731348781545235700137721399523515729563291739397669373347174828540210512823543179111352206495	0.1684115962997376216661592146077154387864469436159504263495406721351815947107225438453229777666395717929437823234197574002974564210305028267835361700502789082764743234343606620753026926868123869201
89.64	0.0035246701291676960601449172150550780052783704341938404250928005124001811084167631964637359608356438859990566669504409922844121551888550217900781549007896786770737638823481074846762909010346397378	0.3021781684863821606811967015013195439439485389809673424489799246064560457175819341584226473796916335925394054470479889525707482753967263009283583168033172024168278959973259525491714680178781109535
89.82	0.00961113203643415768835360105737927679931483402260530126776360228413951146980134965660962048508657435720222967327970088941346456305878448380719295810969276672283509954325529359660439550602396725	0.5421953393785998057419046695972440414012657862457781470751291199603469376672829246727240902325349722783812151421538705052951320361556711893945110052515774099922958246782089044901359462450466112179
90.	0.0271321722776496058436384605348701800978715647682995589966358752263080645208657911329124502418257982988417993732687792858460853623463880808921531170087546672519747446785664077045349127111085575074	0.9728678277223503941563615394651298199021284352317004410033641247684763316136804873855540540744719372420000369061349799210493654842000886044584821702221798849657516347390055858305700672421006861286