0.	0.9728678277223503941563615394657039227176084290832068602488615312527393625135862549646397647758323887534635907815689764689417791160122998603390399247533428604932632988289274031904523108977774834878	0.0271321722776496058436384605342960772823908381728309994260590462497965550734210217342505661135077201967130436013058321342979142084356846193948942714650407699283764029263596181693865963308376320679
0.1	0.70306948336717592786803909179070467440411546558405648521845417078316032288636854524739695270610562230500915827795982405043445343158621729600870479292015318267642350968624326557043336478082429197946	0.01516538501751530141266910702155430426886766288642819091549570209443026714654106483681421455157277898256435161101848816197115396867785413673696277662453482699576801232994305703487850044833563428119
0.2	0.508095478333331965027289426402538826900282146812420944945157533193241135502829719243678539424325954311903791069541561858431050917919098255746397079596690927084429861427491426005984636110923601978	0.00858482113186363724109539366769715146925430930465894714465774392317618799430492710440616208237228321897086636499375265527640554309998647162552686349700096286264268244464994276640389546733701494001
0.30000000000000004	0.36719242376959385028717578293117426676417278862963863303209939300321529893154791400966036914646569167677071173058104336811617477410388268880956719311582297497662466385007669662380190670398703953756	0.00490900089356161771408685196096897796908844521367499683140453498808115919597648585682797154861526453778459833769612454015822834274373919608244730358839242398740504837655158342615580404881375057562
0.4	0.26536446084749891031282642298445659988603399986402592303969164927533519685578995409791985866315905745799897843154591787452225194218617110297204770932808767107265280049870588662712478715322893719497	0.00283047114495721622685232788240199300780827313808171501526386968401319600273838834691588500980049018760450463206537166028161016232175855326148074976603789147171255533105204999171455187197769081676
0.5	0.19177507725253670763411605054737540196353350131720863423395895402460198469414922374681135819872900287968171755842222753410487834528283221553938507835069609449545149833164421106160753244662950249227	0.00164361595194287674604373592402980991184529659371582977313266097446796638597289470995979304879557090688345574393102076930021663091306017940397555149143529246052216673404399991831612418038642773343
0.6000000000000001	0.13859315407248830885812631438780633463418612373176168702039128073805221450286516366719661321667737795356027442798816292666071909281546487534522522026221243278243534500073941116238396171009126410888	0.00096042864410137200901166783176180772547145802207609577869674390667256505091459730250317121217277168427078432040253656932916311802071785668088947710143472487014356717059624684776256447640749849043
0.7000000000000001	0.10015935346189205201699677738634117503860672138176788121805603188531091424630668001083893761010136543872782608350073121088280001865882139470255173821441137759451325299744294748324579834691597619533	0.00056443703241979677115530182679914626494307245201745651775612741749497463216197422561140584504025107848245339786707215851670196903510729803072439206134170734518477384027367054580651679358804444364
0.8	0.07238379043790403924113489412204840568552259198917672446044943138780732953926482291265790988373955737693205617679042990207975399046882157260912146879438114433074560928291475350636402062243751973694	0.00033349263908731471111667657998247601919982841410197769479923530891890520210286218231693988038161496986407482997849309087230014273124660170130441048819802137082048498082880542473864808131007974111
0.9	0.0523107778715241430772941717941507422346315474152411219801976066256615030994775808642582903124481395416049500284912652317953014919878182489009393088505094986498907880215818491519354420589107106	0.00019804065254713676337508414166705252824157692655922636475219683654959684059028627176857670714145401117331096220852290962040771931416612257436284340498087219751108453668064514342999759518437595198
1.	0.0378042881894859159518576428933983211797643723093608482416708335437500674300964035304648964127433802213744618396814957202257280141600855112131311518262587683161253084084319553814258661085152323132	0.00011817320828314363448940371296105047041925542647074699905394619188818466082851333573393217965960289008669957578959432180095937722733746019115520810699826877591676030530650385927997845085297412882
1.1	0.0273206465121161115148063469572477906204738026231185635455434872962574992742649162331653575305269823490763049414255663236253664687535816041500506959540175124570153549156801462879442097340892413696	0.00007084170041443157828739250682330941850192910515420980027949053846597646173126667910434984924013646765762085888116938685731926246623022645869411976682423096083682858415340524875988749330820773458
1.2000000000000002	0.01974426140682247797179585830166192057764247127759982229736340427371749232277713053875080224520335678070552544794424898476365269110396403100234692045670621224127955124002662430917617673029036486727	0.00004265546398316351033320676559436932848742583514047543068731884066925013507162899108952676467286023430287441433613121310681876267443123744480223464354010208816339002188047484424454702160081795633
1.3	0.01426891073319973975355724778832484641999061609650788412090770724786416253924010901064705090161592972620162188308404727610954806309827163652228795954127935287618687777467138873375756671185923039539	0.0000257919535805512348373900322392665830926730138289764550690788063714066674153112949111601326025341549008942753112104057236016870302138125231522872646931751526399583070071987318827909616379945055
1.4000000000000001	0.010311948976055477708495586982032154099252950953671553670412569786844401250013006726255727534938047334733397300774704013245766177925869208848884103149680844877598750621064705417842750900047206389574	0.000015657476590839347743720423047898424656061045896030286024962816415676270639419835033310407495120718002431641206520406518226668496080518438741293083986560000137006044710273464468423074265017683703
1.5	0.00745230624853188671543868935041805013489668719296282353135430597556125881684431274951577333728293275158467861125511896535084487942983811486307388371621565291674499188510900235035198523342388159846	9.540852466367090694214290785800750739381417062550349773103026773424616643503797204143376220052325982288868257954463496370336347798568911229261609137556794479386530689313821647610179241738451181e-6
1.6	0.005385681104015298480114664355262651679314060691244783355949762353502010243473780579665210222436529061462310443599077218357110398371996566747035738109025794025476257207518548602919889643137893022583	5.834142401441048980813129492160924814480120605896210271689671487412421735671335519318819744037070563183073270127028658409290730922266529397636743374983449226259316134446900622102947170382290737e-6
1.7000000000000002	0.003892159030986472479571885863529645655872273118264154357050505858545440430718191941573850257443139201429869311877962293001536224771057795996345016648181512137076254323627663844719663261676389255873	3.579199087330620363518918447173711572052206452917806531136590504345111876669443976413154814322375291528855572829934440185886529518778917793338706455756918057231792116394559692450443907523441697e-6
1.8	0.002812810797590500538911749127022795644897575372760991614503762636740047731713944902089564255587673277252495478148662424217570166965956535129768409214124404305647559042930662457668903189649440666212	2.202458655953130469964708592117192454138477935607473441157831195120519068619582562703259286902436071209940464417987490149308417753913579272275445973265021370737663678639873203278150609197967895e-6
1.9000000000000001	0.002032780401245623812096727215195023276401876797996702977099335232817046795468015324291376334075249833872016894242765976751349953804453759867617934980449865543788460057251065342474020472486402290447	1.359057825884463682649737686898114612837823867348706549840812974900409086815515445484040775691627849281581265075241398701585426437542498128976684361493654534314872216139078491287132621279036628e-6
2.	0.001469062962924775021855042755677877028520594390441801388126790310568786449552313268854917686586683008576173546249637629798625365273591638800091071320599885518704745138003310325402737159048991967045	8.40763903701520723427283516977515074611124685879451487968584493019090827363714118388987792673842301490500784095763946105795869326704360416412726905231011384643621213908515752905723125356412575e-7
2.1	0.001061671978624115308608136765756726314546521589885340342313792261033840975442862578035320028220678320802674420710387130011787701536002482557294708869403025887779888279511251872118426144879424174	5.21335769146108323738815080109511646667997827484936191228478837819786840757041057123066977452853697561340232715395756694316699306097251710644885269399160183188511639783752758226179027398359566e-7
2.2	0.000767256012316011610437819169675729855131479268415332567569463038776409703357257074717716177253627598094128597380329054730745980642193945487192974920556077182638912023041736232921966324254309113716	3.23947308033156549373699719604909964603552438327489322825585344167152221903673727798962988582234333142550533769728889933239882058546402375105784144824422747676808765501213963648931479024900375e-7
2.3000000000000003	0.000554485566624715419539146763311190787218616092221149286376105528655400773140436653134584089137879042781613796583971462562297104931027032992588692629663975324454853882854374168212295517043635806204	2.01676830566046341722389326919517908286073699985524802078285912799966266494342925726680674691395597537543929000168982733750364484247574913435209871053557097746211001861586897133898228036632165e-7
2.4000000000000004	0.00040071923677398634924848299158551222997906714791357090094562125434147036784408892247336789730458118673437373817473693345685007960752890658231308476127840294943825126141338764787412795873429645634	1.25770741146180608756537679884391991879608467353269722770283069649118190947229640628974392210749455699036368640021909451899697173235891231458235056570989188290695843574089674186206252877692513e-7
2.5	0.000289594385157276672657220933000594728846996658417899248987552033757320187883929984549480793948408245122284640198854695209254075068227384616353576723805227685011453403765066512048756006698885330607	7.855402956391733063962056617034486762611871522729074934046698129117041261116301417588400285080069160552103385070843160683631559911553610328294194943262997523653876004971297917018073935453593e-8
2.6	0.000209285954421198820225242991195503737300992325801647677788639071278005021237381620548844430890992132684738967069370692816309841150698481125872537851667164568699009068329376360883966670268581720615	4.9130584294702820257240907143189430469456290041436904270147538494378214040704265129422169523956455795198727147371231214557661377143868270609285156775315545594479769448555330041966445949676396e-8
2.7	0.000151248135205341869412599116098863861035724143945771567881212222413705513001175858450138884970921590223405790078090767599210648212160310556596845201420131706068855584530393048495770444081767592291	3.0765602955639431826746167176644040537476051172478851468904717753581504029112162001303481679563122462016126664221143977148670515193523186498823840203063004086174490088523083271734457930557392e-8
2.8000000000000003	0.000109304986411531968636049342061588069696505124447342962547176849934569309238034682544924070333127233245426253928669907157145724864584449541254776196420731713969704204569532038648126895661870020968	1.9286359723831282686739080719511485746501564434168691710367515232411747828508347250702570457549775739558763800334370842818821845654215068483288713371250288318529722555999748270531102235434779e-8
2.9000000000000004	0.000078993238750132545883396283120717486912608990894884013694035675883247520976847367426695596006205667374661399188704993236018476333439316467287238671903878166898343100186129974850973802015261208155	1.2101893000768481613698491029639805976250431828643104091598588579792424802801085423371248884222255616371989024765829983118005837844891533300999130623196574882381008700296630452470006635420027e-8
3.	0.000057087347734243711058187767777457953026228949267259589563645338648867512706790066734583919617995711166985181483671291691028324792864559799600559545131120366174094460580579783340855049839280117965	7.600229808055846425667477845420643298922146632707088510288314659177427394677780555866216295910500167325883617580733340306829211256847519973822686258882834478433910503420791505386257374083776e-9
3.1	0.0000412562558889774357800995568674831056366408161811669695605379283970119207679929787182175590033096216326129952931326088662286330189935752142558676462903786935960983222006812577119205450890036560414	4.7766957329173215692703267946222017080834263454029397764197327479730226368666935382891203026725342586348640825237423147055190418184099487334346207857307287657170314175361071430304898026546689e-9
3.2	0.0000298153394324040843635646741453976017195972420844904819961384129920698826252896363903669346175113969936276114386409967931870663328899080447206505779554966852960256869152327066633357947741765441816	3.0041214036987050817763804883148900804651788506464958442561242114623858376962941917895203267657169473592907175566686986092703384078047507690752939107607058685339112392027246176773033614037952e-9
3.3000000000000003	0.0000215471434893910383744957285796024319110116874013317588710055062610971833087934188277988526656447931191142442675588118455433124327047157576106647752540193899795101564516571995343251007932184070808	1.8904369497094605521218648643014336852743263751303141089559303116320542792490731101218898419588769461217323250004557959345623169292384655196605304441682867774376288752051205346156748265567294e-9
3.4000000000000004	0.0000155718298497613263485771360592622923270488699787927242146132650978182741882347128230808635092662768787324905169171507817292522507271288912540436912728392967996919762337671879978530168055725851412	1.1902310904710975069806480093039545166812276210342574368916045670833704327025411104539194570407338076185409856325725211213725306404101763579940294938852101133682532298153500331018993427180356e-9
3.5	0.0000112535513113354492383872887427537390485699676169143115319201662292495431919227521278890835579771656550228878865868432507283729521837445548211690698321686159405767054191920084199917254773780377166	7.497176755501218525308165071040449935592199936011654921536080482783755145881919232288856014717932105860896518187474617567882376070748169473114523038991480732559065150647302095688948108062964e-10
3.6	8.1327896810424077204198152721327125981606201642178533583109889345544388305350648683788459347200809634382073849278616718096624857762337208358260625503509422139137874179699657251380270753654697905e-6	4.724302084416513163532610821757692751060388262339473435796016677448259200958933610286769338981645863549515276163779486583222892443039952675352351312147923489717473211840694211190912709018525e-10
3.7	5.8774573613509440111390270060474739877750418625984175490792256548840606110692201303504464919712917038305730203847322719462728166087737675465333274834982328781203471055171102190823220675199519271e-6	2.978035561488690758035720080179273858466937512423628022634292654181222503483814873462628409279778218076944599057301911803370889477169361387572327928631731846436094132442240981516236168145187e-10
3.8000000000000003	4.2475591266118099152072831013323059639848474172944522385362867535723407332872076043621067779977095055004196146662485023020618672627905361051388929975214546567082315031046712601851504611002870628e-6	1.877827744213728121006623207767813559028408570665006697879944202787956581855115161462843248322466544708641902961635418599268552164489580315561432734962050429974913474598683330563266447152064e-10
3.9000000000000004	3.0696536656670844031819066826361310868563655177821316105020037120565679466043431342159306009947149569799980491099138565269933769545585170952234234367105256307368894664589286502456035964072912485e-6	1.184401177874568419512530033121968772677720188113643591566106918346090371253817489250181271680671136875406023813259967142731580058017676061003951135823561355181250575348037404249464207238264e-10
4.	2.2183972833035237779220029520614141972818651120638202797464532840716752739172570521113945698327409329387461304899037902932421010775618110959169713405322443167984771400485384705498880952801484935e-6	7.47213380668546817879968255720727869172717733421387492327258335177908293605409444775676715173315597678547532398341053222773850934243096045458486017552277548287549882650019439489298087272603e-11
4.1000000000000005	1.6032057823370612527507794527482247945202416945562038531774059710459158337815410688463687014109655866141427250128706009716357720688523720935617406861001073160624443937581547337896933943687570635e-6	4.71498645004793459583562541187069453866954116756963314073150980996755082158664533990420757127067957903840111137923363557918372653922717338945787454052876806169340264372311505615260953974283e-11
4.2	1.1586151857758697614238594502471404597146141580602245323532885835797482553798140097733861639336467843770529698540377478635017868619266612557838507606454505827420764574914973579104260899837461671e-6	2.97574059647882264985172367813129485910843481955049911987073082102441278476252148573852160006899769461810754135708991228600303159165981353399188001290033958325488323024106086325015083322802e-11
4.3	8.373155607970287086701255165337081339150186447040897914410470156143923771084790451361424608145797866667716860988309707390173945389587131611301981605154246669982562509800958713420426130114647299e-7	1.87835935324456149063207766704012901178468857652782265869986153525447648418950579603737625153512167337192564404487239219443990925267466913084344051742569375990083563714929177663699254101602e-11
4.4	6.051166573338158086239727489126386870261221006114784100695932768240177090400194730267719208959768051933303576134391788516848491852285137752242934378091272639178480735898107969889278154835836608e-7	1.18583064094399164139660383147144325526079345321147608036602370547279510249885607527755569325766587968809203524733309992610846298044720889596568264837978348439946082689924986435177653364222e-11
4.5	4.373096430147788392247976745268484603312047675403450820767962515130941020726979753683538531394922785536434232598884618009596095442431099821109082196056332436061954942879658695105100153599688602e-7	7.4872006737853028435587887376012796950485197656763328374301266296909484768117527581263647201373514405688276895561933100677844206623021438441966501822524555730402653230543485147219961530594e-12
4.6000000000000005	3.160377780977543577717580805612002362293419512219759032417405685210667545169517631655485252642086160071809014062306507827311454620923468000860793204123286818707545206372327018580170401608462415e-7	4.7278368006212147029261780826689348930809290276576170403329671706191001162356577013787245584628396259564287874970721921913758690575772522224809451771514742443186339755306533041176329910675e-12
4.7	2.283962377239234519317192140610266540242679075746075963105670115864588030285487594615831505791706624339022323438624994561731713064269999995026458853936806675868749188593008527721852833420444725e-7	2.9856980095914571231025099608092508321374807075479139834395144465599341242957915812717371211771351502476450877602288134443216132024112951172040068391135527641543003395061626720420074821172e-12
4.800000000000001	1.6505887910118284405053336597733796833888567586575531260680565933273270756824186189209921281126219710618639683658175196828670329019949699107548471310304403826978045373122152399304669150818414934e-7	1.88566526224775344420574570255670010972356061917396048085123348853447077481423601105377469669672720601396431399340586277968981358648344419285026029583400107026595225166196155054487143120206e-12
4.9	1.1928582467751140983533635849179123039248399276103562665634258180583272758848211076270276272353786191977430375929469787652355212084754813560147323839538211837534401294093160077990212154041424409e-7	1.19100668120093154838465679767975760394359964899251777590746367786619827974786737997895567114420200961430730881358793024661476033349146623717225770180032368285988574307858640488006894448208e-12
5.	8.620625589170204596636083043138763597992978764536919368215650008109777952755265652650787241614843496120411276345915858026958204711568643030131600782022379016549217938119171783305074576138584752e-8	7.5229951318985674730972700607838612069602231604238705608039050439302130101503433653853508951938083719210774431747160726162974792649593048298192888079457624785834828327529773145354082466581e-13
5.1000000000000005	6.230009789475585683413303717226233077606949899335108085264234362654221523758333158915737534579083414828218608016807865287830313937688669782857836837673744168216531636283903630145249653946839632e-8	4.752158827473450494065434027641909022997492975301276143710343063850596212749060708889299741982525304554517893582161600189175453441774593056568411306275319670994541506592069275428635744083e-13
5.2	4.502344009200585670250060312904027002329499112872324042094846246801558943754008306616236260956791923372394457319587513900998592569478570277944299515119406749901326730367600271117001217696011453e-8	3.0020071450742887476250258829912814433774001441914359124217748061287585558926955619774804174237012371576458391166291994420281378155002824419997612528000042857741526697448141145391369830822e-13
5.300000000000001	3.253783262335896234001150971465810951875169531854206236917585238519919998298226034951436908982439456351323891434010044893527339876033121305488592521992492248943031480708619953448507544363492208e-8	1.8964897584693413039845558378462684403675377633030669496659360371329475349381619704478299753176251073245341398410025432659677011985968115860397165243435371397547626253560008280931734089141e-13
5.4	2.351465258234906830585928709356771433122958370639659306690293330227283359046816751692582642723104546623150163639829299298877214500016055039644385806077228646690014595248346751458336714156728653e-8	1.198132953212082862489482016879814195625326187518798334965122401425142427766826637061029353261344155796157296037561033931327726706496014330932919089935972432109482948359425740399174758488e-13
5.5	1.699372212246308167744944092086710176640395469507329120718717249969124662972971127904810508628866251767803255224671624380967424732681885575158177012223075251809473167234732990336514675917809705e-8	7.569605865645532583289789107626049566222358169163319543883312882484324145875174315335020347129970146441439971496267128831137731339112633101436280142078224684531285307523553813709882129849e-14
5.6000000000000005	1.228113367034241268913475351000521294750442117067936632610295219142231654738976266859556948651721912325198150781413263104106360865901987443272302635117580993210542517176038502803043535051239047e-8	4.782484007381341305335179578422520800743235603868440572237379703662290274812498718995685445277332358136561804119097585450486739348299586723885198048275428195849812079233192498768187154646e-14
5.7	8.87540958607585482144030681510389733216302874179646639758633009763323059899997986622027619236617169953079608441351805072044385688742563529642203483862317876206201179062636725806982497618530747e-9	3.021650791409990783214000459625880997269657167903100913227000361498980174850587530937316602671318094438301323291503852161998166012110181320805641333221154623243944358645388725522567260229e-14
5.800000000000001	6.41413874606992316925137317144514026333457515063740345553813775148782273854862749484073797101224600480132760692872601817920294718681141362958661280983128886894017403947117137455187990745795061e-9	1.909168134413046449705265748303015156696119414189269363910565523080302797382140070138499725556542445183481887025701738478581951097695218999136000526754482068532545186988234974621214901715e-14
5.9	4.63541152155722436951274077453262386952721268658285961094036277191666765704725708640536167412437836307804264987726825319719340096609191261055038605831460645643471738451083660306080605709428862e-9	1.206290984635915120714256342765107198110949384918709458558945616746907229705029402294630574104758960269818077423549243427818690228392121595551687063947912481567529605436858229843850369922e-14
6.	3.34994935794786520499153727478847406855427710986495658961823808848026211017091621055481258279625188908000965388452765817871578972011270607508467581294625156519274432358346493679965948997989188e-9	7.6219654233954364891616783807282357591407115015051926085733480035941597135448080134150929048152365055784973909157143675235212865836011506585138827636934029127356019219954498216020310607e-15
6.1000000000000005	2.42096319790078362979824361072512989647695473153998385185061507221447360616963902395684246324283597002179456311402515016975804286037370878972180155902017899840803844798283521174326458694830582e-9	4.81601652907824838890679226471744819493371529369860196058854583190213009326146128191971583554917254541127270081418874743872034223935848339116881815911588731846266593849617192093939043858e-15
6.2	1.74959743546105392615721641742795805213660936661153476386393222624406319835256964757598116984844997643022798464978701817926987582403469496828004187987570185130158663018033780394768046579517494e-9	3.04308646686922167100414642339898803133908566843136523177545772724610142367253081259156504663917887027631053308750272918118193948946175351725615226230191557788283050836300331555398846785e-15
6.300000000000001	1.26441045812929663334795276990312745831816763504899876734630744090614080314083180393059886455256173457196345821897909472806768842671960133798102528987661732390371955578537720100823885157514467e-9	1.92284939849841684763704702925383897930572375583703144993757819308087679079294806648430497234399622361122743139702716354607378403350600423654169240176089724264152598897618624666797103225e-15
6.4	9.137723765612627844247809643899502640486698823111576203086493423709226889061778278316189832035074325649716316926078109115866200710349860083372465016872925748008260075116737715606730687240207e-10	1.21501128958274174217852306658427090206205570991176516275038965122207655690188314118176578301514990111132383072418377278606037350409663762345386896155129566391093524959692730279472272159e-15
6.5	6.6037096640419791749163685899142921885960427565338112821781294469992107811791555105980206487965998045259813285586844165244015766730507980475040698470556865637296094620697641824710061919346848e-10	7.6774837398514306107787223442036663884312811537650471101471610435462297147518963983320970938551490324341896644412557629409598689630303400059315382220058684134279628923449149542283360887e-16
6.6000000000000005	4.77241186596952435830660363714086736645236481660644677187100491235517038972063279965996333012095801223443571676372998161184292768953747123597765143850583879425234941742489886095496105430919182e-10	4.85132753663055808493424562947630127011044765309916977625741101548010966875909651426969470054501723847723102980103140313206212773480697426385378175738055113833217836240822503447851027451e-16
6.7	3.44895765821813893112542909681730092148710348644774825182087377371565726745350837153376851993694258089092367618731839857861586812500624505731521114699932550727241708115967694284954352593297443e-10	3.06552593917955232299551641943792556767106271797596405273785422520432298363184292896332734820633964821944069641332816679400461597653719083750817066175034950081213528524508187582156755051e-16
6.800000000000001	2.49251516052145988206011253169633512920213290821517128985792922147383333047238041075740063223535080455145874071094754282216054328840557802328670279332222112600633914867106850928126850058004656e-10	1.93709873396297064944636697422683333131948364054217452278415816091312491732697685679708165709076848446534231805031678429742012315295274796517112272568481490351669057090906043062266990864e-16
6.9	1.80130707334893693306271437651354941099853241427312307529580424642299066812386198803886126596563180000025589038122087460107541701114325571221094923668845626876208610524350596412242140781738186e-10	1.22405401644028019835530911702726677606554467103649800817745460430113359028122096720082739589895826874969652573890934556922335900663518557045302941369040092735302573704155058701913395381e-16
7.	1.30178031567843553523138082207428222822617726490609408736494886010465421778585039991922540371997852916381257459729287692581211643252105622780194978927584687344770482038728644942946583259380992e-10	7.734837811452441002908183276128356866217456423394627761527474253352143301505043183501341692132927104199428499752996400050554014482375243216068379092095641779899807297732082928697470839e-17
7.1000000000000005	9.4077906835575652812328436871154683372333191330219929441001285025131808249822383887322854820698129378427269702772835410972492150374112113123616634656466730062352983260423644027039993276390373e-11	4.8876873058131970599381953743539654725532451481060486232201280175338583505849957626453126158038993420593840269330477581704950017371522301378322590658838571176980191328960929833464881928e-17
7.2	6.7988833814487723777746247759738029756759081304300411556706133655627514107249135567543671603024443904627770504624489323459405569741863980518073760971424255465871516016788128976449767689075583e-11	3.0885667389266630797843799345852135146340976091685553380419407960349961048674226406584571201219892364034519549822417204228201567819003425792360659881346421131343155957699270905636315298e-17
7.300000000000001	4.9134612779310194066772927158471772242564347684109990425283194509554910396589741803143216344820782148074640347679097007397816775925752854751418259506817372075227142469914953725935777148487113e-11	1.9516941781521372789431884771933624117013239980552624088614199943987757664829476898602574840284938348933583944151246994262538331653065168585907700371430572521361365778853764713723712016e-17
7.4	3.5508921649694617735586998008230294172691326298429197386105655448421000792360423015657555977295571965036677062380926628222787036947198740033992498282503875872448916096912047210495153046747604e-11	1.233296761131441117689988127150308717237267032389715634993167620755043514942689947913694954612704469279542825021566839213648042897525639499393278497889454212205868090089629025236818722e-17
7.5	2.5661818530807455112780494057755926852097144945105084622526217264125057745740535935201015973826281929828078024595705352942385466291767558357365582518588000191772589358351988441445978032979836e-11	7.793352680972174868148898085284445841433744570467284156979954017974014131147763105066362013026055015967404466067642729363886665451135682140799697037990585872091780641966504284828525159e-18
7.6000000000000005	1.8545449980279993821605278445828095271925110477703626897461661579446208810184764134497311756307080483125332542423971844531875123159420248847490268224632755700985638422317142237126906618244139e-11	4.924723688541352063902841811358911599152761041380628772093128675471186627989233616513913665046934368092470801736811609638585542111367161829718614073791496349353351802513321309404689124e-18
7.7	1.3402546454693726205185248657172202785285399964419062365796718031626652311298808575394044698623885154830805674528032899257014073319956236908329432387870889320829855716133269479306657977016549e-11	3.112003698644731480818976882440126770364266249641796995511747562012206838069771742759112695133762324148491456482643791403052043542551641130859281214042655030718986227112734419892825317e-18
7.800000000000001	9.685839473360214164150132798523170423600751805084506668289355181786544119311895233199275587886573785511409516595526870285436024728498462515911365328158681241017435277991633966054901654147449e-12	1.966522635005962026031580832924752348025785721928005364133192059017782235875236659685735854089817556001098799577222761966847704638277415964879399275836882749091582725343978592947722025e-18
7.9	6.999825489942443477953798965877334766163261829434417073475654668105091387403444620085136602923255877240066912296335207333242014116618543280937907789087665569669996164586376564022653554077737e-12	1.242677189683369077962480455738892820324363147906960559569515439978990596691428864557967371240422146329802888044419735017402911556348478390030444615501267807279782231483285523994947968e-18
8.	5.058679428294274901353084799858952266595178658244132487208326899401969828461295810426203948724329251521778621257563924450079608304450391622090751718406464187603445269494833303128666915610029e-12	7.85268484474306377934257352657274892867137354078062996040684334278681691169888428669973958701643042067967482702587563891868573288507986575478504624673170728974074875325386785780748867e-19
8.1	3.655839362712185180897975395585131888441693862043534385778426738921365161418723069231940740798774014082062348602840705408185622283938449181035255601527312784921806983336068699527286144994449e-12	4.96224742574518587557189216218411503552474175342173968508781703300358930763532493433622346327609402475062747501085804354616121225223928891378101798840593601704115568652141152701255401e-19
8.200000000000001	2.642025776767278957254326511171631594928097944426008595192501863068260199568264570320655818785874632399953425505904754857280506178725933541941771782298338518903471348237082436657085209231694e-12	3.13573256530021142899990100985776118009779493729267237629008700515004171845051727006402313200660626669044533333545484494272181867735600823701309647389667542538788730015176482000676023e-19
8.3	1.9093563782639004322596561270664990793743931495211087302781180088460956073064039853484810868626144430273571095088362105194679110342748809671501490971082838304167447948269560199489094835837268e-12	1.981526691098769702553240341185562300434864562309747016250829212595312058613642656748777271679467072952420113798032576836227470478506467184536081531660432227762984828878741595025233791e-19
8.4	1.3798660903595577245104551624006784991756066733805400141603501829095497102651593658215555932593230556833962218079441975601797673231955207445079189332729078291712955753359968154528737845838411e-12	1.252163692792486484283564277540998247889889866833832340010645366238015962246867601318176586472186004711742486324819698011158384735066666729275052777777820803665442909999675565469045822e-19
8.5	9.97210604054664756551297410754658683478441949441758151185618471167992933930969511066754796294415602538066326513923778053261011161415824296422512440325654158703744827524644683778930613416407e-13	7.91266033268450248460852567980344715796697678545749302963313826675240350462764585789671535424588050331476529765700721296937694828765026204654067950134355464683385283230068152499852349e-20
8.6	7.206706475263455946337577959286114877515845950067885964002462023007856807593836502986885970609826875813437869806958926374337280536759444282065537217930247125169179243322236953358487308644959e-13	5.000162804421965651477536080743092105662757892828777326721593470058357790544368614253603051726781196170656677004162859336157418535588806695229352590953806593595788083669590947839283e-20
8.700000000000001	5.208189524803446720007680419241592495147349428501177088574599401744824527441862770980111158948450115413484164530550302532853656716134120190279585958843744500700679296384791871945511621016267e-13	3.15970070333335167285615738413753709349341801231171923812333538122646919303412512313718436241168642261642355937959658650560311361894766589062355674188342363963479354858848250837739227e-20
8.8	3.763888292020486848712847243861989147600278268594978414008054719959860679933762879399980908095806523871526659844698226633789786367146368433477730965871890656650926491717199442211050376602444e-13	1.99667741494677118719410643613992216657990420650131975829418556236151762362219336323803002368909171509049269703247914882118552414054750627737451030191406680631484815349428443436865101e-20
8.9	2.720111280002534945780857428672131770993577083277376497392378537601507291776214714687477989046003713081092890619659011182495969243922021465331302825611634027251617015818810872625780086099993e-13	1.26174037723848675084756737252382889692642071229104298230350884376103371914126066175351374182424086512689929586947863227355508386588344327038351418488151244644080567123192858747726388e-20
9.	1.965787717792543954079142459823552092575335700238422287350176288068295763153000330165305626710622976026456985192537584407541690782864361303567979223850788689599818503996438407970771209712289e-13	7.9731918951002307729906888923087286833236525905706264642665955707188071219322728332974655953109705404743789888359777377540461688058570450007379280726807621521108898268079707333214309e-21
9.1	1.420648257971422832210319389633146299094460058868129118210744629279528761262626828241336569309394844153604651641087065640203632246116257080598946066945101366493477625331983575624857071590157e-13	5.0384219636165501201501877383724411902319673268529049537861852345362591203368491072104760602761166709140203826081537254309954338395250636488436292342281783131735367252271133233723362e-21
9.200000000000001	1.026683326286928210428342530756904537318394656239217645964990034916836339461103923456691953034571378882943591090245104518753187989184439864811930359143809619087553696566854258073938456729855e-13	3.1838818819717476291014853636611337486196899172959279111582025448795975317731713901940767923870701333231792832379040583131776226490017881108214877302845245408081029008105072022733487e-21
9.3	7.41970186188617071038403112294325489107550707383411488960471277967740043774899764111553951273449940256428763304930631588767469254477406970956813738816926095262554783942400005858908469769869e-14	2.0119604453511966382982093415183237115817608055092822635972809549552324326732743874965378988672534655591338516482483961491291053469286870063843289488268848017250909447793611407196694e-21
9.4	5.36211841662768738156305383231296278016004408045268134751924766246817509060051730945666968901645985150475081565901888174496760893325880272082864650901421760723916443617173476588639799930995e-14	1.2713993898207754274070181454315055492104341731633825732263152556397786099560215177896606464556616792291231141337801381872701370424237983601131921084326013688021128041834642401085162e-21
9.5	3.87513062507725334785940957982582214863990541070419724954508773366020011558679472015051894182033200463419613209079115151355512362548529687578225425494383977491050339945719954128848213402667e-14	8.034236648307641450493129164483244650518750232332659414075784428575746680808903980368692610610630948819091963372382584509962850227144179626035170671920200204926754435437598130225031e-22
9.600000000000001	2.80050461303609204846447611105791427758803206831007451946108627691797665116050162143510422882874178888557445559185484483937216949925563584045100376246085114198855277213631105884210524370115e-14	5.077001524466939175711992116813007351943742111925050729773597321224275871863575605972912372522565741726275130463497734555199515740731470987000656541205154612571530327882189074934875e-22
9.700000000000001	2.02388689477534183176760083375686662072554180852127548577967820836153189048093451862700769759035078123921824542076656929546567326041893574102486477857901957708116231182994706762461884977927e-14	3.208263380345905542877956672060334289736883167087498154897207567301905565962985076764918451148729618147439107399281411904395764133195061606892921950886062422956934400447220136541314e-22
9.8	1.46263574920616853117958548251177393895973702478655182798200167650663673618490191008494361275199940189205594345095430464761786814920504902619219987887897108558892370590444223137526810083651e-14	2.027368876364092737606363490879257861597200368620972944097718184990930713929533382266806047087562226631277270641255251664385449692471159445562963618276270941561062393413877580748949e-22
9.9	1.0570271196372165380103384049485078013583701726322550360049970939740820530199314191288164755117620499817762710566358461308225159887830235157195792225140094109640514506669308087030846505603e-14	1.281136991483430359936796165375213922823556492752097925793564452108609877880465051588352051573244779340881810410259288061996393432397661442469206502621834231681579692070942691035107e-22
10.	7.6389923619394489489891556209453931834553461659859769559928591794474744310727414257142702712298049165084506268812854586818111936798624239109486326194311737336607322516943337656408300484176e-15	8.09577441277076350382224313646120006835987214672356560294957458360765395659892842951164238608385013408644225770585685102480746144564085086597167336892478299636982405857917209030158e-23
10.100000000000001	5.52059670198405626996438400696729525008749896232370860533015158986195142812426779746219080969736675600247068232254325766870358022608400101062663149858518244166792880702560207505108233415837e-15	5.115890637801415122177524790691438346959471165229032971834862789089571616862637153637121415280884906396672099241193708298391984610455613393603780828217355079586076575306934484810737e-23
10.200000000000001	3.98966074345170514889555815553523993308052579914219220539726461250292364550540094667914630496204782473863636264115708390876190491876129856763077980499352859211236695665431620125888020633668e-15	3.232839392494206329708285187621617886282491792741137988616983976753521609096424823674155950437387235312111727131909941181917440077911862673822498828382062628401590169932496788623499e-23
10.3	2.88327398415447279871697682936474872393991243186694616389195543599472039384563600844966217562021316494557291505043541226652146175600833616738601044403948591071738694024358254165078706097715e-15	2.042899618358975008372655828461557587514987937115546935322756072168146192113375896662443577712257680415431160276071937088710810941716482668090380889899304499386197810502583655080058e-23
10.4	2.08370320242058425925494840480222466234778113930007661092342902387651444589625763356687019046249564397359355067566636117609216982609909041719317852781948837446921055550788392919240681617871e-15	1.290951549458752683343163916735588554698329400268559979200868124675727800983519685464562748193995663755338794268182730297511963252126559332378625544555845283448405472122599949956699e-23
10.5	1.50586418760028019732980514906579078347836422806411925564001047776228669197479620703567574925181231359111605513516214334244947724298496866073592120248595669784693573821410379920648559327256e-15	8.15779663432977708870073330183976936578097888118671541213421379614445033215798704195531630208332054151199966094358349614828073558390761389738103376818435453679244217853254354229847e-24
10.600000000000001	1.08826772875465571964868086661015272115925645860521892795246322685292833307560024768210529819837390636303549502074748902568418090427801327071789084150176154763976082913056292574238197397442e-15	5.15508487119589795731156407087602063502746641393557465684359576541180341980947125938107619234179952096236952356961469287415167210536178073405317303839384380637332897280552737175382e-24
10.700000000000001	7.8647640285286278951685730220803998743854101799290673154710943775875196242607501269525416147736570666146531292999353377111306515075530203230056391750816419955514771265563295755864719172961e-16	3.25760765442065860463043293748089185284630026467638267408488899618028816819243650304406437512789822565457386880848248104244023908715128212844116329994171462756166647713600101775459e-24
10.8	5.6837588389412426758476268452366795596520231586699877977405183777255362647999107213275796602130710792002440767327932039704483046501946353813792304905242421834182851404716296674759813247165e-16	2.05855153694118332121009318280262124981389537115100570066527607852483815317368046514553133349881939111335574100130924221909042161843316222589310373912763144996783928208006600753336e-24
10.9	4.1075758181757521181897776626630491267527710438308785280068915890092436421294892531818105067959322103851410254195138984849772421002555301170082038286029400816261554340666554890009231874933e-16	1.30084251037364805598252707311005155658897644245473127280528481217715429506875071803654243590547281357121619878789247557413430312025699700753168203178835727000334794841043800789136e-24
11.	2.9684896175512452863960692086946783483628124305504770500080142714322127577216234646837039841440263468460351897862010652270638326005978703879288079423805778999527108503494395000394578160469e-16	8.2203007181124319370681219317148638425886862485346710173085258938357213979542302933995770253610162160205944060653311511488666256048842146591265159665387682871564368393081460760023e-25
11.100000000000001	2.1452873908053812835107632299625575275910709109261642625735107858954632877600306689198530183806573164436681999542457054800528012283436918011532912438714136333461496176592897229784607895187e-16	5.1945830825996641996088204320165169008984096191997503005895197438423337585807285334877908735094766200536840547591955273796122260706915885793885250739695819713472971111106910835448e-25
11.200000000000001	1.5503702495496808172704705219731388815720353195553971273429983450926156123158319158956906920299555893614798722079959886359224435990111125638949638425767147682946469089767512646380941648695e-16	3.2825677190585890166725340339967606111217356514838818626673306185659407701661722868990859900433100654338235359210770006438303985471567817969233145512679490481413950966097682537618e-25
11.3	1.1204316591756803663651458922571892949626393470796591371942320996513765263832930945033730326404458938703352708973560830697454577564832853248071203004664638277824980483080761825375472785064e-16	2.0743245011272267281421600944803082198342842472902031544721538762156316222392882197152487755644446114574298904500936324940978449257705241578738415497885970156255677548295374282883e-25
11.4	8.09720841358895268553630591361860061672157248453211845506663668534858395081610964761145002466806234038296753661729502004307473637689301031478739724496342711492496257280782083200550026959e-17	1.3108098750655308452733746987252537741799242993689092329173859141089281854884549692216019465928554691701201666264514764455997839180313247197603539793670643572417556610730157851185e-25
11.5	5.851743259498110973379002299938177649957411446414804238026741175940064077792147330606223068545749350309501190305758818511327007449293400121562276952456481366644019759454839402092744599186e-17	8.283287130740114730919590443768675361787567843165716495389375381509490787528026517938939214669230276149149666025632805402640647701798069461049324491700492571387595418217865921656e-26
11.600000000000001	4.228975892187018779887302316534884919183155894216276963729735918736598926913734293201129952381080332294656367854134271997403861434081848665760177462261139301990334653587850250953398854337e-17	5.23438582142964955181565367672620769490281237407157555349829376655768916032546207281159805673814687230320756994199328924406037123680996341569237017450279547063006114466873350767e-26
11.700000000000001	3.056223812907485056277881203793894378592238556708897666912510003893112996463691888143488671348475753110094540775480785125612767843163478088194764100966491585991025300013498001231611482706e-17	3.30772007404935011206894416607821685475901334693056468497368917534971836339248972895269859259445534904611386886382752106128993145255748964257528287795604766587235010462451084807e-26
11.8	2.2086917099336586599176020529345852662276077408061976401417974798039323298425703930078665310817494604819433277146862135345998978168584607844392398157805576106880513937949449258720795221342e-17	2.0902188965662059021188768577081542371197685038802541163161243004490794210650148845742112536851118919293424817404828338962980770772017302120347121760125632844875844966877749094829e-26
11.9	1.5961916954271635829105851461766497854008051944697164178381380345224286489219881940368052962815203872700768455574190905932439686938652364524315580574818995048918989465644769381369111289714e-17	1.3208539299956226513592318947592710628284745184463409756371916253268465118389020678633188676700928801644942957323584562400061789284973049003177688884702574775575365821255615356727e-26
12.	1.1535461998121823678247470587161630838386370045107471102413109476284074174563577934994918020506008114642532785860260186093709771390995501040181115716338879872662335716545337288996164960481e-17	8.346757918367604637708388596632522336521105936133171444556732889904472037640121933359530481097688377174171418281698367057237649236447058348749886826614874615428619279852381077262e-27
12.100000000000001	8.336522730404392164218857937038304196494038686320251683445133383666220324643912760597689627713930760237536342611878041673575655675117453178531878266387462531663775748905734759921485007729e-18	5.274494510882768142626084016449843763870371842687305971951570002937743227795622198423955392053368889187886797834367309010587528006413117855412948519875015330307887287988033236709e-27
12.200000000000001	6.024692487033855827610699244947576066692881763090565579265071957178484058376831524554622582066775854487371012650885060208922717171769623483532023097236393209881711770138588070728522177724e-18	3.333065690575614065151566623467929615631116319370693580061623917947696398353397429474901222480029432464250015006343165502931736024635215479120190618260141982245187915771192757113e-27
12.3	4.353963965208486651448318701417040649258768423619753245900422389718051980299029199893931122967529176792286181335195303577903971742306519351157018416485323652498109954195585454121204645177e-18	2.106235376605290851545842378000767595393933917332308566681085724024861773093255650100023311372305285585893047450239808026242095915615890517729405413445349520636270843432266556976e-27
12.4	3.146551006733147286656953154921399539207631369090751019240059946307050244086317073206302875812873979698596606607484754614949022727243169582604254240822766099869281514963533419226771332886e-18	1.330975109898057778158282865281613538898776089382672705680162003036678036420273918701023208398453281203090236910057029710100640913930951725129698171138862418018963248937843569361e-27
12.5	2.273969954066739805937610827933940474756307121304919132658535087201824214694691616509132229099898648295493207583191871196264834892078330202731624083999146501948290913279351185200278283447e-18	8.4107159488459366382318914455445274122156445847464595026504020060795187984301487226464971545569487656231639043725593698411468390469341003936622728588892392885022650204714064011e-28
12.600000000000001	1.643367401619505287437510239048916758803574450126818152163217081663824546049788074576929856164843271396093704011664228835369459963265929123776211209838761587976663159243089707603107561145e-18	5.31491102979947402484517517331877965724693061736688928822706083839047246124801402060773444119386714230846966602574296078433960880792252156313245723780582560550270729418635225121e-28
12.700000000000001	1.187639446104300445596289440414122136440412615398282946813982572537013765528535469300274558100521543639861521306574103789700873590059109751876692686770875341323268045849006573601959367682e-18	3.35860579265607834227105071811122402085039474542460456653986696341240872704624321714036367504389605184923338976974880480125062676885214533970086783988935482045397917458117666556e-28
12.8	8.5829100209297248248614426910414563394168240768580695362192862116184286451993450626105674241995250820567534167295099887481671289380035773705649318497428995406046291418939265281439227699e-19	2.12237473499976296237103946056983239289740223449813201836735835725486928935395953519273845173293387721548112570733349932484807193154394406743474049104741551189760577858747529753e-28
12.9	6.20275325722941591692313307234704361192758452695387762592105009502267135981448620635543834615163048637495982474153742117876289410468138605711660369185626865565281407098470622515766667784e-19	1.34117392754912923657264843032455341741652864137193795436436432587921392502733534673055744354525970462468665124743732946292704379457194154320969214696279534068425171284675563926e-28
13.	4.48264608113676826804868179912120152590467997725898003112710074384991201024495840934231323330271842256826628729122653128779858333071507752383266649724493612102836573101530439998044241854e-19	8.4751645242358523190530991019804744715857880389933084550477098056916638201342518903929892884518264956857098701936998150245364451680773104206256161123244265089008258404160344292e-29
13.100000000000001	3.23954783552139323886105474635443011487874350639544587501919392363810546290493948971941987270395183419603064443232279058141506178659889030676403003522898740096421520236675579328616732793e-19	5.3556374988766695964429327038800758813780463793455870547487692130405817812546057978495304869978053814107215852803856109700705925739690538742678348040445465306359534853373015442e-29
13.200000000000001	2.34117750736412534298050641825405354861878315221326821064236276802119553475051057700943760692929755321987048983304694651800700167684112690003271735090220780104592704481342202608488617915e-19	3.3843417391945746433615810175248843881918315019341056448137645135800116122289652066201657161703964759189528458778893762628927466838448585086097618373019473745223835130254166118e-29
13.3	1.69193739351144183892935479031106549214543554286519147452356878104584894974786606424481344079111648910834230204352996009928001769479065010451337386182110509141626209623549732431329589628e-19	2.1386378408378720730199460079906061835970693171692949540889512687396614563345575053499551213933284304528916869364394337763033590567714484859222941578247491431130109155740298035e-29
13.4	1.22274032385749418219311085872781950983542972804723979615513138475245873452884024295631617697850131151549292690879943094392461631713547945631214383157346401033803864439693902567836622229e-19	1.3514509378649828829536411023099934407299414954663231715606686464791770012135882113314002604269943369020404485250197975525992733085082463500383387143044952845274269619105361043e-29
13.5	8.8365793280578563240990677292226176739975663697996323565857349170146262787943027393284281022026541338165580489766347181361332236594286052224138507382697886507809637268913782217317629232e-20	8.540107182736346837157192182283335161173322069156434469824918504261803466388783794085373372957290181973202525432475785663579339148562580927197247544401110734221195944304858239e-30
13.600000000000001	6.3860766425627397829141036033501322472782518151051592710394137839106908201449483781030737152876420596578619278967435673575793008021626507336774754739262668089020073677762251252925196528e-20	5.3966761713947601560544198280592349198375906401153575433524682242863453640874593631134872235166968795709783998363927308579303760210768954898762181485089400180550983698646205659e-30
13.700000000000001	4.61513141801315591516308391558471691244890941701534834295130977778013382948189606439564586384803358517445024042394684739131537404944884595982575795258258982583396895164408087734020519069e-20	3.4102749636972781467899066558086305098725329247525835080740227524008941093604129966034477858787489593183170202823335222054289751188902481988254837356510265343718664234110657419e-30
13.8	3.33529320076945313730645954222573417644881652365839456923009949255596961566116051147889650676732816927795286813910352127095227346297943134360124774756329307719975274515637207701060569783e-20	2.1550256052854100416999933259895036588668812648281051531902733222967793725568448054889641129701822842330064690395794230680010014689924930611813720061819561553009453624130073687e-30
13.9	2.41037139087319333023429734471462609993499847405097931249137755856049292564078678800735175366980071866461278770821759219329597750587006088657877971347465326052594856432573051757495600797e-20	1.3618067195565849810072724431426971928080169639245369763215422890662137589123110679722754913197665928695913669363307969266731367594899377089226198028439733788833466041069874171e-30
14.	1.74194287944449055618900093394706844839612696160234407714409133634188022026656193676893773348053157455904667877720558484037248772324311360079020816999783232775683952470735186093938787481e-20	8.605547597489609066486566872690161584773555375329881339586659186630845185436959708154813586573934124991342984719373922932911513137665541435612108542660724410740953328128996702e-31
14.100000000000001	1.2588786137841266653899397462089417661601603511017075698683155175778397042473477901802175153405710348065186192352403832069514691301932476208510623465342120748352889993960626615565402277e-20	5.438029377398558391893073254874233119328209551227353743835906867650595844641660763830530899712317088756142565267632890959124515041266912260913338230671330115963713819478502642e-31
14.200000000000001	9.0977458729785256937695700576079730381411379562074444556762539338459094177041470570931604890973902309495044299303904378617795185852011640574855524263013393975621013946957533751939299462e-21	3.436406943484358519893452774031723023734473408826470372490360126435758687285962143072338973375360271784790247863713449924715695261599515667841232398249831420176355786794771862e-31
14.3	6.5748181804835295915234710208226894839672495511045445466726830096070517191505817310521930304628436894210675005243612358044074670528708729399745511745981625077052255024578816171426054477e-21	2.171538964604555870449539538039143722790238296347560115590947580920229751783766915412820083093819571481070098601611428143580818284476079276380079896325027749553695603054487396e-31
14.4	4.7515323806537793980823377633274130488016827512753426789419188602815210545067998632569990732463630706315091766804855621099250022080289373965537514454887951993385373926795352392705926559e-21	1.372241865764417162512640362154864250742599905335068689751323993912576044603526459938370872629555773749223142432458350114426604659736801878579012656222777165218636653476475695e-31
14.5	3.433868335921191269527133280241212577355978108038347887147859303959644086244151511745453101759641643909267940250198749631876947044860021207147127345483264013563844729778496664021249385e-21	8.67148952493383285478737986191604732057238000998492687144964994401216916703926890278703549319096551955586647870219335223875231334746907223255540093874041660311398566857436511e-32
14.600000000000001	2.4816103109076877621577791023778082264102281658182893910613704468414324881605012985455141975173606320554035797349710912757316138535356882630947153534060708086208267609820310874410696815e-21	5.47969949521747310132583896212190654069242749391055459131236535705250175271595334668076378170349624867190911523724731764532522645085966356845844953272645317463133397474992492e-32
14.700000000000001	1.7934262856794310029622910962030615537477215792814816353346021983972582423260193157050336772168341293796554881275136951396696747778538313936023963676924342401962502948525370100895338336e-21	3.46273918398678073876253558370625529863513487232050520017331839717272076447310044556183918832614765260611455392521596223451338629808468079893088934668613278583177665565689129e-32
14.8	1.2960849767703776152660050525756430267766187684137277230005326800345752006011007148536010816619182881730845240354460901912752820747718619664405311746738061715549675266637979738012552797e-21	2.18817887149634620169752155620395065393890765673102655671462591243544688858091121733172813968999762255457877794320775307038330946211704489497825303877664045346448359018793365e-32
14.9	9.366631237778877078708652835742903051304024190875271960847761857412143561664044434139567550307926102152901479222773539045323718893621549203973986651354186847537757065678175271938228716e-22	1.38275697928595426358957262862851003793325573005723690445405954367283883367386754611957494506904722058824564889083756607852078888007942701253328469910775117368252131976639717e-32
15.	6.76913800537621037802114251896756102117657020097162104644085082979570924951294950285347653552366033589931733943667729251231902524291132769380801243888325219208435169392672065835883409e-22	8.7379367784979706358538994890651647898305828082532494119336717996331017927784371455905808820175026786561943455092660913111676552088317923008740391715351347465738592254523479e-33
15.100000000000001	4.891964696017463252005176996673374295528910477807212035586240975847037516463085298518094557625228673406822051469589690252735292472333798093835170640841821001360300372577102507542539561e-22	5.521688936968834938335462131118246879520856682288482341845342808471443469779694092555376862414144698474601020050430409539374624845467672568509618408476651562731908455263168e-33
15.200000000000001	3.535356875288169530679744316459274759094861014430192723254235935700464035238739390402124641903051618239144800138731887034642612870245925031337312036748851898450781000768292760462784922e-22	3.4892732107587154382710183066212531082951602268088735026480663267582774497134812616757445948178121789830749484819448707387350758290750594663283627439869580499653325280168383e-33
15.3	2.5549547088560411949204218405392518795852406581921378230479023996093688981865287276901158482294598648035319232069785057661748979798876372143847970935821322891001839905189499879853559182e-22	2.20494629070047301332346341271598066064935472789004801325611184259361448344852562650208620590344153767943448187180860459667413668407554265773160758446232410291441322251329761e-33
15.4	1.8464312923921076537191907620076791105328450458280942147866240182074370926599258544342922406137448761649340026377888232997267253828771127652063965204866955285735439296726514085901647613e-22	1.39335267015226283386207686317927215767595499596057090179694975423959021811657035475320123146132921908177417884492216577176020482597155396969119574345340250191589601251110963e-33
15.5	1.3343909798899242558572801964431478665530954618104194557073597876018884067907760559087378166953299915081389628901571771725352088688359976233501209425160067670655327343872547328921573402e-22	8.8048932152585948923618704467611047170508039583017006941469702808113480054910974069697041365005148552794530015732825940863759738593693289819564545666748144234077627770530213e-34
15.600000000000001	9.643463553440821200540646194994362960832086212897690048365486445523040729348671729486323835197212435804079234201467953435851163784020438890257974062345244953754223289634010290158209784e-23	5.564000141213570687275279271506854408598250855346715330643824023817000765575444114551277170759408709064776160215624129411944947825819563498686844944519344412383291680702149e-34
15.700000000000001	6.969200984423086406260023033413489645482389863351353760398630569940140559588252239508966158914992121945435252082764444779304934644600950361148229540635835744678065987483859720616368341e-23	3.5160105654365712915073892232017956252238692785119577815521924869410037391716499473795199495884675813725049701725494552584213941306785600030511042227178583387022035947273306e-34
15.8	5.036547511392196553308089084130268533306681606040087467811817646883488979331549964308666746409134850319747301344182844237956325146903620259969209667098268667999158956304840486368981048e-23	2.2218421967728308311057114340013506554415837923129070585414041264139377585073665605103841854193768782285156335892198186366404378658885367484021228009113391755041544565389228e-34
15.9	3.639844925007684262813386524091284457015462066089725098025144644141050246972717392008330899345732482433847403076092212914949521527978365354888250712812113891412585852426614484983251762e-23	1.4040295544063065941416043151133090395716546428977717830719253033662955734013277978910394509207101340907888185565193656669413269228990401200739649854432155689478976301038476e-34
16.	2.630466812461790487860554516518637751557431850987446300381352799407922427630326822032110384326797987802112712410712360293351935154169686373051131980294368848290709946736660289678745507e-23	8.87236272922811186292915653427232961683594483611500415603134375291063876591812287048489816116761440158255221416022926717932047651540269723161759797219460123777877007268375e-35
16.1	1.901002870733094390698971203468218850411229352924771115293428472363864484383344291329868795582023691163231949887338050925703214268122287840630923109900556576522975925061933967055809004e-23	5.606635569271420064185847200952989613523218294418643354994144373704037405145366095536749270018892075226948736508573613154349092252934317262882990477715662647750424218995281e-35
16.2	1.373829123186460777705779289183449770177492282035845080683244349070601837070924674688258919748002634381883124935865545936687590065565912987737639193180464855191728664058139379800412983e-23	3.542952803717735317948823209945250362837300578662823524565879404033472420366320438549252258202164725310656287704450594048964044644540939628568444034188844792111378126580959e-35
16.3	9.92847769339468958060123275841218004019290390652340235130499835526994893981799619730509845155791848233831230389197787058135549324348512586572714681649743713873083589613243746492975923e-24	2.238867572977922841582682172400744646499233728525411496288621321785143158762086117615522156304251016645605760803243159318359885363373067687838049422729779944589781355513154e-35
16.400000000000002	7.17517685748295533642852623355678023081450491044332616653678943448237516199589875148444890825202624373094219620168277324885536624221372133447112635769747068425190863930914185123746e-24	1.41478825349684133298946169980166292228370051659031760998168705625466948797267597979966115665229346695638546706200186591775848428270869597249269566217875182951007339474099e-35
16.5	5.18540349548351991114581495425565570941937461499322693676904484345489794865763517964302307019615148330936258326752455623435972987666048047819541394671977271815214375523401090279371858e-24	8.94034924804440715837476177110349624282070553657547954792593610218784591873753380436970262745621040680290891766035744411049468729727608639241534625255642674441421832742287e-36
16.6	3.74742113609797948749727789767287917361919217026924703739288285055825302917853846444145759000208723301567329975608215174397240659657318341657310023625382699167502517410997494970118117e-24	5.64959770341852197187963104992480409511019847454563258544226671726406679428488588371906460762099341294651409583666111623126256036608484018536916800533368664389225741943942e-36
16.7	2.70821068861959362982161919674818002899430046185594846343060779319968174926346034316786661298401959638227340695476776938408043016436571651245173706487901924091800623456747358366212971e-24	3.57010149438477882914459912582274616994771669328372188145458429703544758716504626770034397012313955903347679016500243152433636102389359616188525834851343722126393681972532e-36
16.8	1.95718732098266345742789883972594004689400601732211340516346725470177484909864717125321467903665619344659986807996519244060669524499318137672294748336074611095613527426835385925931526e-24	2.25602341076687095790699888972874276866765373054261056810253070902762730465609839825683433222492656362273295043043152865739002438525153745442585425442184588761070100054705e-36
16.900000000000002	1.41443286724777955440072697635701917730200520818765744798504043852547898861116390876360902863984547775689902392610338004937972085423623633513999158644888545066564893130636106481474024e-24	1.42562939400695422805113271684305027363022891859498454731603579358638291845070208718327504359152596801846451918168950572876990090230857958353853351925672303860097857969617e-36
17.	1.02219154727933987738881339434023954711237011084687870479689847604724471272008360448829386111654364783659057852862473464685966244479961675229112759603842073497928991855922548721151711e-24	9.0088567316616670351729338931229252328092338987245313960963268089261990766510541492820817663486835292131985524600840790268054531063985902854886047530778328371003174416061e-37
17.1	7.38724038110385780922375576783272695496331952442696582781363417305306184102439110290006165615870770935088659577284296448856874071800184844676995228179742382880047766436113321082882019e-25	5.69288904639929864674175762990121206213512388173719822448642766821140725403071114486330460562992545800922068395982972467646691392106232027330176476486881166253443046287615e-37
17.2	5.33865894249059635891850297591122491773209434045336584413057295388460351743102614584235595225701697584994096419498074231908027460306867219266064970567892467677074570394376656408508872e-25	3.59745821934228427143217312321898930040038571242401841271084474968842686223023381500781471286644609637451283557699856769441204620911884912640474723307726071270843673694728e-37
17.3	3.85817677967261899451364028106966486446306025914478538381876878125991741608434592181353637599248516116848470704321193601813323202233399012562944604384712769288702096708955375972189781e-25	2.27331071020912543356552956946724453064752795123083650741816843523483949714517312200164366874727184491405130719978350790902004215850604326779127597302900162663636920032209e-37
17.400000000000002	2.78825229773164154997757937838320162367399688170417462446875089701289440890748464826238740659561526537476865406809880972527178436367961334306258263159607495346480366240251632633823139e-25	1.43655360845303900887397649411077358427759013433544535325456319392125033882221237405623517380238460083267480211682766448803848175145151577536819487591995061231177118047244e-37
17.5	2.01503231183343082430796054071372480503103625271754702416026458067637244546318764298135652987027040670829695822389901678940633253942903037512355495735369320750220120197806001342855119e-25	9.0778891844585657402147511970609732246040665563864649193588998964232809791824547348476687173460869049260315610774195883937688499822847210689730660309895997972766625360721e-38
17.6	1.45623666159480889618250350331774066065661154762362844160803468844720747991581193160528230332089173942097683904858188975703468268025851787617174055196992778683027024976350271171540687e-25	5.7365121387185334908703398276071908449775380818136864782700059113047847204185837058620347276016127880121424776827232194752034218259410609290032355639452028265383822560577e-38
17.7	1.05240258536761956198276198221280598175892240586638805310469699085923703862990764978880253587682470200824436811165786345899125432315207733658236463807446351966671474688390999593654386e-25	3.6250245978093008473903219063789434518889987386803414961168572993799467958386665636408270060539558604474510591618518141979574396029715078978564812919012977338968348765449e-38
17.8	7.6055714767921478373066443975913582917115183582045398975169157734633511382245272126886478756482315140294021518101765149263092383502051387555843222005442582729978232768501788070448768e-26	2.2907305135905704256975639588948946196880097881193843618382011651892724101821985292540309709099721117986404608444306448909285105126128492284811975029626535185188983244732e-38
17.900000000000002	5.4964438792582679274705765956399032147878982410473059665361157046225417635878981962720846314661931393066491463375381762934711547223274040516680841569454881452172022680385079882501293e-26	1.4475615818246309453549123686072951731209426259492073784695800246225920708322618986242003716843792072036334184749995728106485264642364680746330967142599362193821093775289e-38
18.	3.9722058243778318347906615525353824774016948596923505866902494901440536428116925492413091808545087484810547511825647532919669587408672326428335035449419279236568869192573455884323306e-26	9.147451299351205105500980390849906369198188344540362089879510674342025180851444749043242195596163526381686101619565550565962025255778929101599971854603379803656719359425e-39
18.1	2.8706595496705828621929256763872097658391739502667884650441140468870766502992666127256595338916018866671196090730589563948449942240766939042139164259619890285615675787638992323488821e-26	5.780470449875000951504382391622020563320710084653462889841221829983917555711078918613431342340423002803523556774615754573433232088278486970109600348530766519711530482527e-39
18.2	2.0745869208340068169513669584576966787995599996421620452887004450065976493655813696558159382798645821140248764177808175021136898119096348774992695172343837685422370370418458478587801e-26	3.652803519427538794044530268910048791523384735873664619843266109219344043439312482278550215465498242121983543315492119779387401878576021789909500460028446131371726095239e-39
18.3	1.4992759739096936781749727478045191558226770604968746927862700969019989704489684885123089096333853789612374852949014447123210907881238572165389830560954949774205837580521658887634812e-26	2.308285611558778674725689381613377998636180754640343736364706260729158702441090920837857531582670282473930714206272080746540533154229981761311958636312966911020153959052e-39
18.400000000000002	1.08350651561960524534371038986462259286385134478887911396603861986656301528134923775707742360924060207440481328404167613600491370025300341855084126681058764909372420485420344717212e-26	1.458656412282917781285718384269626803420736673029489389734915492965047883027328473400932704252693174401185034087980282848413212213667215248945807946302634260477645983927e-39
18.5	7.830355383663681480954254712480224778832773254741367748282411626021145979795030160691130835412968215213890387055214750779664086846634910035670517264740686144458192081692219790941427e-27	9.21758112209709042581863934484881550965295373953633114912088113058376538583022588443031427262295003578843795224445008955762320311891424616970555578269910436348777245828e-40
18.6	5.658892175596010211816582438884821771854492519432032846104824492185096829768967832948898098083251927171170382480311436761851658829057984244470569824745224141084719200237789950378514e-27	5.82481357564121090800719939620022407015639746619110823969496054933911607628473015801756884247759193243848244056260161925729374306331353077138472918967561320900863959663e-40
18.7	4.08960501611853246752992764130547902002359108916818665459201817631494051959825672879025519990731033039982317281778498376087690117890553047476439397832473563658392879046863573506823e-27	3.68086168387447216147733293871554936948046498119167977051835298171569341625698296407817534391535659055251161831260915248909639364466200636286281337945778349260513671112e-40
18.8	2.9555023613964430781941866713773884412781036012457188062430763872089389725326145592705956130106303578631857327233185431487950768531221170083434776695343614591583581477735824222239571e-27	2.326067079888882514499471390932370359664099473782315756790206041362480600691741085870721233134671436643652429581639860292266808659869477883142931562762444120082814718495e-40
18.900000000000002	2.1359016760279663829306212010923788413272706694697475098096020553568008517601497263836032864082841756223933557445515117191016722051357640976111648884792319845573216882306431122050022e-27	1.469963353506513152280227815126272149414838148546726082550397116502982450718373487803346911554701486843205646535536586068122505607496753084644593229013801367791421446411e-40
19.	1.5435873201277174751081651109013563662919155307623982235261534691228942869113074750929243956356485717769825182490135344049055248259058151685176350590192439566707323578964400080012281e-27	9.29000694974016671532393229413243238980188091303948581147459569907987088743725622267697834138393300086187652540224850451041188785226740049401006607658652477259462238623e-41
19.1	1.1155297276089929467635022639420719115507602687588118232610650404511795875126218139644259022696189555229132941677464802275022636995205118442711581523964271441112429837087740326464377e-27	5.87192992452683143734195125313286730955492827411814170317819037399367801075053769998011888723329902994798332294166978236842966134036064858782856857228153308637184219765e-41
19.200000000000003	8.061782815606642364565347750413563838156948105547363594839723824790741525931540951568536281440552716369262636037201647192079317749574650723470210145134913154438370316884636322422602e-28	3.71250204406149374794346379020414675844414110608347288160489047803784800944875340087326225479703117383264582291955809145121147911249739167786493393060165209326478208231e-41
19.3	5.82614165785738685805181530505270888734969606999057143670500337381579288005879514823404482595302489638796223531452768933166877983903775600042097740286089424933485360797622096736548e-28	2.34864406506494691845209864911116438765239951465308260270013956032625608141411957622992163012793043104573351403129089270135388652051792751699781685548939617763875153188e-41
19.400000000000002	4.210473960140660940015240047224582835023014471101816486588238971571375653825422741303682220114647446381396065129967100144362565124132485348432488430599710775421005711421550828591734e-28	1.48780406848290512883427045765805342043758869006298937121225524674109732707522323342597869385540135030239768115175744888204285194454183159214008345681846807674431738585e-41
19.5	3.042852716276425148197236068408005204907413025504025917943349976354866561459164907128084462075659092544596549361044733206785222106103240192275118357990994579492820903553820952157072e-28	9.452198289889514767481283082756458167528966565857653232406748378253954182691564173822180046910297749104580642834214401395503178656551706000022358136018360364412322966e-42
19.6	2.199028598823469263687450478356502278872883366785054600361834148310364869282552160135663976796760733669155943182755998924665950125736853885327868508896203563842512215880249431772969e-28	6.0428501399965122518180832451069054449582683109958398595817210841389607747738888878771659793915544590894561810152040311811739658041602559180720287056671690665723567994e-42
19.700000000000003	1.58920829541859924912650784907452993765965445948288388683376718032563962650161309644710612129039554534259661470439526367735973953848068775071639668565130372257505835583740536834057e-28	3.9151957912743337072167703436599142538560836557769847633952621585512582605559685162130608433884020979183806273781250295725517733447337925506993580091640976330539834837e-42
19.8	1.148499390857643103792366275255880707267020590970485714069994292588918922014467986341539091371823690398256995727402316450289104535913004417458175465049226356542584700462146364084039e-28	2.6077494602099766067433165295599248246357874447029073679481919591777048346684352856095049995438678008581090584269556347544906151122580830283064053190163055909860486424e-42
19.900000000000002	8.30005012308936159680600958826300447990788571862222114063573618179125118088636942036645921857775782927177070398732868463892471822448235021279949473770264544834432657130259704415686e-29	1.8328324766444546536899753202836351912387176782691849977341957970294742015806587312259260639167865702960566860583240881416285033186664432987645699428563679015583111186e-42
20.	5.99833422587638186061280840776275668363889912105601749648974546145931160629493832924817641821390124730335648800034264205006179918830446755124215755492804186417149624560902698074128e-29	1.4141120350851656922024846048499717866634782270044408020416740405219175779338227163472423700873670914820434654521771624885207195816931036021123470287875430176396565567e-42
20.1	4.33491520553949598034765636160251654256524110241916159571544297783355277564657582489263075714862754845916453144556814228180306600945972908095829732206598349604282285545428827511564e-29	1.2477113417474657836073123361062291897800605461777315574965229823994419756684182414140991863112481197174489833353746942171149923498777206876970793242228330624312334129e-42
20.200000000000003	3.13278472515793014684388773622823584073677241030626601625401152274250566243189684235214804315104048737805828019137382746862677167811100334932068546149768850636547052046623299089882e-29	1.2784378768810264289975610680963029455084131532897774733462250198665425641526021903170920503802034877695391249551224929981009151951291921142800345882792696159449582588e-42
20.3	2.2640212481299106543500845160538154166483337716649727971602183211243253603581565863563717850275580136019575954964095288274830233084917714404600484765505276091740352270591276898343e-29	1.4858734759037510956696724304864049865723750700711624833782804446453280106244070603553773944399687359587086545306347705819398806660926146124411872913823473094812466263e-42
20.400000000000002	1.63617760608345755306719920003248930285170549278694511237671215905876321536460831667849709924741959276004739403289631686482732609880022798651413642616584863498823153635527042046001e-29	1.8771229885210126935063102609118532138087261321749456641008417373692268370199707128889504167312640261722784750972670427921935193343044744442485458870537163477068615722e-42
20.5	1.18244347788708821042580628564513117736954298720752217518951411182457887810931405457218275007356737344119925903946834481643795816381178507929883763674845478218109194491243129645853e-29	2.4843610491878939260459466970243966947262893441599174814287960982291143307014044885156314175083225288948224004432169701103480639578489300457517012138209331465513995497e-42
20.6	8.54535945975047036253864565032191764226341753590622591694698907200499410255915011397261500510773862177062592140807929961011120069413535548365455036387630587776602734614472305739991e-30	3.36622784727258315271332159419074383718817819548997951731651832314899471254114527843596608943789938804087812206478788153157229120465705749730419819540705771351894711903e-42
20.700000000000003	6.17561597335986992322578927515165382364794972684969719019318658624255515775800816388151812476838576907660376817951276724981642536116140135075678288585699169301241238833301306793663e-30	4.61278762574447888046147677893454156238052112830403278586418193100512921098431329177606359876075824582545506692678390004866453445442171148127427087113753611730404339575e-42
20.8	4.46303433226568172506902877646184484566883464889917642220768394452841993637189190972893567552005213980910862234731950303093723954244760864769851115581245516822170288371693735434975e-30	6.35430279553350256427005371283147541593222859429856032064799724717871358599692224385543786077093575133912434519176542719883778587605445202499316927581628983562199940668e-42
20.900000000000002	3.22537468924664991476808659796747018218935144660851545233119197159965156500660047247374618980221022282967579746909171219687599726348318250846802388455025253281171386628413649963822e-30	8.77458371404679023448470175468625998270753147626892409002275640352030778892734584525659991632093088926699698170060711295898887975603893814276310499920672838260955702853e-42
21.	2.33093476579907992218624339486964561420107430818487506806705397535964339473341054956630300298868564178288155254404342168257047409129818745981981038571712763925824949774070843435657e-30	1.213022499143694761222560035350979790864651634120334537002137676348998059162159042242156192538430295514746704642282144286132430877075831212735179475014591297270105805366e-41
21.1	1.68453510239453106821524660559438046263254559836622691622371708041128875675617187004896420483271705939355427221129355156554357412920960188298761565027885488228337797546092910116764e-30	1.677770597227251063241163979024550003281541373990567418859940901133171854071844354587275221234092116448069652837687456855189526441436904620535691523189559050945399687723e-41
21.200000000000003	1.21739078795136288044352188108209981380689626828921794805986820306215397168701883296136557948932278835637899558723547980558554913368841468531780449771367135537568776047565171928373e-30	2.321119540569183518431696772224845342504331003517355590526191743973288636719276816783456218768744073156667211296381516619710810903901735185887332289337932661725438714819e-41
21.3	8.7979189539129221108728131196262738669363600314149559698356928909069124034818648380420595183338930209195180785135626759199088677976783011903291977188568422335164159033435594709182e-31	3.21150555016682721644778543859754267440032514706669303337901771627973536744913948670330736285833038832122691676726421827428603011180965239796658723635374302033550867326e-41
21.400000000000002	6.3581373118385392028528032154550384882519270463809311967498761879361835434715824110500644133804614866102336074042779600636717541522747417366371022291774339804195863057268027839617e-31	4.443661495808389740885086411932362471077103737830284873587561063941935965600478265900990272520912687674824037690046501406226682042253034435309717312416414714296385988875e-41
21.5	4.5949400407029329745268361447822511554530400603517355278101019430510940884380845676953596175296298721899120417029423120238760467907310462467410609116013300016950569748943238564101e-31	6.148694385200507476881705980903191652696198006716633909004640921173216101066150753556762138517479541331507361103961982713526783508873848961090505077164802272157695806383e-41
21.6	3.320701164843205541056478742345263699499774552257081446978966279378500137958823735407269091803792377989467723258995396701240161359588252964570451555177977589729744948420679132728e-31	8.508034710231459771317919989947947332330519837958671278308131919774661776589408360544064602852014737167661817784868342639713143496890059697988067227935086443304424329528e-41
21.700000000000003	2.3998259234094898826837914633848073650053466504648921320539818771885811678347602743706802386022023949592538789489472098428036541512657252655134116895212443003263641149391369325759e-31	1.1772741591680516109942461862043841397581552822631382174947555489512463095833926757382033641315202762045725170113688432104418871282910712156246559438384112542500457322281e-40
21.8	1.7343218124056115613943502254313841936853816059147796368391705309819818067662906113642798281676546735900423392031673265510854822307059013081031310983520780360257374535440911103401e-31	1.6290217749316357479144048235807189995943365782450154573515540901597629078564575186543403846786038691178194263464460936783932169415151760473693753897316328460194546642102e-40
21.900000000000002	1.2533709714713729479373283950508230563938235919872238942405603632905902969513512093061275105739658703985792414433463303365003394768301707251370682206750166641076360557693996244391e-31	2.254117692399260685819396123301053707045743609159380757522620268429432339043134304747030891885498016178205243341891191874817464620559849594235268541070925694804304747143e-40
22.	9.057942885168100291175967570938410641376904118625884707421765124108690246419256129521563616893818141146046041720040019206633114883103224092936391146360547551376643152971331166669e-32	3.1190797430810582921203611817057749935629210042550789239335890143180809643249238553558530302601920610928731342007231049095258836130226507972493615572755324977286849594105e-40
22.1	6.546053098282032393856380626343339870928376946542810245380357439057195470760509241206671624227322056428258266069528046948965615769032031862925252320589042026888038491178792430492e-32	4.3159505143053857813889428774764877559716935065771714976627292834415493555120567758557758174593372024798004817354468619832991700798765423723771816916304545429332049332489e-40
22.200000000000003	4.730744243893938844233167160214785680900949825040203302176328217299016921436461260436978238434857209454022098951950038317048961393547676610763219070208570653228719104877748519903e-32	5.9720918046485942884065523445062606303170692557174082645650320800410635669367548172116840219257382216532952995547847528086773366771673437560859627903270653976034402504132e-40
22.3	3.4188450299937042224117698850321093781636352485216361275820937541757613588836517819668992312811061869366023648585704274350092839884649576448469254308447712258085209739115058836425e-32	8.26373748466706031884055068532184680681304163259591949849506351696526744727214578417083564084457869167190195616250188829771740168355456898732246037334429963854416844372474e-40
22.400000000000002	2.4707531704339562901642270194837123582583679742152692653300723922101340146391260965453469114154978173686734375882451954282301825352301946432083359834357195459135984678736850391687e-32	1.143474695299500328988305763716204303759303079207384837120247742825450502187973107783535389905910566180271571589277783399648560179320266412072260147368288336556684434605511e-39
22.5	1.7855799767622083467048978261641743818946741448028327807633270544255037278650108526703753758239987155309958536573049793540543570319498405610277472757586189117468594050995376500531e-32	1.582255478613071788132056679586616669517595817023012456022746652332650430548737147460708939776375006161474631741149350155532929205376027460729235762763878660841664841365709e-39
22.6	1.2904145551918219341786813331929165561585796857916144477089153563971785868261545371244045520174625220889029105107129121635130032951783032572949603847057246924350190562149405092544e-32	2.189407794457134113852245637433521414506046635584560044853787549089934643211677635374253333734097060518418672420179888457062027796724964299274164893227094160228503503743936e-39
22.700000000000003	9.325651866182310453215391783297169912724688655863500926178854080433463730961212305906434156672789620988444990933583816355775776781618716020948455322234091155114743889311511813841e-33	3.029540150524800883570649172991566145975093543580984490901356531095158955589817302712085589454979946615557194408925438399818400095608251664383484255682930646203345282452878e-39
22.8	6.739522766488717358377918272327316301318511222056773121745634493519809587084856089317379232083326322802002658932537138113065691139513021886736195609382875910263151478546939833761e-33	4.192053009582352937260640833011949011082170688236166587690433292381045885455805461263839346229085064677293423273621505432549173569697950992294850463649977626925886329734974e-39
22.900000000000002	4.870562162494556725028010276521213755580967984541078199071138608835849088233576661486932571527208408302021536418774656987298860379082103810060188900636481353877700537085036973462e-33	5.800652103277221576745332065744990913544145651012852954808210588532444451996269776515401357998063424696778201583147431422834945450721296845785373640031177070948326801410956e-39
23.	3.519889553112353939227335941150600318497610214154669260710709339128414639411270162728797016039108350145802020353034076899663780390788382517914032187345086644584875871739172508059e-33	8.026512250448117651685968050977065100367804299591754243364561607145597514702755625740177738612062488165258347955268113895982296467693401292583484686641512350607720952598037e-39
23.1	2.543776683832666752014778775928111417912322340911243014560398735371998704332503873516789097500239647267037537333392566001575341767230783240296366588893508314790508504824574214121e-33	1.1106492472849931065622395043756299503740034432455719093231329236696522416691413896865791070721966796864098447461449867456933363598101462887766015207592835450521881080081822e-38
23.200000000000003	1.838353084542161979236691113482014937144236010461316548430956051875884370308551546808305457333254040125099153800988084345217369756280075268219454734094186828964926464868547556722e-33	1.5368340721667242826718989279856559825173614482528922242517371570532534989376581637827491687568228274969522026674689750378426733854082226305986795807539014414925607312448799e-38
23.3	1.32855296808305979536528896360517040695526872760584755358459102757765335905054907459482320897726546172366024207562950359582828671594139167150262399588465840260761927064319619121e-33	2.1265570309143256672564723267776522343358620622759131184173769668404429623647200011751266905093386914326664587150517645956547152862196952573304486990174561375897633194070419e-38
23.400000000000002	9.60127302988871354989670188238939000036918428299868828790918396690481735383719797838411233579336796923631104386088360266496291014245648524881403102792082550833784265999646701859e-34	2.9425719328579556497965659129300929435501149180863562067602243178599151318298346782540971613068780306979231575157900093931754444980767444838662203276813803972250020277302099e-38
23.5	6.93871046236915853423836075744496570870139553265617396839599138245697708361469250162873222595972892805815934952104080100125563500097312367224697687219724965320253656046425075423e-34	4.0717128461285185082473208720395714018958758031056478223286421750998584203432865916654748158260267128008537426878478181187234142334929504008214194643505067793386108978406523e-38
23.6	5.01451242254341060446780254950706863595174195171372253101696940070062064190266849451125883508486383971921431698399901598907359438085751233935340372210849603907609686671190055065e-34	5.6341343154237964437700306285630812443294673646724545727127046250810335272848798436748667208138158352273722958463954073585953019543870555224363684366545096943374003293445917e-38
23.700000000000003	3.62392046364000888548675163074888219014353112427681246281938521512230205564490562771516682781230949720456342752320938033873006188669059241552948013408857959198614746179124808968e-34	7.7960972901878943190903234470104151748869337531158624053517652684370657542013792326665646175083920532347761413161821403993850712209734624601339941068967203393138076116138967e-38
23.8	2.61895841911868994998703464602531877440655882884895157195657716668408954247374884043364964700522502924265725085851700757636250471896830205344533401405961657711741318036499925998e-34	1.07876613439447664097620444517165720400538038477198983202671053119502524448738287157876151813880523372870342072082756055728933118478712162096279197963889174319027825637693109e-37
23.900000000000002	1.8926859101613200321597032346273709435724267792171902924597011783682392125128605700391595694398981691610420651663988202175010481275095137815265197802187396107366837051627662956e-34	1.49271658555273817966428424623279637796996264251428764887851554406475885289505711401629413615578550073897953198371408732211197029620068449613684215079997804285792802467945064e-37
24.	1.36781856801345652086225252244924234581076434498362855150580401232727551830508600615767788461250052256666136579112678607385946159579796959783824844423827405547569492057408380245e-34	2.06551052523739935938660246428706411150451139372658221920512870141788243121671663840437791929672864624588154177605508411261824572642085140562438510184506710590099726249860897e-37
24.1	9.88504022225480138637081341706602563902983280918051568957201764513583975564397894783328692639273393882624231335896944369581062314700484372536104915136526313449409541292308554983e-35	2.858100306033966749885812904306196260072379357160173852671245099317851530491250447849310184556555869129214310864378813243907500285284049297311635474529237987569843868761344714e-37
24.200000000000003	7.1437851832650496245115657113218134115446016593520614472971233697414779899147233820468902372161605553703796813810549941788338567917748751146720041240796376183311427490367835649e-35	3.954827273809731323052935980732606812774921468134697505593495431697124939253720024500512473601709263433260345788115529322921422458811702237506267930980909231988892764304506012e-37
24.3	5.16271715615311763283135682838849637436647867168837644972232990344845181145171175381755003606292023470878824330148151472716180121338363878614770619467344888734647302499942948658e-35	5.472396729032695872315331839933953101168190982933746123268732861629260942658592072378225286123942825648350809597230529051959738424492358959245705544881463875945711650900718024e-37
24.400000000000002	3.73102602481866875772855438201152431394323292656947558338128779211513804436973280921930696182338940825671022456027878754630050381314039207350920096932228081702993942509737987413e-35	7.57229681274800853604679388848068759948395975488078177501532092212534333544117698113306919241020251977916885820406567615731157703700967217666915150505357707844005026898522508e-37
24.5	2.69636216295656571210115134930856833411613668104298898898723999970768774844584857122346033532337889180470720201760780173975223864536555654920874179583702609795327299191932814112e-35	1.0477982840127173692626209528419063095414400302270022125463058890315765556376951923112855534441084294954435920175497363321204323494329645230889774278021023166095651913664609595e-36
24.6	1.94862455139052189687297911870155926793117160274904144366850157005547597540643896797014415556066329974272898521712507515655640477795204912996375616931370534620782615503681830633e-35	1.449865570700878408100642415014441705560732397892037999438595293832218962708869373351154712750018017247913834435358537864462148042006819783881696653999058188057987051263323999e-36
24.700000000000003	1.4082446692278124385496396730920492654903344583282123108759261862050287028448347696274537713193333230009576199656345251739086472091062302141276177859945853321264318709086483345e-35	2.0062164685691986928511877427440897344913920255522831356562391139351290975358108093052927493516730446758422271746977215154134029838566724128615520328243258222850640072291892056e-36
24.8	1.01771942009000793284723220050428233985273491828991389794615065402467959554430176846914651147411240130266120613195620900914452255101359677635673875216038840363146381864575446012e-35	2.7760535874001072375931230339211046057597446873207123864736081016162428259627426624164221898946649383982645122392081599174037261805934838665887243002397386770149453317650662122e-36
24.900000000000002	7.3549209215176524270819453351504380972580632235978444530675113197046306851160324503202236640559934454629155503086746607714255053611108623763579768575941384454611120241997678938e-36	3.8412971087149820176445704898885400676748678574881937758006046602443398612280537746157157248794548299170450181899375695489541183242965935489809662775125910353706669125984952858e-36
25.	5.3153021052912412832139061346381113687401368132122222709377445380322843592307091519295634458263984357747970360575863584000479379544286240799934255261217997932082065631866906954e-36	5.315302105291241283213906134638111368740136813212222271979356332137076977230997250521408427139944395654425182821436234572401418677712550851457484532736116532800484731288630745e-36
25.1	3.8412971087149820176445704898885400676748679781366347995716376584891438593361355220906961633611345232533298421312003721990717318884926247735245419933303949020258037567442905221e-36	7.354920921517652427081945335150438097258063344246285479032803431065308909593507871598303093111127556931110103583218008272082135795449636459628951908559547870816070143633169186e-36
25.200000000000003	2.7760535874001072375931230339211046057597449414786843862451078157005142787957455650465669609315732575551397973293603338437221776119960965003298806239404676949445646906605873841e-36	1.01771942009000793284723220050428233985273494370571109817722082979568940127518617177579401147108002267905394645144628436145738114355954377958705036579240673388165769208152037961e-35
25.3	2.0062164685691986928511877427440897344913924403129545930375488956449897783192209412718989167583908256110502219183906781146117842279876546992807090294437193716373457266459172914e-36	1.40824466922781243854963967309204926549033449980427945692953948430781103466668000137987756910234300790405861440193256155705697306913966779986958999227534686404470033985389083492e-35
25.400000000000002	1.449865570700878408100642415014441705560733017468780082461989427330582106333042042291196989091459025072083716967035558138400633774362722341446026790875036138880343223582255799e-36	1.94862455139052189687297911870155926793117166470671565238151574566581023690471344073567880933622430813453569932541968563510751680315984139613387214799466912014647072416598609699e-35
25.5	1.0477982840127173692626209528419063095414409206665217329779026806266074760352881625469073433873210063325587713264481145658114971322760912372002506207250001539338682077098873415e-36	2.6963621629565657121011513493085683341161367700869409415800446978508118133084845822495670307345431815982947274254746282152077113492225846907753763506724017540512113065763143136e-35
25.6	7.57229681274800853604679388848068759948397231710977999893675229852655281315900333562125957343886429916406443639222522066799568983265129840929068071924189355923996452088922568e-37	3.73102602481866875772855438201152431394323305219176556636770938634273881858244271227948757231440848708664470688857206362338809527584700973058539641543950708952124147943018640674e-35
25.700000000000003	5.472396729032695872315331839933953101168208542126632783692389165150324105254328544200218024222517842200474770852344650534041580141151671800684698941041301610140809810331307599e-37	5.16271715615311763283135682838849637436647884728030531735098809480876791620158546585216088176479828519139665570939512179048342800367056132429425918037819368911344335448947345448e-35
25.8	3.954827273809731323052935980732606812774945896096506047603998970326943682985863567265847910120678407667857794027552476672225931920212778959256329257404197557507473470438570679e-37	7.14378518326504962451156571132181341154460190363167953412806743937327224514842199118507128442767991026187782162603665372059090977905389573920079704101776010299463642270375653381e-35
25.900000000000002	2.858100306033966749885812904306196260072413257904776962277396553052698723998409039871652438319899482312910657871856605392397848060680281042406466674645217955801698107238956641e-37	9.88504022225480138637081341706602563902983314818796172261573064491473596108518536720864799879975939827429165187414778893873651552967659123904688471527124365714037010136961685638e-35
26.	2.06551052523739935938660246428706411150455838106383979284561173792577227008794530011643981225468209608130934448302440470800098473004234415429565122048775535154280549016667084e-37	1.36781856801345652086225252244924234581076439197096580934865279915621331495898777336475993429086738873569633707850042171637892755788755576388661856630796411948681928356326680796e-34
26.1	1.49271658555273817966428424623279637797002772528116358390090998524055667245717671114645355203152635452088003885088870651501065911434160340624432655405206875143206344786805121e-37	1.89268591016132003215970323462737094357242684429995716876707256149670651236202155179690621376645649162700468581284126462605708174223741816313963715654433491787182991000433503415e-34
26.200000000000003	1.07876613439447664097620444517165720400547050077316656662983753003170270672316461453879184844658298926892925710365649256831921756687874226779395786911196427902435275881298461e-37	2.61895841911868994998703464602531877440655891896495274920636226495334820913321829867104051243973763162119188807502450074767436162048933303800279411178110684687980926872483578713e-34
26.3	7.7960972901878943190903234470104151748881813088749669401970453571150212946386801248958289166810677205724416027691571760808564615030386058716232101285535329229570678893438676e-38	3.62392046364000888548675163074888219014353124903238837398580295052795455051393470641298919858601362323651632147050680177485808906947709652277218573881461349127993213742561615037e-34
26.400000000000002	5.634134315423796443770030628563081244331194305272670036391080718379538146681900936673691702771826510104435599237576234712930681641887781492309610725197995505724551432398709e-38	5.01451242254341060446780254950706863595174212440778255355002016164530143188912073908181500551535875060031990193404539253942011925246309674719711823976720448681624741887362272002e-34
26.5	4.0717128461285185082473208720395714018982662199302632315900762295458913757071914177776248939084110491256560746474248851476445227068170724693602619349079745905706227117281546e-38	6.93871046236915853423836075744496570870139577169785643130253028783528585003301207473185888680392183614694809585084828979404868074608074332961440476467679647585126591310290564187e-34
26.6	2.942571932857955649796565912930092943553423628897966225059445434299227956367157700680278962213161048053011126894095048314587135533128301347112661344232559917406752032467004e-38	9.60127302988871354989670188238939000036918461386976945080113042677172566937614761071540105295399818750526350175912836931053281815690091444461423076292958748751858071941235614155e-34
26.700000000000003	2.1265570309143256672564723267776522343404417747183918997839745079236945773577795359623294728557516446670078196647300059537287517680646941338417875489757330195760757900417392e-38	1.328552968083059795365288963605170406955268773402971978634015314150108665448543163254550669982416166033382732006265545425685885719032872203324863778627637765234321001609970944996e-33
26.8	1.536834072166724282671898927985655982523700358387237264428611103814498197363897797336614196728047966518830208442555064299809109416871417989471998623400641689146494318762017e-38	1.838353084542161979236691113482014937144236073850417892243455026764286159374114961801112737215180526983253079552554349102308684678050937355138259535228947652594302923227018377721e-33
26.900000000000002	1.1106492472849931065622395043756299503827772771129862184382867481210346009600452738616981643945347665912378283778822065728775272460087143190617390730076981646729276471775706e-38	2.543776683832666752014778775928111417912322428649581689204673139158076515488761261045689982261103318441940737692779576000023653238763786673683147899094593650013115408547055860232e-33
27.	8.026512250448117651685968050977065100489244757874062700759695954463044810223115940086201541225931071431404793862219639654209425821812221777291612530220455649825305738077207e-39	3.519889553112353939227335941150600318497610335595127543712862026633886692721462967044466429336734742756935657041613338369952865390626707425263849785640453014775875724297278472595e-33
27.1	5.800652103277221576745332065744990913712233747671982171590474128082699547423748253263623056344495827672118830302387759292563735984292815279516228438555969131530368478955916e-39	4.870562162494556725028010276521213755580968152629174859160510447063706564133367466924838788237670918429617910921410575487127485446481832575274465366643685540983018164198977168116e-33
27.200000000000003	4.192053009582352937260640833011949011314824567199323060305817081503142927168735345426551120901772926865659854962606104248436986046145078269435608670173059119973655780393871e-39	6.739522766488717358377918272327316301318511454710652086231074187943781889297434192716575527906125641252876878593855783776580782405376590774145869392277531329474360672823773072132e-33
27.3	3.02954015052480088357064917299156614629711404304754767063350601145908637117613908768761371460527878280539497871574766085088968167132464320631686092342315093121916942352701e-39	9.325651866182310453215391783297169912724688977884000394581480432328462342005478964016484490219345874576976902721895588776546499088797146883090042667746631433358718841142908285181e-33
27.400000000000002	2.189407794457134113852245637433521414951761050417377797442975180763796919352319532026516879105634302303605704252723873570248077587143169569424269476830254714023356694585302e-39	1.2904145551918219341786813331929165561585797303630559312452916807004548204117761745036366332868409521231961501639813053816613507310610714405380444155245057796082426297111005335994e-32
27.5	1.582255478613071788132056679586616670134517178746267334651949315561062705316519876415111867749488226538782639292732426719047962809417690698111679330138302661481676297287603e-39	1.7855799767622083467048978261641743818946742064949689534412127882523057916124073755196849752360101439768964752893468781595514003036429061984178077469093871285851203675934701951641e-32
27.6	1.143474695299500328988305763716204304613195031831767298758522751018559178663039922200924557530629929473579084748339770084660394665994036996070686378327529547361892608153161e-39	2.4707531704339562901642270194837123582583680596044645282560787465986390973062363931640965382942088321759060390624971805294597764775719088693361884236020319029449886314883539248628e-32
27.700000000000003	8.26373748466706031884055068532184681863191349276204247553045612924005907402248085501411612494706168171325234985323177110664261322135594869665589443170846584903682887014098e-40	3.418845029993704222411769885032109378163635366710354729918441134161137070790586783429106573459512654052144450699914948120777378859009254923297625902277233128509305362058952563469e-32
27.8	5.9720918046485942884065523445062606466757818729410294625225439858473154782738491844367870991326023502724160094979074493320387036358041268918536128981651644511822122508098e-40	4.730744243893938844233167160214785680900949988627329475346982573280011924891048856345204719730247530148668167815446666480398876589388326980986611856991854993369823611054618684911e-32
27.900000000000002	4.3159505143053857813889428774764877786140810545157143827692589021028071308138258953686634566019052168922990353500844277740723994362131898557722530557206277675140648113198e-40	6.546053098282032393856380626343339870928377172966685726059164728361217598309125284535122368919737544417154925454315878286608449942221757779545056633159770235609841465233972679153e-32
28.	3.1190797430810582921203611817057750249026556405646642322891391607322925044978434778995429909497559038045198447718638860115006911098934977675963561299961136007943125409789e-40	9.057942885168100291175967570938410641376904432023231072307806486244332668816432458326524468456958984582642746556790440731626921374461429393827631953199974555913659218479930320212e-32
28.1	2.2541176923992606858193961233010537504236322500646425488279088821646943739792534983380135137068355585568537213799439136793791945831277593958685399153555827986647268325856e-40	1.2533709714713729479373283950508230563938236353651125353936053232931547376775599310738951452453189171993952104056510108743004950096306270378114090793618893499976817656926128457516e-31
28.200000000000003	1.6290217749316357479144048235807190596344499781568796872674125638099304763500531471562358065893048474047296502005556115272095168246329625707387742909723036677784838316581e-40	1.7343218124056115613943502254313841936853816659548930370939958866731333154669310336880835378286228714344755707669035326603316268039981579756945357910838143969402980199863956906281e-31
28.3	1.177274159168051610994246186204384222860752678378403784855375542253628406530619499371879934537910194928800442226020659399836092176407828519437612114963507294344207823909e-40	2.3998259234094898826837914633848073650053467335674895286439460871525426993381068867372499439971170979304387390169176664663705881720574156297902679296398933759424791800314454739363e-31
28.400000000000002	8.508034710231459771317919989947948482568469344455905086787035561582415773291256626070487897989420818402689871244332657337087520043022952350151638908458390013661547783369e-41	3.3207011648432055410564787423452636994997746672808763982857285617274062562352625898074631004079676987618910780749202910930024047795211335062329417129522705938156086431116010226182e-31
28.5	6.148694385200507476881705980903193244761165642972865783460960325194244738796122119570914388792355485303889890026988492677057028167771626288284011896105973026186437783316e-41	4.5949400407029329745268361447822511554530402195582322923451444533867760971110391355382257662153067461214406558059042719050173509813559357547765507712679662753114620616678780071113e-31
28.6	4.443661495808389740885086411932364674682768214957500862025470285340105982045884477744940590536380983850289678724171832535973462241302682761213700192130726955393650729021e-41	6.3581373118385392028528032154550384882519272667414976457213413756358221795297606095031517538014237772240569879050327042985936773577186634973134687739010734362548229164256558768463e-31
28.700000000000003	3.211505550166827216447785438597545724450431820576277464341898736129601468997367874480415863718237559578696212907208896163808500679733543518410189234613112403630636915346e-41	8.7979189539129221108728131196262738669363603364199666389289009021100295527987108586277502901053675160071150358194452625926009222668617960762682961512312964954812672869861202629488e-31
28.8	2.321119540569183518431696772224849564133365198663000299707971288547358063546696501600137890079577571762432942226887481064291155415779089628422709547834597098058933141243e-41	1.21739078795136288044352188108209981380689631050550829025247253638670536572135491077616077842167878120809484089786853285284007347542853101556123119524849817435411104987155721711811e-30
28.900000000000002	1.677770597227251063241163979024555846513973267161795540516462823221778235857747443912319311121806349407675644208992513046237683861946953505194086119547626609247977324892e-41	1.684535102394531068215246605594380462632545656798551235489206474272973427063087454849209230985812878301845114894639707363045890052875544740663932791098297913339481006466236185387e-30
29.	1.213022499143694761222560035350987878587418466962710286742512275958741400394923878730475635511861164317011217242163605902510180349247348051377087310525675717317397420043e-41	2.33093476579907992218624339486964561420107438906210273685746461844254981076820373576416114560293718802641739004620791105145890474348375082073511435226888152231215283866492899340285e-30
29.1	8.77458371404679023448470175468637192632831913657182677877562788239323870948831659554889671901148929427912543362093186291890455290028827123538202836484663321644527659525e-42	3.22537468924664991476808659796747018218935155855213624063093920515357565749100380163061547003209474606079947818066968024996044598037313371124306992949932619644238740814473958153959e-30
29.200000000000003	6.35430279553350256427005371283163035910469275419889389516246005014448386758324222668864380402768940459734429903882571133456044157796915756764499991020234609539857662643e-42	4.46303433226568172506902877646184484566883480384234888725265064044755549913022908911425211173366628596639512983992767722656310377687250158312675179588397212762120436421232131380574e-30
29.3	4.61278762574447888046147677893475602200335914722132265033520416479933514427395711359637807485093666227206957073192302667699706835658702621138212341264395264144374858539e-42	6.17561597335986992322578927515165382364794994130932002943714009574877200819269116880975469666317172118658540695437218954624611045883120416960509511929299011441170309179010152666308e-30
29.400000000000002	3.36622784727258315271332159419104067459699302694977983917598949710478583098073313150526231934763168788430983357139505264618429710734798363558887530001932490543507029187e-42	8.54535945975047036253864565032191764226341783274363473347404346645320565592774331229479261411592013819231070452411874319061147770245761266315246369365804195080539647405164599528275e-30
29.5	2.4843610491878939260459466970248075527055484051809567516098123631467976389412085657328998372125390596102334702741506696423352929708314374073747963881039777970470277787e-42	1.18244347788708821042580628564513117736954302829332010133030650339646117402614164349727490758079617539701677853594248288038470650926321190989762763393556363183153201083100912669757e-29
29.6	1.8771229885210126935063102609124218897037044680942718448943023577350526533660413320511974924896938717639460977483255631106797769441411819749948837535769517238426653009e-42	1.63617760608345755306719920003248930285170554965453461053514312634723403690451124138125801848055574276008199613588546865342145457821702261324895325721717378372759598019305743026131e-29
29.700000000000003	1.4858734759037510956696724304871921010738692374792857152108320653587608015609396566845625301578446098384320872478358797936983086821374836888321898895746131926093684045e-42	2.26402124812991065435008451605381541664833385037642294702657466506793561268904062964851723329670280508302376904469890425335447091842738827449078406971574324485137936753016806400078e-29
29.8	1.2784378768810264289975610680973924048013659506734647354970412726270680811138755283764726769820482354201654508253576377458592924738717164828232542920871460143351347988e-42	3.13278472515793014684388773622823584073677251925219531215607080951801312065030371762046223679575427583003545210813933531117320739159047384174984324741398420888504854105120119731751e-29
29.900000000000002	1.2477113417474657836073123361077371299193262815001942801173577847709764414169052859163945674220403846998727542597895875654566653817776225355850593414647394886970408415e-42	4.33491520553949598034765636160251654256524125321317552315034076378354541417859018690028201819775746843261155482256807591283055187560328745551680344186777964872208730783264142181549e-29
30.	1.4141120350851656922024846048520589536446747152934269422774596099699719761291086784360408171729307915292828834130713766872356983045900754936716263761184086334562827946e-42	5.99833422587638186061280840776275668363889932977271561733080584615290938499881281029161488672024012669509865387134895585589856833814237283612344253647141371056175853107790260688248e-29
30.1	1.8328324766444546536899753202865240764762431240274073503213145264575795457670921335897150296802479926765785285492589169635312262271496622639077598640923468280928284996e-42	8.30005012308936159680600958826300447990788600751074489483050097830486349871960537668570932110970692562810162983980745555889421473430636031852140207736655157056230780154939008073919e-29
30.200000000000003	2.6077494602099766067433165295639233824851494583551069447077624319849182713718426531990348964735074011152288412073586260439954858662870332100049163890134113038020367944e-42	1.148499390857643103792366275255880707267020630956064207918536428982971045805578808093166184637025298039489268653316440582788134344330844009243476846095985385643148920803247522775724e-28
30.3	3.9151957912743337072167703436654487294617639691258221870615720180228503535410174087823503817174010453262670554498520112186173880655247942753372728250802032918197449609e-42	1.589208295418599249126507849074529937659654514827639943953040974457718594833770461734601472641454912069296564399744313231618341210032923686704719233441135313138149956304760685597119e-28
30.400000000000002	6.0428501399965122518180832451145658118664919012189495317822519984052698324406286512452216740394668341600937944702514559150903850400555302848471485280279274863161909366e-42	2.199028598823469263687450478356502278872883443388723683035311844388357127144318693868066380473768478052466410771914980866941040945270309575971149293604526126064130990640746660560405e-28
30.5	9.4521982898895147674812830827670610187021435720306306868875171769498255347589247424906726944055589167215902006758221517547730791685228006699690484849001010202136543233e-42	3.042852716276425148197236068408005204907413131532537650319067752088445736973579400016375116301511731313393849272183073558900127549336495499376590552340467228848485959990139883890017e-28
30.6	1.48780406848290512883427045765952098007732154555505692255214443112948915382452271111084849975806359959936780589339376140984159807630750012613554810080111848537489671728e-41	4.210473960140660940015240047224582835023014617857780460712087569775326668569989096464421417726663182456944716605564171940145819668992681495220241584103977889740850132657728199627306e-28
30.700000000000003	2.34864406506494691845209864911319566326024857865556898169321367490723280426691636896798708571803412009300535286983580717791650987498227233653025918563372930158505730901e-41	5.826141657857386858051815305052708887349696273118132222771708839238384607196411368235960717883074699463862601256819194224452628131837796078642296265986015516901124049105084893542388e-28
30.8	3.71250204406149374794346379020695828342979257014053623111732923066103825358729488755110158636007960878363101422292165510471054566104195034772353896254855849330506799286e-41	8.06178281560664236456534775041356383815694838669986216159212878369698840041618819061159514406519789402069411877059300381594429421472218999277199653820473150114285069808228775086644e-28
30.900000000000002	5.87192992452683143734195125313675879169275239442071218944288496842563759053045438178272390979544988323277628936318362680403628663186562019309998347330811704722007743569e-41	1.1155297276089929467635022639420719115507603076736332017245573019492624796689529364282041150995998577516404021979806433205458074431091755754102510317692484576941923719827947085744044e-27
31.	9.29000694974016671532393229413781865999556202096806713464725607180578455224520923097595866068989277411099000030831785042893368658810951976197108877196159410550951527738e-41	1.5435873201277174751081651109013563662919155846251001606449072714119067780851704810421551101975948872883963413882747188710098147726881066695535811588840124429768365964012657273255605e-27
31.1	1.469963353506513152280227815127017672728882170092759905232530631602449062307763885014392400603874510547482617396216185007837948950784246676141272689100996098645977291323e-40	2.1359016760279663829306212010923788413272707440220789146376144729998741363561472626930572290569877083657552215326568171863305869133019085101348212483067722730541522690735992912851577e-27
31.200000000000003	2.32606707988888251449947139093340225184885326186149413161477328065401004322076528646993704912890295870882922609137710021223612451770433720588473389040312881775136027914e-40	2.95550236139644307819418667137738844127810370443493728221132174056853453739769455445894648007344098900519564063010174214690741812017600931209680409382320947368856079878528871671323e-27
31.3	3.68086168387447216147733293871697762995320597407169131502818722484425969700088410378781214492306178210149865679260899209921912058355240254687452510835824349759286629087e-40	4.08960501611853246752992764130547902002359123199423392950715709944427204472893867419503228378526263565379288334176004516173872733676909386778774384567648950923336176150473322678763e-27
31.400000000000002	5.82481357564121090800719939620220095108265533499577498396925168799174963245960814994538640056122117438324997548197950012153795976444327814522543552531306706301263653369e-40	5.65889217559601021181658243888482177185449271712012547302093884658787120908531263923157060106563461132007023209602860694819637868408012840705388223949703917126372979821561048386035e-27
31.5	9.21758112209709042581863934485155174598462380600129922691679791977287175126857853324736212008281158675894494198882830242332738057675582112120248730878857157737982437225e-40	7.830355383663681480954254712480224778832773528365000916852050991804733898763435151853977340243062304454854371199632089482681624178176388646910715651026981517094681364876379278026041e-27
31.6	1.45865641228291778128571838427000553079694358182199618187717990413974191485789219614037997463389142401883457021952586208926890930751844391200697560539269326086418565877e-39	1.0835065156196052453437103898646225928638513826616167348732545156834507430644877831006164656170093531677652689814733144308176224601237682503207191787821291830062617799438140007267138e-26
31.700000000000003	2.308285611558778674725689381613902201987435227532923556701045136270213666004179030560945727971086553302469093811436815879323111969798905112046330825764993118296555338131e-39	1.4992759739096936781749727478045191558226771129172098185329947839150786582317328538184479917562035777628357396457414174653783598206246172866168933098920497545415074344491687260989376e-26
31.8	3.652803519427538794044530268910774350779804307976290521564144406850805726870067322600700651590351219240592051396001929740489434131396818364100161894332314000373191654834e-39	2.0745869208340068169513669584576966787995600721980876876603646532144772323876029070598625951155958766414149037698716971195809184357844021982824370122906523763996322838187411582773163e-26
31.900000000000002	5.780470449875000951504382391623024822895389082732838291902321952366800822249557192982075546043603423421460202650201970614078860156710290857730560965542819763390284543674e-39	2.8706595496705828621929256763872097658391740506927459335175751209112623353232316713133193695236524008498360679083633646415098285673541058748061523934864928759818677810843689671961339e-26
32.	9.147451299351205105500980390851296382879925775448695587021001446674144946166686544274146520268575191921082671957640716774609222448824576623317110222287545246428527635648e-39	3.9722058243778318347906615525353824774016949986937187612273439141881339149773627404752258819442283117902768434768476059709993547074672095835683825396611998762439744608172347753352535e-26
32.1	1.4475615818246309453549123686074875674066565398261643917125795524407824325157155650342997739771838715119034675332598423753743446599790436795415312950504835052686843787983e-38	5.4964438792582679274705765956399032147878984334415916815489872664585422346582353620316695365507816979582771991433309616366504380375095475137098884308967057238475616666606492814322533e-26
32.2	2.2907305135905704256975639588951609160681223922569815985558762438560817810035299087194178752478472631263475196116785099613695596392766542887303415544847498495262527303501e-38	7.6055714767921478373066443975913582917115186245009200116421915060746230646152062929783785757864592344878092868889318446138189055680977498913290044628727257134570236709277769863385601e-26
32.300000000000004	3.6250245978093008473903219063793120374828896288287558193419606324327360152430055933634697365750601567637700703526573062509972144710948995751459857434919319872055853481656e-38	1.05240258536761956198276198221280598175892244272494744240425528871407294987333197199006698692137705073521240141009802420294332993586015876186677680451028788752128645886352945983709708e-25
32.4	5.7365121387185334908703398276077010109060664884059293305262335606436001432938292266569460378762128563805616737687205638765742921036794049780541738813596703850318165016224e-38	1.45623666159480889618250350331774066065661159864022129474011088540220088050738800371273579478907497029224163744027035067862907568415203770283845304343393241541038587779846618671035664e-25
32.5	9.0778891844585657402147511970616793544120272467378400357059404088236994222073893142444889759847681104510597594814956704254776892673090199661694570695740372406456856205488e-38	2.01503231183343082430796054071372480503103632333052782063265517460071605032617775263004619789408002253046793341064170675836492606538850026446477165863863922068203175811584231546357041e-25
32.6	1.43655360845303900887397649411087132097026361179817440772327777338438285221791975392237597266266462292665481495883339795382343032751430598667600400369828811430705188484345e-37	2.78825229773164154997757937838320162367399697944086729850450514466834234216437348796175232117188115783952402592158483889782880895069430849261574247011678874825004993426857789117392726e-25
32.7	2.2733107102091254335655295694673798097560864382641912125189735479154300780571130078800384714120964119175681463286817390858212435701967687830167675560489710475117110412028e-37	3.85817677967261899451364028106966486446306039442389394307854343594354215716429399725206022355854966725682655734859499902851313212411895438803731606603471948924092745913328799013981373e-25
32.800000000000004	3.59745821934228427143217312321917654263983326290359311989951484524787873440784934083265342843126894892175791693002314804159236936169734189995091748060960712420906719619726e-37	5.33865894249059635891850297591122491773209452769560529275061761564316438190165455814755179912857094933641350433084347742111728508944549192664846916783576179448493733593370808039196895e-25
32.9	5.6928890463992986467417576299014712274756330263329267069411880965786281352266670252812391140866041667004952381231070135425553009747525210756356867955870474592966993703036e-37	7.3872403811038578092237557678327269549633197835923063384386341137485853681290114034787257357621577644029112192713426315470701838564286574221915891764018825217459467795877841803726301e-25
33.	9.0088567316616670351729338931232839482033639465825243949238488009219450050255381345166395349414690648576702192097578674958669818173989181454444524658013124404883620713502e-37	1.02219154727933987738881339434023954711237014671841811800658967643684462977836409445716182653832854792552237428409264409005343825302136588235127988226454447305857257668207453141109738e-24
33.1	1.4256293940069542280511327168430999240710375093722552391641383815351399257915519722057517724159448848655592683545812974146929237937187628448827813811817475585132261285677e-36	1.41443286724777955440072697635701917730200525783809825685943094842158674500159006815121792526201170346410807959135569433547099998612122411741927802377962754122022266082646598380038709e-24
33.2	2.25602341076687095790699888972881149073291289978412635666890645071234464296445871297824270671232278198709386243552802057458114246508370412979686581888129093909334463959508e-36	1.95718732098266345742789883972594004689400608604417866472526293950765159806839285757351194354457958529720256602172358507813887400129381592421657193461701382848264451324353627503816288e-24
33.300000000000004	3.57010149438477882914459912582284128939029510370630895816978198336459507672246094369850561406663784522325936036940269036705242497959317270770249834407695613809377639557249e-36	2.70821068861959362982161919674818002899430055697539104238437164334729463894392240182111430805641210226722665981173139935392274999021245451056799784437886570572325652217313129142284682e-24
33.4	5.64959770341852197187963104992493575163597816692965168804692742252807086878477647634247622386657174352312759337425653011216994230700102198474963668614253064715192296822456e-36	3.74742113609797948749727789767287917361919230192577281783731525293114264724165646528373184433383981611423204403205347054549501371006375573989607586075565711933223238870571106246560353e-24
33.5	8.94034924804440715837476177110367847097838308203055305276619221488918380074189321782878614044580447024354484568711584677743834191585242229027741837668385781886736754033056e-36	5.18540349548351991114581495425565570941937479722138461535542356701141914070300443052455090019700610017322872231257972458980235181250749528180995984370802027335269101961893221581217581e-24
33.6	1.414788253496841332989461699801688144809704369611862368425875896981330398924856040236280702150321098315500092487580415695651291793185634496753566008411924403635281662404325e-35	7.17517685748295533642852623355678023081450516266858620650776596784326006458038984101115188886638873077639985972801356512702782984709596602615880645090048975368307794018983778573605883e-24
33.7	2.238867572977922841582682172400779557449666578828144344141469554664080059223803404574954156013713745704303849470998529876115506056101452585456745315857952659795581987699967e-35	9.92847769339468958060123275841218004019290425563290668180220893262043237097824868341328162547128987130082567174960424236923922949267491899316192985452034080726689530805430945218679852e-24
33.800000000000004	3.542952803717735317948823209945298683709680242356198313692196861878053302622590823595235856976862506727043639047579645239754639973332557439795694943719905521057080738790062e-35	1.373829123186460777705779289183449770177492330356717460622956202519455364839242257002720874677394607684854157028638244273114187250606259327876408766724630207706599689974681647097207102e-23
33.9	5.606635569271420064185847200953056495308978405340625939297822328392160693364208345504815708940271290312140753591234419738613866168305181510677305976283249274185381803006786e-35	1.901002870733094390698971203468218850411229419806556875786392579736481163291892781388549702897717294510858022816092204566973166891232214846624487749585751181796843227888373092818255441e-23
34.	8.872362729228111862929156534272422189114675961721573734960934454403197762688739368622675235482468729934696221248557495058267760340905958120303774844166782187183935764042889e-35	2.63046681246179048786055451651863775155743194355972503203575072317985238045194419370356802853440221494800702062259352673463540799890636414175313107617528298806275897328853448014290923e-23
34.1	1.4040295544063065941416043151133218526667179392426928601412815999129027325573980262576232638983081633592429873933312398592500315790968718054290873144654631554935163289752514e-34	3.639844925007684262813386524091284457015462194220675731720503448452516066617881464378793691045149452030685548785855336039413625308932836032413955164178680244460523125048413076092716189e-23
34.2	2.2218421967728308311057114340013683902761748164200897853400319995421186143852249791452648359769558889837057436901228491827220098369456699033191537912382246145510872229408417e-34	5.036547511392196553308089084130268533306681783388433379065938664289140771660893760873758731193917167385211034605284884479660815819219931096218353850220927965594292826200083397748183555e-23
34.300000000000004	3.5160105654365712915073892232018201723263778639352205272828355514579016210642205054967448305333033291244139448013682206128535656174658308326323788881111540062316984128689769e-34	6.969200984423086406260023033413489645482390108822378847655042743471958103658635212369468397926667053433292011229970905833180580095873989011663975246536232321780879727006145903445610055e-23
34.4	5.5640001412135706872752792715068883846829148739485037875823010169587576456291972463981295288723659470385479636277248711734640150447279381567589759535705897754694035611037896e-34	9.643463553440821200540646194994362960832086552658536690492286178170842406653642263544515726012198106054711626102581809538306735557615123967995962696667376577359277268722617899420955332e-23
34.5	8.8048932152585948923618704467611517439587126540068512597820845889155270067895416370066794860600302575623464414265660702225530416429207693073581352185691506896956503890847307e-34	1.3343909798899242558572801964431478665530955088373273646716920332050743174179159891527921748835845659204888442109078614171689335363311124401677153215273650577057851448813016229176049026e-22
34.6	1.39335267015226283386207686317927866675458875332274180764547669677485636245844262246023965418453981648348211539044933008396962535908481944338582015462640691650095653781857038e-33	1.8464312923921076537191907620076791105328451109188805527320573054696242974344140265001435325229042165226810990448763718926973156554291136879262869974506398502634759674599312250142696532e-22
34.7	2.2049462907004730133234634127159896699817868528519986641510333263348572236378304087868567053631731251727135609439415951026487980577266926276341828410696450295768715995415389e-33	2.55495470885604119492042184053925187958524074828546214481215297736972241962643755996459161256552133453665742116986172449261639807042401545090275702068036595298378505327252709448892287e-22
34.800000000000004	3.4892732107587154382710183066212655782736993682935568068666844941341160660306984359594541017015550390038595376098781228125678325178432584557032664275976549502286032139555686e-33	3.53535687528816953067974431645927475909486113912997811538139286079758087822881662433377248409313436305767645586804659426817152822189642508067448150373608967112063425690249070228382629e-22
34.9	5.5216889369688349383354621311182641394417152105958182276932707743441786617345145386875166082830586065346946397066074503740504312549111334012613392835236566741705092560015014e-33	4.891964696017463252005176996673374295528910650406420621855235503455623151515907931067584779522985603663298240934721006674845945070104845237223399835587935977404715344121907738515362214e-22
35.	8.7379367784979706358538994890651886795964799651437625086748471048479835817055516407325514416236662298570313456768826638155129467860589016268043737120576415531526861159433501e-33	6.769138005376210378021142518967561021176570439869280019374387126082361769783589244509244462114432483523694751212046455485083899007666045752327825263242871883410398852878037529866135904e-22
35.1	1.38275697928595426358957262862851334455858326718322256098255235826078964913453223926050419358926745221811676609731082527933556500537172721933445293620723911181248562330713676e-32	9.366631237778877078708652835742903051304024521537804716449170884170479822850171455468362312978682496403918749423111238285571732386317824733831645421450301022094649773531978822934103005e-22
35.2	2.18817887149634620169752155620395523069830487260266109698632140282354223097196759451830105071006970063512696602842435355384626070770739590309690635242698659154151999982858024e-32	1.2960849767703776152660050525756430267766188141813216954206826676293140252038633792491316649031642969204157428323935482269768675522646677665185986505500388142751222605964243164920627673e-21
35.300000000000004	3.46273918398678073876253558370626163340986896822751025141111550519040262594486685243890213189886172111739768029742861651688055965987327563957227640463578229941984550091841983e-32	1.7934262856794310029622910962030615537477216426292289766555272400651993787422573448410165647809085975309328739730994678991738491349244084415375219318801497720300382721040370037231423924e-21
35.4	5.47969949521747310132583896212191530876770716697276482189475177275328271546486625588061262720188179736633971564322627797855291825087992443408925389985845624141332695978618381e-32	2.4816103109076877621577791023778082264102282534990421882928425297630584566730334772276224940716418352506646253422170430962272597556462389686951237701841629860440748011629410656424885533e-21
35.5	8.67148952493383285478737986191605945662256917049436641087636598603662369165939336493217553150080859770797809482048401037160835492609062061924952183321182693152654329542835731e-32	3.4338683359211912695271332802412125773559782293988497794461891367919081837000744813440175185157608693823551370728086725218035520979780532119590264513980259881636762145913692400424304941e-21
35.6	1.372241865764417162512640362154865930515064168605489846090520903725169328863037282539867134318563208944456164035508090202934374273762510914588654433714853620070283819798916564e-31	4.7515323806537793980823377633274130488016829192525891062284805732387286052399460129243316094644999958320065775742851867510764278853477108327800336513367813060125135592269263875749997284e-21
35.7	2.171538964604555870449539538039146047793421141854502322356570183920537852124723412704038541021936790564988552665095958439658509472778311027856583890629281900180616372135653695e-31	6.5748181804835295915234710208226894839672497836048628325514655072620828188662754509154697292225572126638373416122154922785502833749938358072181889059465745029634734745367719259230710869e-21
35.800000000000004	3.43640694348435851989345277403172624181306157796369321068789127196855079969297794338615299659404564164130507972011523306922873460682306740391182805666105673115817433124700506e-31	9.0977458729785256937695700576079730381411382780153032744282070118756534991076628744790845191539021003577315411114076827073504076965320431137186621659800041510861524400659593447865899631e-21
35.9	5.438029377398558391893073254874237573528477336757741949336059585148955882711266292962250906866380277413802534725370874790570529251088595277473832589113022806386608699385435083e-31	1.25887861378412666538993974620894176616016039564371024797805221945033567486663070423774096525685361151739351295144271566427921122772026323914428424170433948397448738976807124088955410141e-20
36.	8.605547597489609066486566872690167749912001179480710313638861830720017485327268387975845318116856956706537546630431843281875818936583952343449209315237112174813129157684935229e-31	1.74194287944449055618900093394706844839612702325372853553776465347823013823861063742959377600528675419915346905816212071294212697929764634444398144247924521057521712715852153471264506796e-20
36.1	1.3618067195565849810072724431426980461358821438417092143754383019338002948570191077791901975140153110791646165729946003251256941115980532246970837526532198880511009396772051119e-30	2.41037139087319333023429734471462609993499855938376583097053271041959957380588006501864471034278716497302215967519983355263001947894071523438370192209219623435425400816632948096657225146e-20
36.2	2.1550256052854100416999933259895048399732779720899307324725545398532420010114181913888609551623924559924838373424533407888724340420905934692409531653290980249284915573824670298e-30	3.33529320076945313730645954222573417644881664176903424063095362551895213691651210598562700938264967940183562989421642050537681738127917308617612690305142948060030498625615662609074221784e-20
36.300000000000004	3.4102749636972781467899066558086321446630715516434998917754633061606150260518837194110834575327813045279324979715808109044224735174231865016813216015626161684933798295573271423e-30	4.61513141801315591516308391558471691244890958049440220657422643870722982025515839385254947785334108260878054881747056409959380525657676041696444403213271678694992698591443120849977002386e-20
36.4	5.39667617139476015605441982805923718258048377372298547395139894309686672611154963528660254386249540674374156956629526009210426185363175366493278285956340535656353391598330047e-30	6.3860766425627397829141036033501322472782520413794485856927005323611320962426185087736424898851576629669953846926587262096232306018828402219516970605608937485187469298458044132418739773e-20
36.5	8.540107182736346837157192182283338293076327041948444418864164021645927511709697321205408647420418754081091758450592278452397113961142523766270099817734766144114546042790294604e-30	8.8365793280578563240990677292226176739975666829899328556539414910194690799691100945839919791251958161287927858889202771379108647076596231086711120310591794788739772940321197062407021875e-20
36.6	1.3514509378649828829536411023099938742222513077250357215326584894379653947250530401429996981676848593021118146698587210828651078913691559059505645846621206543954667543657673278e-29	1.22274032385749418219311085872781950983542977139647077762862210929265264706560811164541749585926320190040226664544690043824170088184085017152076376678615888203426983734356331169243042372e-19
36.7	2.1386378408378720730199460079906067836015470037309286309156540517629885145198319218027522377580485547377733689724240315438774490490166820212201357708946858248341527372018858992e-29	1.69193739351144183892935479031106549214543560286563924352246669585927122133096692388001028177270770055999540222280608374691258329238335519371334200070046743700791463511648783582258880922e-19
36.800000000000004	3.3843417391945746433615810175248852186687859831761142707881118920015680094554178928276529834193281390070857390439619192569953007653516613144922300916417028341317962844221313123e-29	2.34117750736412534298050641825405354861878323526096365924094866186725553068398029648824834192205138831154423761612992775687624330467523351840127485069542427240773786989422949566363185188e-19
36.9	5.355637498876669596442932703880077030856087916111302020496502908404043125004929037695633688711100788390508959512380808724915333599621323427168546402057694595826101679876869874e-29	3.23954783552139323886105474635443011487874362134325002935237024676661043722813288119667921915153358895428296829172297645801212786077178529479068133496629640998754995238837197549852272259e-19
37.	8.4751645242358523190530991019804760625989532394042941478387392346920672056803183756404171310994740026527178369921788371853070914004408998853094566172299023949794412681745088275e-29	4.48264608113676826804868179912120152590468013636029655207701782521166270263826547510759257219366842653807207550736928220932814161263386421682423711913274025251217897849873682118228504873e-19
37.1	1.34117392754912923657264843032455363763151321444319699292845046939483672596823933248311192556843977104348194091348891986150529814157606979579845661194210260949178939161611859742e-28	6.20275325722941591692313307234704361192758474716886220025022112951164296137874753605227805369034276282832725378189430439586756917597963322280726900213894664965420293692709802955549813994e-19
37.2	2.12237473499976296237103946056983269770091040917382966977186247842597168923561994389336956331032961497726399387595725259638260412964898574505531606287118569652413689966366675178e-28	8.58291002092972482486144269104145633941682438166157771263608240850219911827157933177398017206794634224834380344903270072946858261067829160685642407017383846663180266276274566819685314328e-19
37.300000000000004	3.35860579265607834227105071811122444273439494506587730058897633638730451696447064255841126073834802799398795150948416374406619017987281438383516928917230425819736547469354125486e-28	1.187639446104300445596289440414122136440412657586682967019098417073337490665853013270882613270823004492611376864504076115931954436586912650618274825370978893140462456069223878555494260455e-18
37.4	5.31491102979947402484517517331878024118413885465291887899666746378647259187327909563085204996179171712524374290509915316215528402034010599461269889446085600933131748803354289417e-28	1.643367401619505287437510239048916758803574508520538976225376642500932882222355792279781750581721781650906509261260672996981874306083814885044692774516827434748050819757911980280015346148e-18
37.5	8.41071594884593663823189144554452822045360336630227230063209070659391435689191990408888757311280541473412921890931120944409841458181031170478400763998839486880286244111787297509e-28	2.273969954066739805937610827933940474756307202128715011275798039518424983525940608825624535049264365111270104816681290955681844161232284631195603714704279475677198286437996220780701850821e-18
37.6	1.3309751098980577781582828652816136507684409780644754377504845995238199703696745393584282993154400951803698439210528286070777382390523516094093779399458940787609341576466291971e-27	3.146551006733147286656953154921399539207631480960415908560884558366087560952741865556888523574897194124468762311027056801218685019826394554355238491755387506832078206743746230709594979307e-18
37.7	2.106235376605290851545842378000767750234742695633868154595059794857650979837491776922778328958973178308554505852622216295207180452532974273665414408482685632321283097629470853136e-27	4.35396396520848665144831870141704064925876857846056202508646361814594236374104883971035722585339869564566702898576390860372622100743708530902692559336185063455472250810209601416131852369e-18
37.800000000000004	3.33306569057561406515156662346792982994905574446896283149903073456370397993310195368058699446895725905055739705245868920199054271236690701557499157351492099855199603118255805337e-27	6.024692487033855827610699244947576066692881977408505005587568104289642185510908373803036472685319347931483809237103458193605735978910610716257572796940393949675686557086931897342569867093e-18
37.9	5.274494510882768142626084016449844060511674105484222326548347664948454875471263722966557731905363459451399085767686393423615992312714494111204665694597043323571720539608762687266e-27	8.336522730404392164218857937038304196494038982961553947936524132576227532802309644665523637090769529241242010417314641649094978768937692901380431019148525475598820514601914421742947511418e-18
38.	8.346757918367604637708388596632522747107650600639362931765832364949538719497681957364882548246972967704202246385222910211208877952042844616817646935058813127621617256070641381599e-27	1.1535461998121823678247470587161630838386370455694015769264653351297888462683381939949888756961970680643393876159593725332054345985236578365452652592867841149670132621579541890039350235055e-17
38.1	1.320853929995622651359231894759271119658494267412719985208583863164360524710921397103117097438466983240726941956188618722714458384838795245699566730202653582468793404836491831248e-26	1.596191695427163582910585146176649785400805251299736167129141472851311910856036827063453877762006625489630061595122079151952431319757241586290664287521311277898478861355531926615831673111e-17
38.2	2.090218896566205902118876857708154315779217690333367873589256211620620660909378588222934755728308193018335992321638003901946865374448552224522313717481298392213344632191525455727e-26	2.208691709933658659917602052934585266227607819465646827044229728806000498260937043330213114141616941418030812371532488799956042241656896391311715887836691899135761468622267566014162803197e-17
38.300000000000004	3.307720074049350112068944166078216963632967177093254778309852416070383861670756963943196350931419286123594263972782886910931502400996170392575174228435417182700584666379253050706e-26	3.056223812907485056277881203793894378592238665582851497697109877039423746508492094757570496014032828511741052005439386962911225603808604259158715609370506973690344317554641189192320975458e-17
38.400000000000006	5.234385821429649551815653676726207845597203768994245237854056705389079096190751314995297727638491026355522078814338302689946840848912571414921961260023646709277776523900531267539e-26	4.228975892187018779887302316534884919183156044910668359513202078962393213390523461031147354536814342731660092621953150940400062307162831480125757594374681610212644796523087541484428590073e-17
38.5	8.283287130740114730919590443768675570366376630716569515150883234539500210355985351340014399356158414892598746259764766018214470018001213773436966219278742914544235742022231656528e-26	5.85174325949811097337900229993817764995741165499361302676903803036270885594511212784896909958502052320144879319644141070556133273886506968814650534799020360914934199171721501452866971859e-17
38.6	1.3108098750655308452733746987252538030496911649587817235858523145393843820678389056732151201416614351086464382307736395067518032300134996028183838646860313641069759469647872111027e-25	8.097208413588952685536305913618600616721572773229787112614460363862287979148696766011869768086926673605665770552850360219457864425009519736979903258072832955295190992895629999521715892943e-17
38.7	2.0743245011272267281421600944803082597934461448173808417408867830223222330769548861247443198444680717252445590370606543387214230503896405702884518282189308015747147742699751603731e-25	1.1204316591756803663651458922571892949626393870388210349496645044428635935240021350671366084493090661855492172325918638050786287953112649715248965941859744066221992759208829439505379062831e-16
38.800000000000004	3.2825677190585890166725340339967606664299280240364204689822708891768777860135075019168776366160096563558215585465813704589832771078777017053879727759708571396687034112224802057743e-25	1.5503702495496808172704705219731388815720353748635895002114683980946889346633587177020416563829797652940073316365444578379810697581441512353372713328521402223944043488171643793808358949701e-16
38.900000000000006	5.1945830825996641996088204320165169774514702505485005325962878905594126341496509342016412562449622466147631608066036328491365791045925686708335646958797611989375821752035483089518e-25	2.1452873908053812835107632299625575275910709874792248943595473972992956346618696383754896190305409481487841810558759639952123528230846379631531279334367038736834823512790987292763169380449e-16
39.	8.220300718112431937068121931714863948547149916120537633393137621336251649525520677425577207080536846027212979061970456222892760296092540102700320510391523451423455215066339414778e-25	2.9684896175512452863960692086946783483628125365089407181991368049360162050563076892827365961920532305023764721947016059259149072385717242978240869328224695791857781442207528988874966692042e-16
39.1	1.30084251037364805598252707311005157125487736163697163847596455494879306570824595100335435914732603979002062362624645369497597333348117443805676837777125843954520585342396239657924e-24	4.1075758181757521181897776626630491267527711904898877206670408120793342047628640543122044714005862323488916923071064049359691216878050757884791288815503706426534805398826001162758847359272e-16
39.2	2.0585515369411833212100931828026212701132317645182325416229153985039501779609259390001754376218173155147520223788191735265285845167478168666391044374358710915508474512258650065106e-24	5.6837588389412426758476268452366795596520233616633517325723254448567399166585094390330102581315603652227550850414793371494797499137455421210277146090184891579043611114100807673572804079104e-16
39.300000000000004	3.25760765442065860463043293748089188094297569442280835965467473238222954954082222087135102726042632927888217606222191718171581911176762295993633655829840457765791671293360111576013e-24	7.8647640285286278951685730220803998743854104608958216145402894774836744633743296514894413112307414241530337885207275072250215730106356738326016009843416502110428535862203267837693551380306e-16
39.400000000000006	5.15508487119589795731156407087602067391657859508348419807906582116189469859303872153763841951186286916206114109961242797141652497925515575038513539913730591952845302247893329341084e-24	1.08826772875465571964868086661015272115925649749433110932251514781052996448939017544786752714450692862675159366761331075690033484235969343588495066044301115041060944913684587060961206997229e-15
39.5	8.15779663432977708870073330183976941960809625738498160789169907432198337410976972692773391343630473890827194315611478452725031455530354146661118295429961156088686611706009691037552e-24	1.5058641876002801973298051490657907834783642818912366321457479238747147023721347205420702978087799868174695100383964601316556772310948207920323234546091479067206982029387731876912346467236e-15
39.6	1.290951549458752683343163916735588562148637217878148120402164717780626779196358843673141587049051703599146180602791651598111422807663725625782661180846640259103988461868385045474404e-23	2.08370320242058425925494840480222466234778121380315478744488690586826665978633640214960465710268239103689143145967046347027753970708504211678744963202835408706893217434752226069968053581092e-15
39.7	2.042899618358975008372655828461557597827092557022081441461499133307336418578585737236583291043796466138966485212635526917048511759533975901261995531014477731168183854971947270511181e-23	2.88327398415447279871697682936474872393991253498799236354634851923956521220996959839366438966388701245418381145917163703858810010172677855658070713897439262158432813143833325939446430628663e-15
39.800000000000004	3.23283939249420632970828518762161790055566067316686577449261636930827612288941678123647468450586020434474267379852493735508320717214059358135772756420884710506611706434171364181518e-23	3.9896607434517051488955581555352399330805259418738810104698543987993874710598058453581768783889409328608866087185696177122504192125829728002722103123463456134532155666138173557746658931834e-15
39.900000000000006	5.11589063780141512217752479069143836671522010283047328777455158664845575806846218566662099937274275384863990977993324992084734055676975900737290578868640257606405396951022095033752e-23	5.52059670198405626996438400696729525008749915988119798247304260512693816899687566570553767173329332825617949005553116089903484057019637044461197732756512822331596842481253581820451917947e-15
40.	8.09577441277076350382224313646120009570415843347695370387854608395582788910580912990888045188487085699559611559909624751784844759904400386423452184250112093187743255972142045919155e-23	7.6389923619394489489891556209453931834553464394288398250887004616403255458694086508619541215603769240017274534289188920885974292553779929404300368571233208536134963031367450490707864662147e-15
40.1	1.281136991483430359936796165375213926608328180697578576702727809051449270936019311493818780588413384217366400767241597276843889599392337267022459274334472711164662756049574473070731e-22	1.05702711963721653801033840494850780135837021047997191567599732472972630057780596143009587031835407541154907219574950397457235534165265446334231267148689040229046298573052228190726850917937e-14
40.2	2.027368876364092737606363490879257866835770715513886216204523645035539387076102880647497703328939338153991214897949253491736165668653822901576968125264286257286126122104359789141223e-22	1.46263574920616853117958548251177393895973707717225529721037200366350030491554273771116618233495766456041490171172909876523007891278141710811662176080188849826106411499918081433078111517199e-14
40.300000000000004	3.208263380345905542877956672060334296987682301616705334809220325114197901950759225012214387144633489322769291464709297407792677570779064649959848575416672864951805437699861811651399e-22	2.02388689477534183176760083375686662072554188102926683148593014281843536690459651131291923294543461048277287561356667753118987234935718619636907854548252523325625236422432764101493281586783e-14
40.400000000000006	5.077001524466939175711992116813007361979703186776723063854138795405656224721115341055809592263028194940781162549226059450817503401457634568086281566562330952120433790805934904872236e-22	2.80050461303609204846447611105791427758803216866968526855108376848864685784272947807994721274764426089692526417991250247996096500870624654787722704984232898250001554864029787847828968290157e-14
40.5	8.03423664830764145049312916448324466440970388133037027179334145579486577905124021964098898377045230051118121567104288978950800692119257626503762682923999283996737270195242368070145e-22	3.87513062507725334785940957982582214863990554961373374031567534060237239988021444371320733519610556383938758055176740957576491434712857722431120322305054422604222861302060506298133041937142e-14
40.6	1.2713993898207754274070181454315055511331059715038785547144397365282580646958189550672545942582812941179795432864389353024023618026642726042485690481287323566703904067307683019143183e-21	5.36211841662768738156305383231296278016004427271986118266711436191890343629112861550217935191265587624590639378210938439490395047515504308286423678248826644710389517801692584794113275974643e-14
40.7	2.011960445351196638298209341518323714242965311364505878252572812848046560914027665171689037879382116879203465915441266744572050146511302046744714935169984430547869043331288664720038e-21	7.41970186188617071038403112294325489107550733995456547664720743596766379806605622078999239459442333366806714325999537866552145266685417522285894130811824704584470398115412393602191105730304e-14
40.800000000000004	3.1838818819717476291014853636611337523031107840797423033158950585657488853384017638097064783115764895903413653942973700585594544874059164373865866645979097028512251900277444436914263e-21	1.026683326286928210428342530756904537318394693073426314013538316730653005397438017277001919486358071300279900992733013523649692465854751636383047509170746868761115720075021410333800719569715e-13
40.900000000000006	5.0384219636165501201501877383724411953302561851525227446977737958253828689156804817843397615496396015360635661788761489689829059160472696663125790160530516051531975119688537315751139e-21	1.420648257971422832210319389633146299094460109851017701498146985540938390368310670656412939857936911315852992679508472892661210861200148577998529544503106723182246833769350024279901357001081e-13
41.	7.9731918951002307729906888923087286903802856017631437572031263093225821251181331078471512414653909889824582193800597277382601029861366099983199149992827242360703570950374196003230617e-21	1.965787717792543954079142459823552092575335770804752399678438195816597431597161357924293239681142483874218916079734198042329758187945550714235728025627045692735677316505043834255986189841178e-13
41.1	1.26174037723848675084756737252382889790314193854302054980572408977156517929576522865353768690470763689741607346379031116387074079310108698012441032406727165491233893581082480857842179e-20	2.720111280002534945780857428672131770993577180949499123148057969405649448751103671812908753023205262957106092197020574846885932729456027087945909437624517340917127487466413447266931757540962e-13
41.2	1.99667741494677118719410643613992216793180156647179476443314334187410190316048984594819965529175899972833984890298703580396873710005340098853216399213429525750417634723207414066919993e-20	3.763888292020486848712847243861989147600278403784714411827786119904516611626194814127449191765979998766030632892376581810565574314576474777719381643524544428671176645264110979277586778792445e-13
41.300000000000004	3.15970070333335167285615738413753709536460338514157451854903250326339941456495497272815473188022535163262543946434590420029727066980692077936252517753748039140262115447964452557930242e-20	5.208189524803446720007680419241592495147349615619714372628985919883362451340225119952092564289821944330436409366035755731004395049320674203130646941710869508733479736901019023152540471278765e-13
41.400000000000006	5.0001628044219656514775360807430921082526991140830835756558307150117544057774615404217047635288432628736465418680369276826246536251522224348975472020186379768237205349965239625867201e-20	7.206706475263455946337577959286114877515846209062008090912513095023485621543234967609578684948482735393157850506343391030665576107393634880792391838269982393442344872413087742016290968503532e-13
41.5	7.9126603326845024846085256798034471615517608624128548415160086280626001099461588851735319337633253517770272205605290189884030520332207883631525456246479208510266686977133972976382869e-20	9.97210604054664756551297410754658683478441985289598920944006619699483960099520696565403534343707660453898666490327851209079931721372167399786462210347596663955464346827756408897694858418804e-13
41.6	1.25216369279248648428356427754099824838606625774702588036692430954121755239576425600453084970993298528715869532604385289322702444663376194850187458741087967054468953407476160350562432e-19	1.379866090359557724510455162400678499175606722998179105763130087778108104344144403891294068388537973373316291469247033650253506619980747180924639769410995942068519640833773132722721353019427e-12
41.7	1.98152669109876970255324034118556230112163120045197465793847718981043996745796498187601022010695812541827341579834289557651072945398031124465103012234626585349854143240827450767523614e-19	1.909356378263900432259656127066499079374393218197772544893177004502411409950097286625645545302995102962505962992726347503333359239896648619708653249306546100048820208557656124107773127411214e-12
41.800000000000004	3.13573256530021142899990100985776118104836095353767487817873994794911135670648913113059027203851189643819059141187992459005087592128290061736585482987407974339955611044901236970513742e-19	2.642025776767278957254326511171631594928098039482610220235734354918642302394775216172013248405312081555783122351650532484534613993936162415427786599021432108603916448164958721451847789125647e-12
41.900000000000006	4.96224742574518587557189216218411503684043721830942995924841915316109987849289984270437981156865634980087815372082403223418846072098048135041267903711029528925708804850069570069614185e-19	3.655839362712185180897975395585131888441693993613080875299005695161635339832827642686841064747563886897972417708015279834007523429921163980830833975169179527164351092315618590986637640225193e-12
42.	7.85268484474306377934257352657274893049245122159671632379152838566163177003347439160155196652190952716128329939463847003950451226024422573120264655974349200409259836923028296431420378e-19	5.058679428294274901353084799858952266595178840351900569857199198493540245716954042039248024068568319810058537398313131856132591848149694731124156519170443576452620322334528796158920297964179e-12
42.1	1.242677189683369077962480455738892820576421774547402926361808643792675850578039715394422799384990666182922096487179411722162647264476550185322386134853342165901110948731236909095533757e-18	6.999825489942443477953798965877334766163262081493043715357830702907656278570032689343840734028291011065210227532920505794323521589364743050269986975876187806459809227554213998072579080823722e-12
42.2	1.966522635005962026031580832924752348374664585982801720096697485644647938074516539313688482359534322555991066396681734161602328383572707931611864398575065309086296490732932856732770327e-18	9.685839473360214164150132798523170423600752153963370725078576930833255986307598856040492884326789921962321302321106515025046967425569844275237128996612318346142333116234488352398644233554742e-12
42.300000000000004	3.112003698644731480818976882440126770847155740100664245998846578941609329747041474821537468423798602295423988726914779969546948900346349507231716206364537920391826414640306736927813946e-18	1.3402546454693726205185248657172202785285400447308552827422329780707401994741333887011170614862894696215775219507934668140947632659086304531578878328333804167301146410687454698638089105736982e-11
42.400000000000006	4.924723688541352063902841811358911599821137042395697074059131976130820180268319314356942410836172467060613737092778925390726057895590972860597655662729505466525239738513333951116490828e-18	1.8545449980279993821605278445828095271925111146079627916347860820220015891316907646223013212934226378076396959463931675762639380804230401041056472528615816036070761830460322620699097785718518e-11
42.5	7.793352680972174868148898085284445842358855776156170341830981078597705240298911677147799045883703313852066975834193417015266944004697407752378707235055905906716544307878233200837301416e-18	2.5661818530807455112780494057755926852097145870216290316696822180647002788418649400861098141076371046890451356854717654356524466303113862155286301096232292992481149019265306365262508206739821e-11
42.6	1.233296761131441117689988127150308717365313332913879769277525301296665693245480082431432564778004667943271102818637921030442827784425371018367683454614334866944643424237779821256055362e-17	3.5508921649694617735586998008230294172691327578892202635061258844040431869676036024645964486676682322953188305002757500948019955018725497140317017823777773375323803495179392813432100898964054e-11
42.7	1.9516941781521372789431884771933624118785551782323022610108460893139978077663610175756663547964231291042842760067852573379945758108424914672724468142378870673541983165101759562103137359e-17	4.9134612779310194066772927158471772242564349456421792205805515164387851746094062826075291748901532948919070744819799882806504217637982766296227216810253445022798112489711884671585165633565019e-11
42.800000000000004	3.0885667389266630797843799345852135148794064630625316638292198488837949228437170787762500264526905731438244793762770731613589971347356927992986699731418367234484731052490757219941488924e-17	6.7988833814487723777746247759738029756759083757388950510481923446627580527895240152214906321823096743473619264023366251346683794039021000260095791434703382707860016389247228990582783038992991e-11
42.900000000000006	4.8876873058131970599381953743539654728927815306921418434021763774384413635467864944966238614152900911306260439533996870388259929539320535093443982536908301082172171505483891497557862052e-17	9.4077906835575652812328436871154683372333194725583755321328483491098784123847383882238496385249056024915031870052066558802228008163643327887766548950024894474522919429750280153968695476308223e-11
43.	7.7348378114524410029081832761283568666874148177601103177825728684442056795660126511245490886132251842749974369665330832500734353837616105437786649782405451499622548279012576918682897133e-17	1.30178031567843553523138082207428222822617731190193352418165411133096293239730969896619167208211962723315609787593242566048403340296659177371001976429184094664369650678273618470755018084778855e-10
43.1	1.22405401644028019835530911702726677613059245494477496422801957330440381121348773700978092424284493291792824005310994128897371423073641233131567243492433792507474861203987600004912043462e-16	1.80130707334893693306271437651354941099853247932090698394432623672264420724233726081631964153988566562268123896211050700742770967525750747712469848794371461313100832528541048567296321464441821e-10
43.2	1.9370987339629706494463669742268333314095174444300845667462634955053703810359771663838839601827721697472129488663089972959726134208904971310886536353333594682061474069418226852946643118e-16	2.4925151605214598820601125316963351292021329982489751782822642622217919032776382976285621717761482530057584499592153355679695126489926696193290145195036163607762912250967188230584325268473274e-10
43.300000000000004	3.0655259391795523229955164194379255677956801200685077925368012510098257927448176044025676190141646023673647084547679248935496592425691063483364827775254316202690310194996621695078213603e-16	3.4489576582181389311254290968173009214871036110651503450764530748524165328763113742425119229863105435505256324229046349754311618969810889196281793608389063183447038403758329625398097238714189e-10
43.400000000000006	4.8513275366305580849342456294763012702829328334835127630899036084230656167357619986599971257845922294610221142126968154298854136476919085010088137741211249320191635426258186742201224625e-16	4.7724118659695243583066036371408673664523649890916271571992615617287584433833495692197536868472434907502919977149390994119418395811432742703580191925226298155182848371636686810835879095752023e-10
43.5	7.6774837398514306107787223442036663886700209842593906042113882899630237215782852759842085613511440032682836178922931603360721088070076364826344413685808977306024860061485841850260216276e-16	6.6037096640419791749163685899142921885960429952736417778853531287464047387782059726385242132080776624073675900984101305275273934121323738066144306829067571820570025360553062374071958940402747e-10
43.6	1.21501128958274174217852306658427090209510011786464783893517916088976839463115519358538076775674334838134310849354946538993927648704399269541283396649873148960562822865789270874619263784e-15	9.1377237656126278442478096438995026404866991535556557338008178842384786300402291170110994192100001797007974132404369945047871974571535507550576654480576541828829622662066564618462711626158086e-10
43.7	1.92284939849841684763704702925383897935146111330668950188905297920990565801107573395340101680143061664371477816096180699001639738442378963425775834326365799307142559823897574215771073247e-15	1.26441045812929663334795276990312745831816768078635623726562031762908854294618854255041982078418798819645258791098611496767676366407051176360666022493592775962145445424783019988682662299154071e-9
43.800000000000004	3.04308646686922167100414642339898803140239156488713135182080477719590193515858290043832872124937535113047825321517446664690001816871293327111190417507761895086985093530032789814014737597e-15	1.74959743546105392615721641742795805213660942991743121999166820212883694291833062677936039171048164921691257980782598844832717598405352761335909598139941311790396022858892455053642684702847622e-9
43.900000000000006	4.8160165290782483889067922647174481950213381199348319098390154519353432900587970948376199690271002951260513356635167875954737899285154715710591899241315229587325675923372946241354301938e-15	2.42096319790078362979824361072512989647695481916281008858108341521481396909515304117457298903602678704418705034402585946480155479461734642896053234189341306752906540731452884695576198797655881e-9
44.	7.62196542339543648916167838072823575926199182620589796637206435378965659296061227323494934856363215811101507848302826959279986602085837154935408843896497645680416522594153532576796846331e-15	3.34994935794786520499153727478847406855427723114528129101637333650991166315932593571664813832984482477941241532238058533461793288427431508019385019598432039175068829875969583818634822505970018e-9
44.1	1.206290984635915120714256342765107198127736012092607594738604460109465828325742220457386912615197844865649544275612103206426272132935216366926825870591570546512361662727844694448670834101e-14	4.63541152155722436951274077453262386952721285444913135088061025627277847551402530097566284320895043983197831791851603355159103696491516258524655095305626690996228823308317423714916280890950612e-9
44.2	1.909168134413046449705265748303015156719354085812292850971166738394924547634020461342336018815897201910572399142050245153441633442749939802714526061238307506265158649370807046364163377002e-14	6.41413874606992316925137317144514026333457538298411968710021922895511704987964479950867204822692673064226568879690800550289965336957701386566194356263511349497957215967214164048638957284560606e-9
44.300000000000004	3.021650791409990783214000459625880997301816693449075773426235042993731682983444120413445473106751577313409633393383139042693105329090116029826171196635264776743477386513295457394333857969e-14	8.87540958607585482144030681510389733216302906339172185917194845165171531406149551203792173769385390301282671639421735565065492176191431679635472761191415116234329890289840838949221293537588312e-9
44.400000000000006	4.782484007381341305335179578422520800787748179734474113055573785858015738186553713939872439179327954563208435806175478098183804166523019226630888691268094106980816011898736051852860987347e-14	1.228113367034241268913475351000521294750442161580512498898100765423366544638290228260975731234814031247879069830214136151860198920772470827142489910173949983455668820324029371562245795158014611e-8
44.5	7.569605865645532583289789107626049566283968823443552951215409675407102674614294759364730158663149822127057461456842015127603900214558062430942953275772610872097472792622748422136260625243e-14	1.699372212246308167744944092086710176640395531117983401304056950851746480275790279495574218891870966174755998367970827767064553171373998935594634540501311573180522722159029821683546609525603686e-8
44.6	1.1981329532120828624894820168798141956338538286336657870948883663817994838058514002966525774236481161650815922571354888554696375584182235229598885274438470452307676453012838185754776878082e-13	2.351465258234906830585928709356771433122958455916070455851930529503906586066713467123814703605344276561311652906144255917430693934496418977812061995118126325193581675570106915662928578928146494e-8
44.7	1.8964897584693413039845558378462684403793410242542022839035848663963811365868903396687605995647922461795733963529107186047621482314377880726586715175608251924825320370873751149333315005217e-13	3.253783262335896234001150971465810951875169649886815748945153469069512026973318139310536707574684027552499741880203094298470944662744916593335522764736276367760876110139101995376430448717188163e-8
44.800000000000004	3.0020071450742887476250258829912814433937372492834531019276304604154788414988525591449405637968965518726354826451336949985173858346832902238555584242031298445444924201930771619452345779481e-13	4.502344009200585670250060312904027002329499276243374963199949402425563892212989217985169624709229924571275154570381529414413698507355058520358548414162065396862014140595426280668205926278102016e-8
44.900000000000006	4.752158827473450494065434027641909023020105455351710109514329907196887831857287925911364384987058371888294216803700618571969240007439739921781542828625231229504627185779086537130478396054e-13	6.2300097894755856834133037172262330776069501254599085908955624753793437799717802323779715949828878939342792460702739525209945669299081586302995828062791142730219310524221442534422409270417904e-8
45.	7.522995131898567473097270060783861206991521499459537461037068237427915357026829197219362221389700295235272912702959217902089861933262611541110442685945955345288697225585490053689490262602e-13	8.62062558917020459663608304313876359799297907752030972667247609122223915374907968089838611674211083824883168407031978520840074850736489030783021718127290563681278350673544518730712986077210264e-8
45.1	1.1910066812009315483846567976797576039479317082102892065721320801972689707937961099229759032895294789512572466854532688768295702801992937863935565888323178539876356374779329677533091906219e-12	1.192858246775114098353363584917912303924839970930948444525188369730510369533623569160999987005374152245878660445427880232810218537430430693045307924400371941066424336531930729600034349532001481e-7
45.2	1.8856652622477534442057457025567001097295567000026882475264682571781802079924656054526527423634445390983261056848957056348261055836646209254965441722862412434176092577786212442419862132441e-12	1.650588791011828440505333659773379683388856818618361413688231544299575806128950660058337420331656293212295820273293511904623561975041091923977969380589370656115592277610247701629606712579038259e-7
45.300000000000004	2.9856980095914571231025099608092508321457799905210429123024265311902343530797015259133313219658881749753979129953883641039217552547944568864233828694195853586816543901182630163525701840774e-12	2.283962377239234519317192140610266540242679158738905694869030619136575289390840182402964424882179849681746767860629404220403191272149753401711108221223010467766133774784882566024309401908441592e-7
45.400000000000006	4.7278368006212147029261780826689348930924162140107539998536188669109065439564298904064069032381246423817472585547208661519063691582209466645430515964306368127354293156100372218289660135489e-12	3.160377780977543577717580805612002362293419627091622564443172690642315150862199645276886483065345126202004339417471434959992177234124376867286880700077578957713957978400388602566487727710855958e-7
45.5	7.4872006737853028435587887376012796950644193862506566472508055590207217766499533038372962834008818978188263295389156427355761801522522645821813718602475100935298390464210841429505394621189e-12	4.373096430147788392247976745268484603312047834399656564914281162495215042282876516105138437806606037675533150386694678253983700695200744993129094475773583311931886982717102095831880847619787495e-7
45.6	1.18583064094399164139660383147144325526299414820010074099651402395798028432577047157021262049002480701015631265597294244052266632914380964858956883779741998459264434010837748540000684785826e-11	6.051166573338158086239727489126386870261221226184282964419083984848646263636129049756280514212023900648936196654486267335394648929017858465218533698743136838304654438632446420092713633498439677e-7
45.7	1.87835935324456149063207766704012901178773459791576616530600150455682985137096080197825943657636601337976708265951840907818516129617808173906291639316857149992677771520863286389731976574739e-11	8.373155607970287086701255165337081339150186751643036710501101278962095097251661035724379508627430717225280246028409831651529890616194245876240983546788830838753118760988343443704132046889170329e-7
45.800000000000004	2.97574059647882264985172367813129485911265087236280083134354388005305787192850129191044163605884688784773465273981338609692346757197022534525101090242088160001889208115132827080884579346174e-11	1.1586151857758697614238594502471404597146142002207526556112395193586670023902886096699211875729789087456342605223145506509131016422057078961315583946399524205564132940064531909769554483959981312e-6
45.900000000000006	4.71498645004793459583562541187069453867537668185278065802760132131286028539459829658341972939092670228353135467800301352395508303284635562526646630533515539863267192232393580745787655569577e-11	1.60320578233706125275077945274822479452024175291134668498593625812929834798942544681277061325259545763100041225741018834780103903940556396910400946104474100381038538570091863677002815596072254e-6
46.	7.47213380668546817879968255720727869173525437415261981128115262454244747734512438975354120928914920814161778662354472851019465616649480881708204553223887095152007267372533256999063347993776e-11	2.2183972833035237779220029520614141972818651928342196676567749955226111513527345265924033552773974000804582659143215860490741434233347682463282208353519255562457455741960126141490081306288068335e-6
46.1	1.184401177874568419512530033121968772678838145692129576951314780204576924262753515456049281060989410957920222189593155731747877466016313516845371235040454446136808170743783527925547044609278e-10	3.0696536656670844031819066826361310868563656295778894597393420589238723737814040849621848694654541917954002015535975524374120717933767768957426065288366573626180243189960965393714060384087250936e-6
46.2	1.877827744213728121006623207767813559029955955792197801605822661409652102071210385450070842858173934658904942418495688330475218168429493611692957824796872828717606485329925450933094314643462e-10	4.2475591266118099152072831013323059639848475720329649585311730917200889484843024727622042595642100854362768071064286776518850605084989682150659337140424073725962094970956807298043670641666842889e-6
46.300000000000004	2.978035561488690758035720080179273858469079275919783974698640493288289818014223196520033143679667424743337239052907513435396562732869864117441072771811260054069039744532567095082686054901898e-10	5.8774573613509440111390270060474739877750420767747671658997491010599223710438605300602181825323320467611463010288281778999764506712666942739942612414327283819399194813078101460141787822336080326e-6
46.400000000000006	4.724302084416513163532610821757692751063352715592163559192468600730137336153857352640581045176061890481623216559963195078072225722813960285256827662373614731382490687819580369392055404455967e-10	8.1327896810424077204198152721327125981606204606631786290225329223574795586727383770356647324719989183741492959491855881954049676437744999880656132047528847861548093679982726813376818894659459798e-6
46.5	7.497176755501218525308165071040449935596303088905593493738686320810482085472887298830162610250863058492977580091268705555836264914245264299429091851086147784894833986837607590099018166475971e-10	0.0000112535513113354492383872887427537390485699680272296009281392079947972779073074433673044052156997630620052244535627780466709004247851089223632167467095230278151464998388144186762665672644868064551
46.6	1.190231090471097506980648009303954516681795545782463715629180999806549304175965731137000093893735253464805305382791024976307549914664063673204401234498023442211336747724884706668805201705109e-9	0.0000155718298497613263485771360592622923270488705467174724241916069588343267008368276739348148232719763098885542020098546137040748913207696480688481376778159756434451454513541751453136115608935065038
46.7	1.890436949709460552121864864301433685275112449956093815655602913684406925607974842531318615281385526868161190245084606746805974775509362353687368811695900532499324304678414985802020466350088e-9	0.000021547143489391038374495728579602431911011688187406584655373399518441209652954499510722573968706854142119651905517190589042323771668862869068516478413849823401714029694834767089657479091132261416
46.800000000000004	3.004121403698705081776380488314890080466266870905650968751351731866209865476280943647370818627206304539766187321205080313986985372283917178891623989876079641051523669699547198469738077142158e-9	0.000029815339432404084363564674145397601719597243172510741158004577120181649175976954503084357223202054926767118633122616691019869552600301884845114273189322300778437352965185406173932629704160730079
46.900000000000006	4.776695732917321569270326794622201708084932293749721219358690926502148891154889281412509937760844172741857221366507291810818022798906935606804900116279170359366554341891054080054090407828134e-9	0.000041256255888977435780099556867483105636640817687115316352205535440293907733379586544005824159181547785456258997382181015543650298879671622339381929811898034546073250834374931001794166258730209851
47.	7.600229808055846425667477845420643298924231042812580540307079180095595347638094027595198824705343206359257646969420826538457419164772853589214912106452050500062550380726152367773491183738313e-9	0.000057087347734243711058187767777457953026228951351669695072579553243273210998843415068126048639611241550553984815950348122633542152338199447288561351327040571612766016961080618595033120576898271622
47.1	1.2101893000768481613698491029639805976253316898039486225010092514662767943037539985236260010903239078577141601885428283019678144158224556769178809806798204720546234971773171359210045686543422e-8	0.00007899323875013254588339628312071748691260899377995341010804393148735385282388114078981779796883028258819516716903769606560708270173120260178512233805689042027968460205548725359068177481385825124
47.2	1.9286359723831282686739080719511485746505557710443746187783119043979072855252848874023529693357171023294149861880482847977298735688466851360954798485568961402508021332347942590808308930076413e-8	0.000109304986411531968636049342061588069696505128440619237671886820043257330999562962713213110023625225470044680519117112346491613590632283190032793949251582425020198181560297097402927212094925689566
47.300000000000004	3.0765602955639431826746167176644040537481578337762319295479733764505527040162416625303387191377727106184592951009763967726577030981924828116598268114131059224296188300785547004597809746837755e-8	0.000151248135205341869412599116098863861035724149472936851526690825592605978525244026241457947399137246376679977407546463356469857719537975351599791395614063328812308655716792214064953072034600155451
47.400000000000006	4.9130584294702820257240907143189430469463940289995476306366675220672639623049547582263022201921520468110935618807756841016310045437619163624263563762628908994134081853474309024186608838024474e-8	0.000209285954421198820225242991195503737300992333451896236854360739357015118212698730022454866251679332948280323694627890778963119465904789750490787841521981886121041460109760413711832222107811900034
47.5	7.8554029563917330639620566170344867626129304073469789118903534793176368734926273811163761788640961651668423748495693902929874988017955501751087146803617802608516155896742208195856514492805448e-8	0.000289594385157276672657220933000594728846996669006745429473957021618555830856828866096220617922387534318609704577901036990855390873459084986549778574290675815367681768139863741087644070762647178296
47.6	1.25770741146180608756537679884391991879623123565088236575868533655130455657339844551892747741493341943442440271434390828812826006570308821836691484489942822819651911054190651354075644289311773e-7	0.00040071923677398634924848299158551222997906716256978272381303000497200279611175163438356115535726947426516136786529340763866004810688973756812954842952576405935842778317070381548483338061362325764
47.7	2.01676830566046341722389326919517908286093985911012952112996689634947537472194846111662309298468962900297840318110071451605797341741472559431124643543275791549515093549146807048470573523255189e-7	0.000554485566624715419539146763311190787218616112507074787795015423587474081606625890162547472180323030304634755075486233277576213874674397047229293116089694395046736693777609573021558545758118874252
47.800000000000004	3.23947308033156549373699719604909964603580516440499099441021816005724152014570143241790207255656919965969616823059243130606424664531376267544811920293227175192064555412215005600536430730120238e-7	0.00076725601231601161043781916967572985513147929649344561802310705491809013179347944193020287873667922127957079846307189738264671746665959734203807761662866637721573155197383644955365641691066825122
47.900000000000006	5.21335769146108323738815080109511646668036690904090479121265418506963953727233870904271444537943558194879448310635082784312252254544977618261990113020767167126436300886552917180683191432237129e-7	0.001061671978624115308608136765756726314546521628748759621631590629683514902838470299177999874360401735202494380057614793532731376516824096342457593819011258146432491160833446072463796699131692973666
48.	8.40763903701520723427283516977515074611178477433266736490158777031284465144890004772617597698984370952784511218458846159417937743093051033631110894604033415282381820351778922916076288330412345e-7	0.00146906296292477502185504275567787702852059444423335558814225106075238075995071801265817639510884354953755935069458438439880491240963567573585892397671865393137094490211999152801369957306693165679
48.1	1.359057825884463682649737686898114612837898321198463693639416727244817547685864286328896395469662848523636799580927182425410750879220727781737413278612549360157183487857254260642658926426224385e-6	0.002032780401245623812096727215195023276401876872450553918962266896592784504298715338469920624175738522486570434180793508783038093421815847973860794597695017769678488133440337750162636387289273082927
48.2	2.202458655953130469964708592117192454138580988502623014738300490714302024471128792633269722455914716555262051969160771075524129860424803685341634416760517432257272146936915480730428187166015111e-6	0.00281281079759050053891174912702279564489757547581389041277788395780520950789073964242810631471205426493840268002177125430998174061317818970200303501394281879965729849409924104224896341904291037943
48.300000000000004	3.57919908733062036351891844717371157205234909023713024976395149027370000665055899880943370357958674726721562780457518559373959649724217726900064799428500472096758099712707442581265649712254998e-6	0.003892159030986472479571885863529645655872273260901484919268237275688861525747671384790216535861994729785391941068591051943344494148390410721767013770226209029189659460078107496028595135730984291955
48.400000000000006	5.83414240144104898081312949216092481448031803264267515324058177069646452326783352549593700563214813512429495518942186926010911435538269612502370673958222357125534284508566539091987915776074647e-6	0.00538568110401529848011466435526265167931406088867156443864659236911272193918821361951774186527676738309482627297964875211669317554866662088499334304212347113161577380771299980055089634184183944224
48.5	9.5408524663670906942142907858007507393816903240663414181579674995510929299926286253086620184855350680911205381885724835832927872958127779967984305313810228695436024161838685704455024733362811e-6	0.00745230624853188671543868935041805013489668746622444615818877969765312637705775978907180994297986497761744691179249508503362239449738234115302921147621975682196608106448188798935730926951567883726
48.6	0.00001565747659083934774372042304789842465606142412101299353689115665122022850481591695112729657464663340731341809964780102278893669423260467361950617483174754037403627481852940203208607462667361237	0.01031194897605547770849558698203215409925295133189686485549770936075751790187004337090352092345303564821757038138409422564738597642184013779359576245936337351200685943033109170057193409490659819458
48.7	0.00002579195358055123483739003223926658309267353733331904997656108296110002181749409644581185724235145339675574219034947380028218850187023357492757755647049386776602709142652725003676521806281283675	0.01426891073319973975355724778832484641999061662001323855811254465103435642176202981765029674307052248956418971541539376108679114237910070958740806413696615951915542777609752608426376705501624774465
48.800000000000004	0.00004265546398316351033320676559436932848742655972101856245924107630931454910942016525152343051390278618156070019674761735410561953435236455451414628946031538786793203373851782414356704679037773137	0.01974426140682247797179585830166192057764247200218348231430569434845159188521157940399744001205043493651112100635437140959629215342244949461135245945019614195105588064874573997074351891102693651504
48.900000000000006	0.00007084170041443157828739250682330941850193010802462042541719594320059034614244086431039133337981155921696453264813532621854991832887722033491534415025800850855137692921557994224202123075699339879	0.02732064651211611151480634695724779062047380362599857545133246774548204824055823903075766051631928403603426411008082486295382979670479026964618641548287365646932034201806118308546913917660403047843
49.	0.00011817320828314363448940371296105047041925681445535858470767787075840068511255754223753086885906303349394664629194240660351235782398667919812117068184630390319317615369921615639897271595703007355	0.03780428818948591595185764289339832117976437369737503570908701907840015433915742955685126000320496485308412860601214512446861848346481063019108572132822090345222499646846338583989501133206505851861
49.1	0.0001980406525471367633750841416670525282415788473661533265525294513346471207327115069139094787349589599235790108142920820880569419843087170791512012789634168045323976769944420245791852164615286356	0.05231077787152414307729417179415074223463154933613915480298359967778635094216366670653169078047496492619254328691241181152613727156888440060289077498909630813766344207688271310129456653359705340449
49.2	0.00033349263908731471111667657998247601919983107171657699058766218708133063089441124004078080458296966229273675970102331256558042300311708069295063216580538658036307851059998970485454470970481989931	0.07238379043790403924113489412204840568552259464707196724296207899825804031505134575213154412531968179255385936669526507155773546258372951127361763798376226021277908681180431826457224808296471624865
49.300000000000004	0.00056443703241979677115530182679914626494307612736224427134520351072143578112524255778941019847428593209437254516503230984297385631987025233495310196965843635352344199844089511128202589907237647543	0.10015935346189205201699677738634117503860672505797716625717453790516839495075140362207210464709110464022268487150939411628487170000562859205171906284444881646000300452900730222019912577919781663258
49.400000000000006	0.00096042864410137200901166783176180772547146309961517792396614619472505381174595439967090848372158625386708435002088889497061523312071180259263637999588800361475214382441278847163383592202662644383	0.13859315407248830885812631438780633463418612881196377616318107440917578102415750342807846403843714624459554956421993137344518544729635078768318176645607536760965449102166060080638507845154674406059
49.5	0.00164361595194287674604373592402980991184530359214445537199735084035830077378031488309309688988213148521581623926935681473552031747141642211942273873422715713295354474874169878107869352009629097751	0.19177507725253670763411605054737540196353350832384041609467745068272697401566711896021867903561865491409062541195407151855357365484445745230974814513686339505172159276897436406902669653590677936899
49.6	0.00283047114495721622685232788240199300780828273390863788657585350882367726166085103543594409316536780146428876905561724292722516869205336815754879963723917545714345287674878585661165626501759688212	0.26536446084749891031282642298445659988603400948512193943650092283802028309286470751084337224548389863935432498993536981390016987808049677984842200139476011241862189185740654400125864597755647417625
49.7	0.00490900089356161771408685196096897796908845821565703119652538516463233300393990999608806254071807357620019167787258241766645885464060148797036263662334145048599255981155668129415933899389808358002	0.36719242376959385028717578293117426676417280170945986345403737130095415167605597299331192788474932997996024815987577891246510202932983492071071751582208618867483630225395771740490152085340183999662
49.800000000000004	0.0085848211318636372410953936676971514692543264391163105332096028324868924295200763244781039060361406899790281917266622599239228223208696405017260160356735412254523999842559288727913656982106077699	0.50809547833333196502728942640253882690028216418665503165431088290277716799056976261908369445815070185395929623888304413250236122901934826177284224156788084445611026892506541493314174414500114251
49.900000000000006	0.0151653850175153014126691070215543042688676839477807847275421938778119146475761821249968185752793510291453285137434835208539874213205116149823671742712828064680491483428420134276709985295906166532	0.7030694833671759278680390917907046744041154873840199585889581649965250125145624426898480745842208089153687800831667025395229068448482101927892844836689716756047201715743522113830969107681626213752
50.	0.0271321722776496058436384605342960772823908591464836927241261645792026339639218958931513493312832071727344537184594179711384522282507305119924121668875352900891376696300808710292558104341434873715	0.9728678277223503941563615394657039227176084523320847043484654663155128011175307302832063551325681158426894565736778672752117316724296574820433498199811745926070011078748076593986226281196059222796