0.	0.9485026016300668015856368552184394190971992601212023580062633659329552768291384045246972359488410645515719059362917019018479202230133312650837074462908006079157945744393247957363203730168966590217	0.0514973983699331984143631447815605809028008274227974135633986304482062901410780422410469005225381037939361868218092532580658633607994884941806486251974766728771081028528509059930792637642882574254
0.1	0.8302161329047717601318281878332986899171147127865311609576658937056345927932958331397754739474974425219697862628771032754934129819769125318805661407238504871569903104566117566506848455535296327804	0.03146038033847418272034636365697530921052545351698249447825298328643137471729695649948648391246433245995768416780458741060639500473783160821467847228332928028339823486070314951052631917774471249654
0.2	0.72672200516531980949415678888967617177256355474896003372229569671451863836701623216792333851202614919123771233644924760567633406390222398439146328915289113733769488148437273397254587816148704750257	0.01994774301417156091034687337034311676265877441060212778057058104119749796091792842853480391465457916585045711995641106887346455009023262369395118983372145297999771616160207197384426336086927641657
0.30000000000000004	0.63614601330309990058357444592962381338541957140162319239183597711539327617977972548046049530114011738642093973089564135169295171006716513557607885802605640881892790763019006918971237088625431597815	0.01307166494441834634407374355249164407796554878746314233526276240762996408091020482007130239715431477291717080515085499877706855482604406193158518155580982938059590764943517249925150007022764020334
0.4	0.55686586918558992315862366425854350090882108692359939059896245090238862186456445906475890810223158545258353978731844851963156184762562197401711240759158284554631361720920867397003568768605839996356	0.00880444581369641454053728944737505240193374744619473647825662002042703179209854279719328716708887355821371751069248438452253802616265417087126323154130938845701308914905823190217626560839419261836
0.5	0.48746884797617233025569319712416631549755398057307492860367428007205356616871755205671864762549690156881957686115754315807269069977101079825863111362774299573298016956806363026834459057987592546972	0.00606087311689091669556444298330186786548596297001199835979117422307328208100269947547634921046756966190091328925029553375181553771999008646423259323521559391903579600419170830491281819287396176933
0.6000000000000001	0.42672127532508864881532622916031124806206054137387590197512818041367826121056889126107300164395786262152295131163909970125154503650272772953351387126711309453557753063632496919332742013188800429946	0.00424202574282190496592488738626004008853405293940623887551726725555195199939212703800989454532355091969958987142821415996947949128446904399059149981783781176706851080673960780225006797203303816816
0.7000000000000001	0.37354443699016525448993092876307629154028745876363871784807483352590417381931692845868769759204970027551823213409017581897078995584535063190105435243487329640487313908829284895413684775656811938327	0.00300560179276040534254918720711923938841424522154588170578202183332867555446594145824833865004111832184534575954166236918209775885217463848478220575970068151129087729568080876138715836328999268989
0.8	0.32699454541539658286916744988254039044834525980748306513428517183538238401441891700361903827453196542582147377379770280581349927939559938273662588185252659142438275462460912069667264118774353433987	0.00214847443013773091731054777329384156325153287793708807514073808571698040859135038316885347199772791204896261550415747396626254734945823161290244375404855027392937908447945855686934460299367215512
0.9	0.28624563035475445347057900379967327621929304302136604432699364858345605373268518292247212557190860963169537884758674825450290398746666888082992178050466253005489560769137872421613730106800557309284	0.00154545851196370534515820299813790766238846380572438198719085506448153146808256731078262606528301678377606046206138261368248118447619259786682373460242309706736315997358379781583395676259137134174
1.	0.2505747358065877594874460738693209471108489562566087167659968006534322533050936511993119360775877474339819924544677948620452385038649014686414821021098225792928712479358570463222641532350459819719	0.00111660946300373564191327649536809812427072608985723375583329851254854643364156072203558461761125976757289010326987597713699051979148595843479625645261057846571436539281272822392883528975583341157
1.1	0.21934903293371520592968468265431142457686222552858415301719739375470188481987544361815617946976599879237920269236334792057654194353154121644881714276175653183428395094688249610123116510937789242507	0.00080924808590710776426697309040608194515616725748920667031933445191881350836069126732680258069209274286929201259567026051715808786627890844471695291830974845811696500990102247312685454960332276187
1.2000000000000002	0.19201456819551079745468344408910853519992205411593411645735218582383555706227249777823811460701507413762595391015877988017920049162937192830471506979935144489780305014029006550476550435122401242824	0.00058774526177746630616245689612526689633223811129170507420319026566790011846815931439543220440954322194470997729732965398939072961423939771990145471707947512377360878582531808561242799242513348151
1.3	0.16808642570229100307774104456736558205367705816377473228138387767120503116290300904340412188791503612847520215399432753531797845509223664111552192314917189439372819156366882551506509359893866626846	0.00042750144833637003281464734908769004801413626588206789253319127367767186373791331990804235841477909224876934529283308103391500282908336717368372404100667172448080063399833913129383176974235748093
1.4000000000000001	0.147140120478786647654248201531501318456156390591301126331269038316234587138151870559570486746723668105510772584532936401766357772615531951950007226549886555624083440244700406929036029979339494672702	0.000311263583288021965248555116122473963495814169386626339343781593366589892234297164487805018719767621523223425679016205787810284204240528816966205295950684316860828670231431555608094146225099417681
1.5	0.128804066327164799638891050503953587694651259373197718416661786710916972500441084241674446376398785994730435055556749642126830305274231349106302194870512938621269216610459901986790684386844468864133	0.000226789944452690951049647639422131989075088711787930562199383001667819369537486649938001601518096715947463067990559395087888547878797784478785570961984069443241896364564776929642845680397096061673
1.6	0.112752983170988605169514843139293489598299933525924416407436465390866576496905757573250839429235037137433866221680590585657547886091273471664290414433856084719069661033068179252894508127370311263951	0.000165321418936668376716431554653854933130763468858957044991386672871760977006480752279058450021317692737099163875642337646297680834779363734533324339414195654296828474402601675195709593221289353046
1.7000000000000002	0.098702126306071175777935434641849165940420829547351884480939872505558914456129339340377357770178649813252944216995172111645967659092370495617496830554621352212669260746971704466233925449879245176434	0.000120553241084485409422179493927295919538028445557758786547463878998415148263938831404813959662714822808137225836382622996293115617916732902375486288863616258216619200282010711073041947554125478893
1.8	0.086402234928064891015422077200803898930549207962503570523943760102946681385838105671172886250635113691729654310382576884509409914060843148073224552279618368773891290788462088560187576946524531855202	0.000087928174446744669003801477565206901373187329704574164605739119987656824300460215063121926264365060416747211174941990039327723746159230304379202808462359336166579928930906352715018100412677336125
1.9000000000000001	0.075635110217120990308487754348032808728608468948158584938355258980561114071509115877906080051443334533763628526977602697396080022948865589547863370563105239790874092123946975966177333189873882549265	0.000064142461808960452929872255720189849190319714891293016428780486970751096571520626468191176401471616236213787573895226626985955126824539732928866337151417165502867630976972250473687523120352089135
2.	0.066209744490753490887419767173968213975695478371410496230520718638829979911388094279514604560344511885204256963819404309259218119419480356174486187528814350305504875796601904450423242288595851366456	0.000046796165290593332969251138253193224878085126005287088054341441813820980255123843397125587883705156941126459917331610249316836832531204085725153815687622170625682038142622252765490461324496233145
2.1	0.057958932737926999548645134579383581850097127226770295194564368255661318252738362143913932305418809250717405459483769083033015393207111146702684711505626573515215636788865113736633361545569728778381	0.000034143442608667404198693458323321690349753640925186910021987690019264025263706069795130574525907854999279178908265486830231131567737389955002269444475308988268102234503078519370266768484068561434
2.2	0.050736306415600017200480132351891459234859149590225224298565337678746797620245046297797459190423750622216750538336087789084167249271096389334547080627256872016130196469905712321341764261325644003511	0.000024913035793814249794813678967738864453503979726599285661087800176723396710385521546240888475685336923223984835343059190756549488845458404655594916545022772432788859560204015550637093995307793456
2.3000000000000003	0.044413736884355468169272068205509022920648567956943111054597727912748641795734482608504566396756568179809307402173169850396820933767244850557350852618426509996229706729032341351310115218088087800411	0.000018178638358155133969331168444385066800083291741188236076694627520861949336913000031504434665965734684067860363920477559230162541508730207923966903930588385368159371665741083163130171561498108891
2.4000000000000004	0.038879062418989207145791409871835793765040415488428740098099344955776472198380025851946828944014452167821471225014040066989636135425419454706259255521192078879536170239118005263543163462560570416359	0.000013264980614864389427149806937376648855311775738659488104374965239416458473712099918448779461712490073626587597236810539278489258929114677832521748032648553618821573412269072726881800689068514309
2.5	0.034034098470898007497209358232947828214123084384791837396651014773748534911341623870147326188475909240017502210055822958046362674954735018716170439256245009286936309108785238932701757721720291582705	9.679639189663776601583850125312536810417848999745049881707934500789791590717959301096304029355111355518941228854322380257164692378025443251894183758876342097237459177334404612057723745142710559e-6
2.6	0.029792895884293678143379811084026446240409959252373348024646670981670358942109473810675034636074640086748125197154484713411503843649193566821093476666891952109405044649878663453767876649731507243908	7.063447676023240812281695678329332661178977285175750326209608930796855793431583506766597894184363875108408095422758638344489490271961815920128041949788182025266383105659599270590324844933298172e-6
2.7	0.026080216167081953249611276303145808721008382530151558166787425393914679844675346443984262552954820895006638021071955166716802108074636659681960036935466121430492124075822157981070804861928932880664	5.154395614014514914183097935997232796660906790511363543482696661993336857322305530923263294669685031495695243001998990598206952086616905135192147862623297046287654623059979208748159240472888578e-6
2.8000000000000003	0.022830196767829198311362943880057495529616994099275469498056969049011001761359192569514335602712914483802885511666187473126452228428845545656042413741021104323470405751542797563609572381577669677506	3.761327453703278861664667387981273616786887632757168226111247938094131998971435260978687696343064157770063340356181392128190147817973877874452950520629442177964158495012204639256095885507519616e-6
2.9000000000000004	0.019985182680952129072298744097212203808696954365608967859892199554393899353008745785149078385126921667602856066297292521716930229675968339815462460374993557989946653645225883769635033353556470862465	2.744771386248165933105170602164440385319343612592294077658740398237428544104525966391550757386783285003812883124309011390825836978851651115046968363594214135394768826105595552770410611990984924e-6
3.	0.017494703652921109330572327125408196433292819232074218842528831943821239552904170798654863430803400407891570955225124444068901103054452643733456036259781909396032893753166245264772940913236149133287	2.002960295040535938593185762662645085178390448242841703216558015757725205474825547186835873867315302676177617456034657835665433176107521994340835676002789724440108345658507331616066135034300054e-6
3.1	0.0153145788452186007411313118668079515547565806627507852006112497218903858667141549758774417274397494859724784907026517503426010542125153941914426761144854706639786893047907720659567014299860669808563	1.4616361671094703428362374987474282969483386205542955729374102426218342472836708910886002543673940371107279454682316991985406295048216409668854082660104899458730035706857110269512233276109575832e-6
3.2	0.0134061330708656523111733259580631370896083522287274198579806094724957969705997596633280427941217390024627463563085142117171200706286358199158612058770820068874606587894472729556801689296385469626701	1.0666127164825120569735604476569700435500955594414629672657087793219269280124726693403303866907110150506824733239339527414502109402027413619144868520157295409485596661464376563418357606522821008e-6
3.3000000000000003	0.0117355107006335265596893798324815153545495920204102652885685769818940685616729573511705863802227971763569060214643692079934899090386792017404839039390932496026272904690772004078951826486444500835043	7.783494141025544849376884713356541381695821111073963719308542714446542900370648522187893096386215158021440688554487574674296582284909247299802166254447458663664254651193588713691197274142908993e-7
3.4000000000000004	0.0102730750677079070121278666692293517025927704569755598006245284938383071211581961055014386395862891306628443654159199436744291758270649825336484975125920639803820348554960582173499838972704099780124	5.679926331581372537476904411651367011451502247876204203581882290788396657558315329416854370301803789126986711275704714523171861546804163150754308196082752751408803663887925732193283459628318882e-7
3.5	0.0089928827163069028497937473491994586487090391714298912166628715914364951955035493859825980871330830903623106580395037567153463099248960126050218988217827053148432518283428234841006784102262276028053	4.144870616368211120285976492842110510711244509588540267525486439906944238489097556155574775540204399023536976560110221445844082227986561677321808343942009223073786726170927015367684111687392752e-7
3.6	0.0078722231674780642160081054546634908178963094968868446571546240272485292371519877992170180180259690730611358106280373654824040906982062383034332707919357285527654452003578628743170030645257448146856	3.024679582712835593721199281952278653702507645492936222494646349738001652694788413451358960970465492636390732520433353175035686984821004028007230566598340072782087482281497951410291409869109732e-7
3.7	0.0068912160375675748532640784837563596563671303460341494082717340071526562639860519827670051331830250768084758400243483458854642794673324207004027810160321233432664795458845526892841774408921129471286	2.207231341822800556019993965403175832588171856516127218400571124333069674028056386813555567826376175372657972259792011702003813362836737803206955596639664069394332564806232705261277530801654823e-7
3.8000000000000003	0.0060324583622852280618296926209108812164685763069654123242128985655760589306175205381137440018757821627852391065488896058302466959129988097256818967892866259172811295767801587133679067463719444605414	1.610706425873287457410711879618377147875975240090039205355332544328975947388608290421520297710766794749913328310900447276601116639859613879688121118927695162222768881496761398569502120222271435e-7
3.9000000000000004	0.0052807158699308350772683445026523859947289807189361208583593848342872602274901999747402696713243083068496044358559222528109910046421438957657688277019400788238395625856461139783780450389406350838243	1.175398055222843913220167101793649764530884890897613321999748679049180871115378787205499132656360344534399581538396749412217064204024558370189406214262783088031723873887732964805260923867178473e-7
4.	0.0046226527270012621279777490219284605367853608122358820691695091791066545186098881231195127985080195083227178994050122479475413367205706691855462779001571299801805496575457136422896196999895685787131	8.57735868396164056610151758239391066356850846563660817740280335365618867853164538699039708745775848307870254444581235973920435657208196588762657561525258314391231102617162226423802440812151091e-8
4.1000000000000005	0.0040465949618933177036421968029148897976929934796502519625581965588806132743874373910927644923718591560681828710828406399713406570048415545477883228678624855725437781226294661705271451584273236110929	6.25924850297159572624604940928179792141887185635301803060740118789691188124043582966270668019990490899747389256174308641049515517440969778287449202139242601878009354925410958483276830124583764e-8
4.2	0.003542323369863623894364470897598612082254707565907551778686689535187391058962122931776684600134677227619785121870573868118690162910108500302375220219134550806643717574311936447465553982253225352334	4.56762908412514895538790136078748730619425113447797798316936636828123983635472923517431182259440453329236228265054607462555658449575386185891684013633266055742220526286469413221293531216105646e-8
4.3	0.0031008922254010335308418567289552523176338411684478736847675192651940541283657364916651089085356356274692635719968180507454247154565190071579053699684963997523466767777119480892046602785375836689095	3.33318542455542744477146612305524735031068317019545842800492578522136359423089564046810069650250503117703013028361665233519036438711834264537130383320812756313523653210335868989360568221288448e-8
4.4	0.0027144705859879650355890085274830051166614544940871011362849193645426110070272420606513078141018175893401992700686780031467195019662269556806085894833645534742306706803959239481181243148875287496335	2.43236152217267627090449162048556995689164340067383029254438540767392841571555216196856383098891431685007505625571308807569568738388508047672501189186264630260291320963144299534691111752464158e-8
4.5	0.0023762033719959129053270780830736183955479744305047444201029584333864171754360632500613257578220860708173296681300898625770779571400064314172483005586703293324343597524724689785027316259779941466476	1.77499355082311111723859480593892783428276957541389539626044445038108555263110376830342901672791459779563089570817775343952272504225266196942823843810975298246611047576667372065744065644588734e-8
4.6000000000000005	0.002080089758286951891147447444248107674628627234182613981189734025345327223458308897574011865024367609758839211856937780117103186824776973016325205261931430892700115210042264057120955931980641999439	1.29528530110944638339483451281565198008274990889785564317504445156439344692027655940695316294365676462761584136322858759398760222091069292833497440323845170842140274657331412377138020654161562e-8
4.7	0.0018208767202009138635540931398572520465528220262421638119775399027302352287728201196778620351555861763321476749294928071773559957426579610974280434142350966280507139865054940492171218279087956673458	9.4522259997491083146328206112742808022310557551771438081313817952774386667659800625300995603266101802095060513470320764534543102454834887887896098153030909560364181848995197279849545995602021e-9
4.800000000000001	0.00159396584544513950743774133023820503191161956465055639461966082657786402850478223938090848576133839758495810599074323190320719066896371602593705926067782484600064187157134219882261127570654289506853	6.89767548193914454962423458669143819177759855453528796677837781154874672633501066126860000383172139676677128986602266326249179099050385344665079760733030355574614557118332243198170317970448475e-9
4.9	0.00139533175873943672197103936143428691934440597663901612803847176097259461186495904873476420148651203562446596536139119553446258726937516644933633430704993528985524066465420342350900847935061241985072	5.03351561422428623538204220071674094534395647053738865350727880686994682184585472053220368394146684618471014155541147077206429243599554560112790789508653900487268689167422862061204749539674388e-9
5.	0.00122145071207794523266456013547983193189749984004735468333413059640586904655557637930417065078659017620834256093040972164916277751297420879628480350797748061968181255422944146067374767650030942806763	3.67316200123265308076448241150606620809528532000109567938567825406601906196214241550483345734336846079822328462975072147045856645302428043845998495519753203800256289239953322096598574914694274e-9
5.1000000000000005	0.00106923807380659185683693109019539119121029416463960606332286986814524726567203777436168247377580306743952684848968726290113455425982932218023470849766186017916143255539392467890478535837610751065183	2.68045639180801443555174053955183513123019675362759429840495084178282330197981511899754874950992167260167843382206355892386418330128205146484651206818386528725817553795184241369923364904130394e-9
5.2	0.00093599360757888242611650605011215620382833388805914838709369226644731363227085043959544722661439857356703141869524164411703613077431232362276214149623575832709340187830949755034818771188453521095358	1.95603854966194804514325571275212049066511082270081873123616847475312594061536962997627271132912176239225393226458349014886666172302296175523343277749467190361589048302984882164689486595442115e-9
5.300000000000001	0.00081935357044440656729752140857923092651101295961101437778536749550018210126799261624948126946798657403149134172263476612274518975432089021006036861328696041814276971309516088537763022586131169420356	1.42740125202488110074806202348241002113987769078954597945519075419924039944065610215253605850321879071098577781156599015382894202525105593189920202266276160400778821743010979842951240376189455e-9
5.4	0.00071724878029513549981458869991685254213602333907346966950537282088364802259136883491488694068092107910269994581160323034032295400580339955977355173672218335687174475356166279515700343564446159414707	1.04163301655385944773434222136567169675742945711783189884142763885886568884962686350106709098156450015392619319509588989289838014269610363341420201052182213241075716872760534301541460344175177e-9
5.5	0.00062786790879037841060358398591368531279243884851804305111565257679911227441732724808358321860277901855295686672542049563301708389962956629933261839003899503546875840586842622194174193326321926139528	7.6012217299939671093856981791400009442363457117087640256869374210518346701687824639549018033446327412271093104060562774598375326945636175591689910450155413664023844750252081348320461141794165e-10
5.6000000000000005	0.0005496253485807100167514184261630271562892828270760550500076173157828682753265735627429852062580627678374851898732894917618385122953147628465256412420821575032607402340636248590350180375936022997989	5.5469220809731631387243817608750719708516144037886337857250188072775057203848769373000931712378642503693183839559946334882512492069937763407277595807227341682448820281967560531378697987499372e-10
5.7	0.00048113308479876915698863462440617034472756546341293231309291629187794573554796087979089128198840842574911460517303043154963335562185318966766547438907518690138848805548930663326420273049059493887452	4.0478156892105705073218528866087245043202543827756965542190411087694390112215750108471710104928883364203977989140152426080944459326094448536258197365688223075972208068448006170411815487689343e-10
5.800000000000001	0.00042117607182010540883594600447468141234551139521951296399974986567262241292335742231362413425288941497716444835498004290608043511263072520561882942880125493611111132967846697961969163428917229033243	2.9538565020208496275465577625308894921891012151320708759428555783749014798730953583891835657960355156531324828011328470823704924829176298933522104847255987982795354198625478842258049591773782e-10
5.9	0.00036869067848037622586765344964545652076643703865602310352850145364580019833735112444020039293203126611398061180928108368056025212328393720914854756243951398608135374971761482269046123406549924792122	2.1555497841101796183209976296411679661199237007440834532585172370504924959932391310102179455207045161596353783914505025513473498261597873653214124452041881667624472068912392112386763531500113e-10
6.	0.00032274581936929309763011005177922286894590609169795149113292870254886363633599692449007926902697740149772919218449372685726329667691416056928310755662612770661498341659500378359369114208310498695408	1.5729927532936196613881140800112944238459121503700411184938259713367599266716812770275061225875612461945401433530114031867570142632933292222346254856742905221828519216849644980789490208630277e-10
6.1000000000000005	0.00028252643747243694587496149046939717819180777144475964921528220066977581948348933380646884199141897122117831791990508824749364943548878449524838107702895647694716080272534510663071618740098062817386	1.1478770846381822899641012392137573876113211352689641366275051492195358631758815675204097672219955264972257330314155493627857992167566153766067869340957366878180101630488700601689363460588421e-10
6.2	0.00024731904514472922417380178529180970628541002340205268417728529042561941840437198314999590066574652916545660402818632755512963067130479457914893108850031855042497119041705558416640314060208091905086	8.376528109881780640119251845428607329928505742048902145320581459041616108259530383292536997012549218652416149044791987348233800604993298775277775854287387185933752909061660364464093113134322e-11
6.300000000000001	0.00021649906691393433767707804273001553380821769099565360710421605781779134623630863210859304571277975527207579620170933424848441000596103638819003148544736427429224833976958449766696183216800965781359	6.112694827303739697264167133611945727141740803099163060255128127994835933224946968123766792110414181442561474232412064120109245287472177415223151602057725727101555459435320097605895502674485e-11
6.4	0.00018951975957684605344867657517312643148015321185501114138385711604731630360587617099628149211866840244910337962466955099101606508199032897571956088230122330724712881839070747141192274683465756149342	4.460683180657628414263303608417146212920067466361856466237458134143341583599401439970407981969523469476317112380956765197538004931610265381936282478155844880965177600153473185679826460392462e-11
6.5	0.0001659025130318184745676554635414339371835560231311435248701341984331153246698170430822941975798452700950123382621324545241040891346622868709498107000777298582717563390814903727544355729354542732134	3.255142780797418687418018834127866275436360507629686639840561572391858638754697349688059835062284411332469978091694873923840744319968730095726526365514614819070799192577701694469670686892513e-11
6.6000000000000005	0.000145228359785421068370865995913850362444965670888842574070398072836293777845641797114161517023610114654462673129238754621142905841648709982639447334078677050224130363581894386462151057905336846256219	2.3754106925516115537019432961337467521789097430548789784577344924343278023735173843083931987181800987383297859865811908912334039040560688914079450790145749673698805601067675453148551307995139e-11
6.7	0.00012713054251275028878090239327021898360233235133441608695999802575772643641943764267825347711432174901382019976602817484050908177817473437344643979368439040421763034536118329688294954568523929594207	1.7334342418373320467449753888340973724658284455145332956123278071660880416468929164828599731544731201549199500518550205213731405804883255094711054557270773924204385076298455412720918756425289e-11
6.800000000000001	0.000111288007820691980071639829684620282705635516432010739847829577211667490110094657984598299694502177749668541391431787112209929805383183461325835746792967704425967669539701406659143674514570385398306	1.2649577945412491170444737987711613410669905267828940540991110657734407475813403379293684576871337422987213442001845636752541429222612476187679570704230912772327608168255874802252005430810857e-11
6.9	0.000097419710794172610992127712236862886092042917149232842187068112981352664195677012861680395605295098668852774904538080150532509821002338703365807424787054715568114956262578460911083219791453304139466	9.23091388962468167251737209179618639440089853326107372471537235219053440081639938899267676816601918496936066139378138307255859890486920712762141233348904845168196171161649207051644562233969e-12
7.	0.000085279629288643148363955956998781885358110733581661730515823794659423609343703997398374935439977933671659881783337631648946443130688125139873965386660953783644053845540397096642654277255700959156507	6.736175041211081582789102153404376112223812793169555214687923221999657968390048032704273125704784342285961198709600455779657063098834312883230238191780342472076646162503726495281568116194321e-12
7.1000000000000005	0.000074652399522863609932271888060110273777293527956182525468325472184556967005995649401583534692590899564272820658691106697594014569089452756976028254754988764888773036588088829183311244458591964392198	4.915662168278336863951716699114992698527842741120883671619594432912269471278306648446370874145930952140583403241152840964218702773403047875724684370641751349551395176951323543944655872961898e-12
7.2	0.000065349495547858947615082530940546083506938476228030051366485400800707980881592490444801657987030030586087254763245790994847866788440489261973577865279444863808370457916811758178466892299206454143594	3.587159538584211964962226954844805321837061344533397543255631368781546813357518296497350714667050433248806711269242756462970065164944921441867260180444223632213677150695235221119104662132995e-12
7.300000000000001	0.000057205884816223534511238477398917950731249329042319914419079709191559255879845297221227809565667438607042602328046600529695317335674964296266715404489680166942975255919739538473612442165208595900798	2.617696886962099306910187566286375044218596721333900288180836994892896710884736960026519688380073011856067936135001003480745652917450140849842108456935406195965842229944423071743917485712794e-12
7.4	0.000050077100521922116480100075469826808602975105572058472790421544650148692571599667409199720666156285512975776162757688702520707792370105419288021974096383953166993297978988207526721056857815764754823	1.910240377743845868410641681919469381775307078027486271513673409535576752290859859249154586711705078710730535145934917599894194696962714743620393516684479409314423027124358011496640173332174e-12
7.5	0.000043836678774200280175067254163216820297888371312423613616010719878803344733415281714618599800943575840082565393593000359132830571481397650166850290793447193982626740671188193136010484682400090920798	1.393980456231629378582133274019930881390642349201895928639616323704964986029619710569882503870931259178920480048676879423054565824581329931409625579176980642954375074369391202269996868659807e-12
7.6000000000000005	0.000038373915141336586389394308612968255003182409735184123387430574166452631839531876805780879854302570979918298288887335762554101718086437046558147526206753284515018798617682996223628803724230221748953	1.017244497077933407562596151031221412867966709870043026964861477796591341254755934341935183835254390372708769207368792236318098244585442976209670347526667618827166410423884737930769018757084e-12
7.7	0.000033591900765556239016626269515234524141555323661119456173999267381860016765754165567305434474752717262418554481265487864408446845942989248179932452965766035549473802126596065660729789426526378065181	7.42324874218697454538058210602672166177479659465957847287803448853084934052654909154805334304572928215089446350679790390079737339220877070756054570657651478096022736608629763797405965220361e-13
7.800000000000001	0.000029405803209989441817009545474754551433367479758857923358600228559548303549547730089733998002527393127509948825800358117940996289550166417879031849527160198380672451369994997861782748234158572225442	5.41704792178063785379608253845736990073722764852138637467355451630953623003591905510236332124266203601866773816913566496368593892198504364503326287577166812251100413785657183875617847764418e-13
7.9	0.000025741361540078573483716963537375148451127981731461389423468096388457932421583393052713143521040702825308087020624708115973642371865551694256018497332736667963463415609404029982877003390439652763068	3.95304120958607322024164328118931779982418265212436604098980366441936141517375696568879021528883461520986369091299083696231021146152770505115267027739208476940503711965683679419843554114015e-13
8.	0.000022533568942335116104722061592292878360816452112135234291174910211343544169303239502062690593758526858765252517651283901331250394377425586748993349659529641537396959062008881339252464409329283394902	2.88469569225317225238178234795063990834298743680052831269008623771809480213894004063424944782771367764626864132597151695269844598195328930990736492427471532545425204904162083227787795241708e-13
8.1	0.000019725519510240320422333181788918045962061444969410608446184622611626491009864904772236077648809485387496246917265164382079965885820185246869150560021704533214951242924058198711595278035285084881265	2.10508031556251746123013563801365904332227852776303802640348428694563130210744618124213534222286034919526740543164222598704442419095521327883754072432491319439678265552952481535641203183173e-13
8.200000000000001	0.000017267398739391619407441109679477388246314353647242149507297439713982605045602450004602181428465921396036636628592321758870322675663794168270321277372742067309424995509663924554326191126408100508922	1.53616312003782153390888817786260968581487889530145210566676684529170096551675728212774798714993667309273733420484217209300012927940207722496569375449672618451365390264553286997668052063211e-13
8.3	0.0000151155998233838506244853512861142210376584216778832787963777308665128276900394994189600608576428367149604152838426257066286783862332020467746750091996574511577981136794542320542192613115645520979673	1.121000996456432990503137687091874053636603057607467461673142146879317164242324418605994843553993489815398772821270361037338663628706176399488232339217413365544731652828172991060956743188091e-13
8.4	0.0000132319500736062783373644392207401050651801676840269387499603822896307245928772943001252027850308829064239181983402780880154104756587137917298899348205543373896660025464974775867943672368084569660036	8.1804023131807382358095608201318145312051086138859241996512538295217673268155650619182368637097314266532839435031622733259265599267863364806256969768719035070614143873450871857879973426389e-14
8.5	0.0000115830337397232006606844496289474304715972807788654775766645641721489340099773697499829347080788098773911377898884683370644372737473557251485861419126491264843782109832525210353070261008175647228913	5.96957381993160939371965523278986478076427544542291362677761332137448099315098934059893737954759169829065225213948523227281904850914780898813609135403647518477214619793610161451759127621975e-14
8.6	0.0000101395992177440115157996147945399297689273518389919223858333385449648828766341579692656452251714911351863481149868865255910005532995822045948800798767911557139493071832196233394187410670532225574354	4.35624193376325987468915366533546524819454663664023742557205428212334683776753479188581816932580911665314112280843615471234042725278647012225729334415169875064420788760592008542341816778865e-14
8.700000000000001	8.8760401296156331751521762818692793837596966456668484583999987066158552336087046198355002774366127452041816846205759151090534349017042875989181651723468742750315406458654547137165346759598996297044e-6	3.1789277355471362615847481034338372582454115205023904337422601923667835055286499052283642039652570988242355543170409082310022781180744679568725490600872859460983982199274084288865665152209e-14
8.8	7.7699410687433466182077000133701470530487448437620329892926161113174571848576222886662935326435988647400211946439852779620145479017669095582503746700997481206932373898517623741252496644752865041434e-6	2.319793459952196403588350138811873147260416302611556116586165217374251607022697882828979189138535442888159354455405665935201594714873594163373678507644731293267089838421784265017437446153e-14
8.9	6.8016799530128802588981839010557709299596224920156699511634769729884754352758808034632326179962297289829974598619807708126067866928169382258214294343336519272138230936128741428898982120023738341672e-6	1.69284807475489201617834495580323986271439857132104835122541633619595088199021181472634752608347767750290751648243824472916523258843683266475157004818372792562493577142987279978605395791176e-14
9.	5.9540799310977929575661925579908233708560966545823382060513785708173410807220219547236491298222619608821339752415545762034128781019788762047117827359344642187833464891124147830730212185741869728499e-6	1.23534041014058461565703572481119736456101522746216337914581584001548493448152515652189199326031794771966738505292201903244007174449141006361124077645772733175279273066083714014833453977451e-14
9.1	5.2121046669063062390714903627446172132579940908464425301543911775775873091006227595943253209863064219015888655700662037730520103482791210203493439135325679477450546211038922455457303965876940930058e-6	9.014783734772870485269269031756599315290317744574956007104518564540663110989890539771308600517751156317181984456235710714630491724213928123475268103753898994728162614417684959093973652487e-15
9.200000000000001	4.5625915965454156388629461726613776482290923416757963978233639109241359309129120909292622402633789520937384194471692711741190345092327578052296896947333786643303528753920504056786400507361942177027e-6	6.5784560370262095506679285812412643530670889692724296962595804029120221318020624677195431530923743170051606390459774358269289493777737401332750981029391693968772472029273751278347279880902e-15
9.3	3.9940184258086119213836100978208519895372562192769158276504360712622698517803906513924959596128425708293394445951280244146523930637629273704387069477615669859678032439344844802718708455088781192797e-6	4.800568167540721670109499330864666659423827839928996137720775419993078313452481810158993954675217312922475324894463126792303882234311393997302579417474818068959652096692035789085267826487e-15
9.4	3.4962987258769689908896115186090650891832925820104386121717843085297744260998652365270097079057902328263176561113720285225647390036788008707465283455706224418228952798105734252226889806625717133527e-6	3.5031707446656751357021441412264627229393380419807200810790596327479788124449853666372571656676374877874000284867612315394954947105578279082150673116799510569423660074470684649492321305842e-15
9.5	3.0606030011226291931446542860832114508560367073836738222673253906132577388772074949846598479983730587416496070341113976406702561970728563880985032424120936137892308945502367274075857855016729305606e-6	2.5564068335855004477723477342073350147584995763600659154084450367402580307449303671806698068939271745947107638809468319793617353692866458449644204818017851845090526124948209705650587547716e-15
9.600000000000001	2.6792020547761597321024365882241431036872979775203237391738587478779502548510493904063291784276457987116049831399730092204058590529618888418021883008576742163725939918416931840740975015831691831411e-6	1.8655145230022819971971459234584559327199168848594085189106047891046615306137877955064541152477596799790455504550959388829882486762473271886835359284719810226288173479209669532362420882066e-15
9.700000000000001	2.3453298737810361649986754920282338260246648099346094820384961900338141125390445287611659312661913612849017139441897888351533627765128577885551509230361110356115252118657827212541312756061373413021e-6	1.3613421742651481907324781068507670176660520161451414655537679513765703452741889142984148672731223372139779969994247767171104108553302438443318075942792632641965638528763220470003903304908e-15
9.8	2.0530636004268552023299348346622174182716335197214643026572673460782132950645440639898266059049857905457956490417419956729703381608960738690789633128339826683450724436647087233832147662584031248012e-6	9.934270111122803664480298112948920273651886062273168361060256356729793016221236926144743911441383650939787415213524379387828498831252463682364850484307336967300924200746461892093577407123e-16
9.9	1.7972184614705537169094307297649861482459641921970271737735875054505164470237088650074662186142013387605288701461339388428441854844246459025062880530578366596150960176045441587497672221981857754308e-6	7.249442837962842691341532405301582347348949581826987549705256945701760506674440825369292711597540527502881180317236771660068800282784215654222353867743922661776202865257724882124488813987e-16
10.	1.5732557907991899306805130420610784719221215575858012433338365012754804872162164036940959977055485618439920801793328546831963060545612209620388978056012501295888693517635387309442061952026478091063e-6	5.290214677689470983683052797946390030101153597365746532256028433605398598277196679604746898458681310236372428003273885448669487291733577471877959770910247410867389016260620822683289853477e-16
10.100000000000001	1.37720251396590606814419255962074870604934483942840547364652650375661646479071459093299733367622605205099337202025618158127091761504251720803378311423560000508373064625308730433283422155181770159268e-6	3.8604858385942319634943814782387389563917074354283159863712673402407562295698078494341462267898416856223793270502340594367442085184053720896699215329302891889103533759318938148609707288385e-16
10.200000000000001	1.20558066626312798732661334773012532496600720444551740228448542669775032770117130712867625017482021979781429690712513399601926200039175046898826362542009115212352382827212789224307177299376686256303e-6	2.8171542900780039329769546629141090455048112321689903246647374874852396176586104319624171878923659584592384432439585813059100226378299676395464850352370993723522621109855879629165543513677e-16
10.3	1.05534569399096266001544652001036522167026761203418581647843294088985472239393900795936297958651958656113666755539089479479090872157540403093470939414525521548730700367849096182404227240930540355322e-6	2.0557926333257225522949129476078523157899614614248028929283106970156925169195256566773527951184240118175937596835380041482022682627259763450818246101042898908002527176430640926816534581816e-16
10.4	9.2383244439172221148114970673529475319727446117608056100407524569438123314356665119069955153952281102658214334441897853157782725586228299686484479690948900122568146010207060381484311492663638368082e-7	1.5001959285947114980802524292924198191007630476140316353432965489451794376934583362567848668166571707650437977058941886198969858375079599413764161718858347753144473197551020183427875760433e-16
10.5	8.08707886117639364028060145588219417546477447461714934331921994477610924388677847394917167364203977395985455530334859210137873846013367254114492664333785602568419500645325834633339021939630395017e-7	1.0947543177117846656965750038962611771512080620846841662717309428981123612272825223802844529538052625943177526166204796844334081887295880023424836952097710389516497315598266006244564471316e-16
10.600000000000001	7.0792972149779680472287201868060688649638194674660954807589016901019196346446879480296650374063686308599346294077833823762601964284613268706779444264044635319557730019655057050775852857824431286236e-7	7.988870150557891864240295544466582407606538555012366772062943161199292072687434208244431871013922985425636233091673190512390896360844722859635459446491099966766024217126629899011071007274e-17
10.700000000000001	6.1971015639019728655476189853352958420177553692623977801764809689121813316409364163233512662161165796018044664620410723665674428252674570507377310442562761381434834303712390681607884900090898803569e-7	5.829805633519215354608461074446135543335200876812808858101187239428876111605935246073941557514104087227788500432150246952478203308107475862625518369551098518014008211819106802371571256952e-17
10.8	5.4248418489992438803065351048340499356437975798999843963489177053971694540598619770550885248910930194144853708849531279819236186451558613402166272216512778570637835388091760548738990417153923929182e-7	4.254248129638706955652621881459315909791279063456306396573864720412261019257875810359678765067421155076412317294069156878412952062221699701010419785058451905477478417926877275307950956716e-17
10.9	4.7488182633759797756772667472417551094315963195916046364668191593501100658658017962531363140490312559732279868806170944721728744940028457349456086917213045488250127571658729058894112495671605338945e-7	3.104499548757277088500108896563901187612828329678614249147016080244296989992206724130663643326344000522931675218559565227435800617734473904551572538397850167227253599276581644101922983726e-17
11.	4.1570382190465954057557567118770453158663460389790463127166313178700597951704778861595811058352525543865468224107712186226089118634788780200409937762173521266116269674201155147683911857589912881022e-7	2.265481152828107466539564178713603773481760943950622195151378282725807774472763158101535966432772160006851215977281818094589113865556962719283916368057084377703785427876238122924425867449e-17
11.100000000000001	3.6390035996721607893255470898691251380859941373901996797249640661680082004648459293179784812250592955167984977772520639174436207023442070453607558403766859932419775814595056000476656925703091274702e-7	1.653215286741754280722382686537967557029475708660226057215779058504830643815936707397931123024000028998658335481659158234573254845482969815792507311204232956826283929295883980976196305824e-17
11.200000000000001	3.1855245250701682462895671711355357975466802991778574094413123377396493685108777682278840915780925290895467752769563419622582989387200302202236958746080017630636592170785515658303410594754360520327e-7	1.206420026710229965567228804149962064764718825232819572615911745680751496389747940422183193444748199120562038977414058366613739161595555552997918066172573154864700519134448523443366753128e-17
11.3	2.7885563236974316452862144846104062586365432143266769933781603057227907660622555461847253009271011469381589845967843352779332103582044837100757129189033886730187608528982546385653654614571418395277e-7	8.80375451793443014479433661072395033581574853689375115163840957960699031841944569037656447414510632936675299822541731748615150023724417919122922389349328841220183493545207365616486295819e-18
11.4	2.4410568210149474526205193681080346049658700611393208042148077543257396768184998634265079766311118670947915918253610665248701687656835812830521533996743547757309627734158274450372123707974294916949e-7	6.4244761165760333353441067237523885388025051377303686091509302987324358316047088028862662843459553126256776552559031096429474253209605873354591598225819132813813284588740752233047586419e-18
11.5	2.1368614120451769096294201136245320948397633205700598368485591302854442973226873647629955816658642580449598570676142068111031848617685093152400860549392162665308473937853400487173812502559108415429e-7	4.68822183014862898730790781674300669563157214755600775548735436619825555484673009336826290910511069934344171263827934303523791214343073379667623186411451956500027911698899810056833994221e-18
11.600000000000001	1.8705737019219295846208456713182129450738064925196115070818248042804778940114993580064392553596609204724406375743556500934249518931539590798420731544846086898720889462232166876785484845230088355172e-7	3.42120885329813797638482766112043946887710567588983905182890454706314824986538927946991994200080466642803260266815738526543951415484882102516645244353184826343214131734746643626303853488e-18
11.700000000000001	1.6374697744075955301877348202146043950854383736103288627594091468546077210945134189367700705841518842217697580453874289803657850792038813968189590030137106794984993250528573580792974270541647544138e-7	2.49662082041970455901822861877921174846296794181137124683698594045492671351856860251698380241830175651308189725838173118657269587973660746059752490950585593463777037184894628709659995203e-18
11.8	1.43341439011119437538869731872804795077212703734198919142769205873971498261698411853533392951922106157688604497161975910225092405083948972904122274554048526252398110730440485003212149843449321970448e-7	1.821914702914081560231426456545855190664543241377117011629712026227408451508127517081366484349713100704794199253601596909405457414360828885566456167397512685854542245858420051756471528782e-18
11.9	1.25478762777235942257821534907126239099378790439237135318410150142329820063433362954981898740625082445329682296767364155956953396790553391692508101702509680384413837126641639001101830261073142857811e-7	1.329558134451960813935079401274969749069733989519220647141707548618768548990937868008871709401853926507449678401893841039909213093882841920068372026752960567330502690044230412318531316307e-18
12.	1.09842066723527662066047400643716632984871480084129642847704584757443078282097102428611168814585662078147189638384284539761144112454836146842971743303935617356171625208615488067247415438808507280296e-7	9.70270059862471228395565069552240090119767690287674648511569843599820706663539745711724642653971297004642916475308591095298954753484499682201089763505131127078595974607248212304958077355e-19
12.100000000000001	9.6153957490922576923300403692254045084258049009450099116950537218785951515839773039934919037634901359279116982521857163147001384358272106820569296397194588383261368864561762559614888114273520853736e-8	7.0808816171524658761812530934458083517908062097573071283719664030458705896678506506681608064003773946643697164373819952848484761260916974353235236313737207553235700234052056423698699266e-19
12.200000000000001	8.4171609447564998902117208438699588443365053525840547096301976702877182899447902789794986458715102130705061083145669951109617740985901440429470023327104560765668433906320489034124880981550447836738e-8	5.16769361409411637770556249525399596249526812511954374141760494564140117546703511602047980062793169026796763749956327360747126331935871142682043008014245795022383062323372097842906572008e-19
12.3	7.3682456987402314824833695171629140476654263182221272595199552602409355398259912125918344486036486011456192284505340058940994513563077574489907217536042806466900234838638882731621041747352315742384e-8	3.77163119407285491665897093772242202175770567520206161109262845865961033909560213302775802797400793619602193442134281632872524159416421726062543914958284165283586085227305537697691840723e-19
12.4	6.4500423638477199274877865304265894939973442844456159236503321323000079392888060295568856246157043741972671517181764249026666204828275916786198949392318981428097001040909647704739660437030025922498e-8	2.75294626989656312928085292916223259020852941529769889302403197854019828049505496004132702153595704176849693055913221854844628426070518170279310462493075081820247014086871288283276543106e-19
12.5	5.646262108569922675658484107782641544163847814057300137587543304434427248887846134883994679077410570498383607355920132963736070823569359483025987256430065825978724846529037605535775815020888585674e-8	2.00966035131328682450736432929869811342405327866888898825121110504288567609125648800377410503922472886635317366412652634895243570090402239965645822926279882161968481727435623566238701964e-19
12.600000000000001	4.9426459549103723940845915657538888336663633456103425122283703997556647707779752286695226561660173940893946042096583771851719788610001992009043521062355821578463520507366407661319098921936960679431e-8	1.46735716539671210182395588448415836724801631079263927251769455163713407456769889277077023385937298804606077540656655500121154561060354733951918702836149918568546602785629773884257168553e-19
12.700000000000001	4.3267118256009194458193415202790479883178585885658287030026800150285646624012873606509647638126516015589690987049569866794354603520585126485029699287978004839772993404376290443455685181388531058794e-8	1.07173394291998462760000364270552278801976571956199306001802373256615916550426174979324307780962251400708932250351368882416056686410562873540278277024512889174625554902778892771222196324e-19
12.8	3.7875331133512897334023402224163207844413728189498984667457168926038985066192998634698921059490897793044321733552416508546999545639528672514758619146772428046738613391856780652379945791905311395055e-8	7.8316582005678290136355626668115673290629108291813083539694918917500337698923414091256216367541156988292145986443771040241142661428402506063191467357350443256621912917481760489834623423e-20
12.9	3.3155448439740121573569287714699440622870489990077283872951826589445311374552717222547325300883607387640501771452053046716751256092741169360539853009460916476103021401642142386863116980415254470876e-8	5.7273929720356325747123136405014001765696988193125663713053288426090273694601869497583538949430040887217254831640896484580188074282050347468827872005309514710107419243519931017157534888e-20
13.	2.9023739947387444619790935589201666343770180541230033222856070624038517602057376864305281925876225558559577615226702019986515397222895196605952294700072170822547936586295765921073238465849545864853e-8	4.1935773407610774073173629406104353806569932212714208724636734265528844057996379600240660476657387245236889812002069760549930620220204501099341014433709267443559846755983919599843299655e-20
13.100000000000001	2.5406909578212794466071675679993784796967561260936085213408936576111421945170807046944331186107354984139298838527962232690989518411238852813662493277662199616841395198469434521101342900534840330705e-8	3.0762915949592282797211247235986505260976248269166813674126125188190808651855925062418517143963567809629782984601783323554409321296306972662635471459470376230907632623022058133524594155e-20
13.200000000000001	2.2240795138242904033425696855996904707708364941209881798320686289749742399714297203241511825273071988465223748573559027087361170180965904679762874068431988096330507285065722924729409990186460366297e-8	2.2632497504482081779545832067953417751413894388585990860091864119275749322239335030332903654566298345526519843370338410740534023621025175740458073372186302772655020973461854364066849182e-20
13.3	1.9469230087136190472810061133263785527461694796866076413038577050218493548220400415379663438359577276812828481603209633500472622348043139107218935686407518374049587846763828305739343752587911199311e-8	1.6725527115393130957364427727083694878361516521822232793660093600739846096721684391265828148177594663287426435851817179486832049004268912260801559798210137308724892850032568075910504044e-20
13.4	1.7043047149608129715245593933751296848481077260846902720971335004546963716927086036379950956413103713802626228252799082748895116675454561190950888560420820224184732781136943105742561196368995809394e-8	1.244481712787671151106949342395378486650975362760515117337874272608679926208047141043926551354802202787183424121199213457930556341982113188923885126579014029340471373543289483699842817e-20
13.5	1.4919206093089609151984063619460879468262494032695792884311322746638897876692435268041276443283486593862543614561352204558980975712899039733589288030454605059226008308575857760103326177828231887333e-8	9.355104803803895752971391583757319036603930356154536208547602475230735667051606089163188901322500051704007392912552826672808475820758576004273184216022942222554900614075592485192577783e-21
13.600000000000001	1.3060030198484779596137422765973998166160221502457335773816062087600707330348623771078192852394992548916827522154303951563520621710716029096074103864855756937806617188046935500454872209428346980386e-8	7.139366009555273400270591525051595997659628548810761703054782487384733792244374081323673431638613472659300817844677909162937662999379689267661569767020366330742099260946673228730994665e-21
13.700000000000001	1.14325378790991899135581855872168021863916717172463581058417569243220162061357314417368703662400662124726108245547014373456665618210144293539293616859057744617963748743746474036554513703090770233094e-8	5.5669462596196720201175122864577877567263294308170960696008267994915747112457010817938531295188654162984101605910419868310213374582079897120650495903803145437351536513246421721160044024e-21
13.8	1.00078575907276166596742524952107878331228597052386328217568427893231880087768741544870909429901363657156666697997479131538535169649224526898984155104128942566392608596753321746561962505610155951304e-8	4.4703168948250247438842923996431061361688413218085662155071934685137111689954642701086061345571048037953655994252416835408528974092865508273353540589902014508770309929932936809954430136e-21
13.9	8.7607156534674973625265277583672067705240626541710360524715325890179371409386684351838780675090487612625542461102445704810406969019958673857290499518053751203576461504209516752288577884729067282773e-9	3.7281271187197022819386392686819483816377223903129567075757640751865390336038788800935285757504390037478708604404681347279581725484731633103912777575523099727346915406957953833288543024e-21
14.	7.6689878992702928713551075080178028865231937188611026397824946404131439840296600994298597246348305599795902273533926663509919308262358572659582991811526925059626313832822259906656698240072532884821e-9	3.2528523722906513346132106080106393792306186463010147129187812955747576093353061261338258994971389475134955502931350271841808765283724139775920598800749561991434039272606782834394651901e-21
14.100000000000001	6.7133071915050461362612103779756286648831959302653772127741521281849330022352330160291877882117345645646801554584833263702410375474780179264197915540749584679836082087966118595234905779520935306619e-9	2.981799121739874213331086384990109042936123932978982667116552409154744568740587314661703645608324167407000216777725411102887226771941691204806133392227937924950148521400212080767667393e-21
14.200000000000001	5.8767198539720807967953458481016373174651648179805476648661037753568025719402529283650994724015806112601401413752452550660374812005643805484476548312812831356262504843643850533895875668433053574362e-9	2.8705615593488968651265850018900165993027190772097183296748077245922953055887243735416144051806398881800097433008265885753132558280779110640625448356881366662066204139015918137853334438e-21
14.3	5.1443849144533333958014682592119501947947598980648371742859857543602981088519040757025341301655273200858426157535234394567150387518337292339268895339915799307925889831090620252896780932599227150889e-9	2.8882705371611394077257418554637613650914292515797993508282666297790262974933342594444773447694208105510022698095904762602600744776785098645489728867130648392239755800618953875783030292e-21
14.4	4.5033108274112327987511252614457703982015214340746076020848100619914280740489401710103203726864690784852982308134386104516403856840804583593801445477492029207397049672841259648620039835628519199709e-9	3.014153760867543483255044067867034291656792187784969379097884734594837307790893521404033027412926015642344260868822121379144793960062323494956872005958311223944064018819665831100487427e-21
14.5	3.9421250053242313127385412206405013741484169068218094950076810956676909785965506800176375622307037972142271289809510776893913329652276321313941951418880651457671626539543412091365713556405512785668e-9	3.2350567417803587321600363941103447249558462356510315819533370687986035255732623382282844648436491136349229467305921175811789514418507705027218919071441326763188038177653485254282975213e-21
14.600000000000001	3.4508720701688884279758585692730598054256810863135895583489144140953898043914288036805745697503067909058126280395656891196770965914879072774880303734636364630897081488253757001019328981932015613772e-9	3.5436692832287922384594739240470734864701975389476205048706838023619272478100221714256801505145198826433313254188147390330281440000799007804159305590425923368744966327481935302003516829e-21
14.700000000000001	3.0208372460508160857441471421762774936188591484310334082570512556339605938857758869757443419020574138609525970585408576075442697209462413560831478672845422394058331885175804794118069214183466837265e-9	3.9372718848749316688630671559770067420985371070122356970039371265390448699760876464685980067780058129038283499294034892838013122009028547504447662717923393478203675749684005913939520376e-21
14.8	2.6443917599881561525778629990519165578654062452788506269382979745308357234359556912910910088951289349317155698188978194947690192890001163946832769627884971664487479382756134361754804974952847073421e-9	4.4168673334155447936518430302597196237648542469763337319254047027550012849879048393095477948328170188689951470948590073304596037249123207280293490004971613381673425832135564164548149609e-21
14.9	2.3148575082735940476134698086355699251596467515256668316593192506174397532600635484859937668947892000758718968178792858027722531014559729958215867923784362455401021489968297637074660113531995819986e-9	4.9865999835300509619468456451585663839565488981115630871077038722428988539812955483363523696826079453744098711900841592173812411101788436038360073326216230601768973335192060326772707129e-21
15.	2.0263885876102687492298032306115733055441503071113371420467116513251393723929473176860935346846112378755000079925002138931252428176285628699721398546811613995447216447221913263658059330103210432949e-9	5.6533925222782103262688655809555978948689701818091885518432310190372378327021609817182522637555711735220297887555435043849275505393175369989903950605060196688367127125314856351292232095e-21
15.100000000000001	1.7738675893962714756191613371571415626120494330605455854377788372033065880115946694757945254116821860567712900565077222596490058389880994917579886061620786845984540219216261852119545861034378378291e-9	6.4267500581318303405987364700667528532629412003843132065624162972697349109321214838045614295559964377987903617280374690767044298614296411613248157503310968433311287397153186178920663909e-21
15.200000000000001	1.5528148174291433762556675241272823305662280302599144087110284011454891600489979152523116786808005822210577588971379785847139067983567449709907000642169009189638632061783957956405271861355515277673e-9	7.3186961585392488009612947255429311945039501458742453876878686008545512403086615981065147526028632449815667463574948061333981014280443010328582724674814944274149788484654477525192129495e-21
15.3	1.35930881856190708288820834277390156927737331127109714592073316637445952060654158000955382188726415097698802723368226029990319656840358580741720993066894535690800165122121955778238038002759728458252e-9	8.34381642211980254272559003886654133662967405851022161621713475778751624002262508882349043041217898317603507675454240060555334143250608898890048313469151127707943404139961954669441802236e-21
15.4	1.18991681653274867581244400496132126713013009531095152138118795407114267586401416063300113362478887928967483445926365543995776821706168854522303110688505361935722147129939997946801053109899756080049e-9	9.51939337065947752444312963939647267864328480486865967557746901525567823875155049869582628070994404925321598487790352965053606944122268913079079236777828255094046155221502310446672054147e-21
15.5	1.04163381487173553672441534309079975035043154721166075406695703979889750954807452986553721360492631598480954911967003313316948371434710268822875442202829401634049154799225076944415549242885034905117e-9	1.086562265718956028919326567882034071146249378152450208523371915112198283858913101957738055990346530054673482112089946063556761499210080370279589964552531685537293784424494033202762844226e-20
15.600000000000001	9.1182928857647909275280949994653789246414171898169632149981864808792462566413755802455529091956917528357953714664514690855356681901539597598376723720971664506068218710767984450500350205996069297401e-10	1.240590537928722425960081274100317884609486863033091462670593477577413675271535055811752400576521093108990266507874327511543256694434358792561907659839130750205649629258947014014077859332e-20
15.700000000000001	7.9820051887262199418438469820728277213215089944401051699678551859526614896747039460524832153939630336635785654490611351587345020446623419677179375320608540945651917206148061810186780720260560990687e-10	1.416721508169983069171021977817986733369951446655336394897851724685019164494738665247054529841576036530812182480253084722322798230129727806183002378897171243740469553063171993328161335747e-20
15.8	6.987317432226620241038210485726239959555885676367854951026972102670384747315298791701985470938837213789150700256071019258355928858986901130871146002370952894546577144712621600448197162759999909927e-10	1.618054114149280459524835177305312752539896200759901830342521849555458091164874572446102818093060201440292377522658282674576179689260738818175216598239076891410989224377852469298166685357e-20
15.9	6.1165839590852474021597742600741488258890919205463813869247966387249994379713238718103126986710180580463124131556475039388382647156629975382912985195297326117319592183761138450241456728405014722227e-10	1.848141288588221979352528207488943421754187654393400544118966570633891844519962803932426270227024151001674854733854012094370000399874245356316276844736382522307416658761219986553114987582e-20
16.	5.3543580481954485154002581887508190264721275587073162890843324441367841443064850388139714882893404818028600817971339472162909857148817343126755941177906856605614064326394571113241480570071827700072e-10	2.111051117518384013970085155883591596987082264465198979038485525154147037149949978644981311761390683512630332570050085924291076285707112121286455626377362936716484458977884350653669291472e-20
16.1	4.6871178913013606755585350671618889803175271194209185063739399942357294416005686122472568734321043117371380327780964590213621862714460478719606336430362870240891611503989342726444832430963924099819e-10	2.411437642824548765635811404925948668350730537898850879166502030124769379868257832224724083658692592855115655118005833818150930975576909817949576446208651687951715855783277635459942945907e-20
16.2	4.1030267175280586369578794590644621848338348440858821174700683699921698602581087485525661799472348336985694061958979584073911858027650353563878004855431298678774375012123995543858595885317900998073e-10	2.754622428454809140156984873695024053000750405474258561156928871878163098232755587362562560207147621592537396501051166494876524658188110920322520061572700741802609802542978179793627409213e-20
16.3	3.5917228102993049866750202541781627849022100820853960532166410229205103987889098736892384543803057619362465483004058143018688697644685483576502721397095156431608724529281826205095310311485446208517e-10	3.146688237582833060202130777069021801401598655977637715410993584151096227853503236218372398947806035920401002388840987672465265317150899086979775317254444897306195249572881973953549957794e-20
16.400000000000002	3.1441356915648982813987295729704919139213357741314055494209223806299785272965798556469225238474193166578296633902855222829828791650403118165337894033933878965415889001709124505365088301596910993566e-10	3.5945864097969524002792977816942558329527986508365787478804949621375777472847752474391837730914257736383568496880471164308708075879231104043276784623600933331395770101535621186185731785e-20
16.5	2.7523252124649609352615561733063881690269857347368592249520842276891647234130498414341278929298112840661009802850341735305043746569074196493532063539234639756140209939101389228996574170929916383161e-10	4.106259790088719839643976409364211877402902064561747008549324391588155079914958080031283680360777257092595599251693058540916734913013937493297073944471635674167972138305775642900519232562e-20
16.6	2.4093406959163137260478535698845319311277223828030879198833938874455221470703037287655667597908528971241573274051649030996612116799767472175832535026262607065131174688127685576526615334433593817047e-10	4.69078335164826294738999098712014975260002800639688148586025557230996866173142251057267592744472946079113467742255595750985558937352322807934209760755285746156470628069919746204448476299e-20
16.7	2.109097632325092735903181614246795948402299832881749585830440322635491839215576526061862778151135038177409918786226689354057769634774000665969344190739000906154587579498818517839513829265097121001e-10	5.358524978829926180918901983877861401696568966107875065286030661320412227859862562304548509328740291324056620758821639084186801105189706960685142176740943901760522202445343527890657058836e-20
16.8	1.8462697410203955225060715367443463733393712471850034087728542039148158964895816627440182430892312384797566199345688213958255903663351640333101726731475430525338300514115822756152227762542824417781e-10	6.121329241931305640524135112935544292936449567054606921501388789165659042801642672100540458749251408217585688126174108448990315526741338923038546691792100462797342165784544648713002293095e-20
16.900000000000002	1.6161944825900336827145230586682409038093663232387718914956994287653037393797060689078863816294239557055361599231434130376881717072317468283138414985157345961135529205364113075999973747645434778316e-10	6.992727408876590161147602210644095082296198909932230803520882892365750359160992205339860116522150732542402886568727346576773565492767463032159619040623486499664982846311001107414054259992e-20
17.	1.4147903459170711179420512588252460953830579118410875114672942000900070644555047777606373758771848423820365777199510272652190791162083359700884810423437559326298280898142081711145162533403501438069e-10	7.988177408403693744895723748770265742635966156154646974089341375022886721713663260078712271974576303419724477085933080658399325914751795682606863913926916616282319230933219837299477479216e-20
17.1	1.23848444259779264354403137483980559215462569822044580591221565925044100118272200678566875343162472240597005710693808631762396490313288598994114127784734824124292553816316785812707221423855368059947e-10	9.1253379936602613261736433580194887568158132566932840106163986023072252945611702305087732437521342029767971306063297839200483127659960541473201757308334886583013238985933528819480115974531e-20
17.2	1.08414912427362040846173512257423600651089630792827729617030302658663725673791253064337985955161262119351074596251242795670367919160173371572729799685557762025208243248352345926505536619314441764168e-10	1.04243819639919502224680090662284824855219208393732439829541444412737296913985378794038499796060559144967727256025837005304507727551117281455142174786189543576769620793339104308168391420592e-19
17.3	9.490464984750490819568740916163088022209328053319837379125051837628121584492932989846675143269084475030973291556346501726392559261438942678133723926322640594923484936401501919222301575793836985148e-11	1.1908353997175730012310792763248262274847392186082383049546373897943499878504660501133415194372911201912214018313178932707235012851723912154843605838774996895041574544648940832483527276856e-19
17.400000000000002	8.3077985869445116589566033385569808271651791967038235390950790002104396278459867811743556234158854504602125106848614005526976329008501517767659345586418330007638800133195696884601596265944451004647e-11	1.36035794368893683909306380204681611966493012820969300077878946781250040335212066212499738572436556166453014094667206216755319790192766749606746353639256547296858562235500268820215570034859e-19
17.5	7.2725116706230367144642745732813896648626777155006639636699823693428722633441179319696616004556216155294843048242804795632447719818593269469040352742006258911258942155870766078069377925268408834022e-11	1.55401312849908108364184448599639764493298769800769387159262506575127229180075907683924295000596015813734615235552172706674852006928207857270628345636848742468029947862520951792183555318943e-19
17.6	6.3662383537394157650260779605491378937081149881552543578067109129442047273873113185694541824079214883270085944704022463052184749531174830118798208950954333827351825156301084357762071980536748211157e-11	1.77523636813428375888729295823580123966158563056315303099928679121044003479160135523747852662822009361441400367338653089743285073878600672691956890579732569755103858050429578381384637009943e-19
17.7	5.5729014420612988042547835592847993163321861300890056190950828758280169683527620486564611577120202242969773554297294782585452406831447476020487467246756798643326303795568492054743160005535726652739e-11	2.0279521333848869651974185899016855482754724323246697176300070368598541103428612294058449349208262243100886585325830967764535890182781101222120857608252902959003245628390334012801951390115e-19
17.8	4.8784272214197629111619740860702379993972355092186433934539504499466000144862168658656339164237403263635211541181354638110912439121615470328411497309767744310224561983038139637232562964730305921468e-11	2.31664357090418168338095895257025325073553539667092938103629858419096669211432267308964771573908512096804104358626745361170027644962298011573141281722256900476820034656775704525585793334491e-19
17.900000000000002	4.270495791486055887787575899724012504176373672486049469844751126129001185574949419184645259767383192405934330431218816164956113312339766048236727921602991518768319041626425722407096208308138524572e-11	2.64643203329297957807714828605854306007263260609161056855054091045276045636862061980525887213666824475895489604045583492086430152694607814428811054673429016502576268243773348247456367154792e-19
18.	3.738322512023164563000702833212016044995643287090742701439946641019811652829339601061349428171813685200307769599704178326973301591882490686539765707573116043452762114104122473002622799212095014453e-11	3.02316793101824126653874705387117123626422511598991562051508758255063213504250931897148848664678227011634295128103273679095294347581039712476954073490913991175569860891879216197601588165644e-19
18.1	3.2724666844914779730102784949446705577524146001880734739532625564299990520446400496435851172708584913656403002536326998385138166468761778916345925449874393698326858901837666053562774146223172612576e-11	3.45353451783500185083282692487260969927679239692612134085334358806339197739043296887043405048077603757203675952524050372065158228125604346793054951143093933651240273658357664756553081322736e-19
18.2	2.8646640750401600850412539369446062499174048659172161081646181128279678611179359342097198152616107210885803302391938145055283863126864493911061325727409021695729246948239291407757244084026830608295e-11	3.94516645082911404622150413343072291142152636985384008753975432312386765029034191604542152676580209414781938200786880165390221748351644488507025644023714730411476473266678977229606786192191e-19
18.3	2.5076803078595455904333064722723487106170871633569410352046836921935416540946144013179749177780754376578810253614758933478049672424833377118434944534535012386968865606152322851808080449729191497976e-11	4.50678522830533422701655262557868589630431483819551828078092942403458500263583518294555395676245952867661983358160680380446643413022355571393358197398323489647002426841995450137661444097292e-19
18.400000000000002	2.195182528107902715583533905793866675655886364521840519336063795002457963095301136743097105188774526871314868740832566875637744904604687369926832753851402517831703303323951375642506586804693537704e-11	5.14835390816143580918503277476524125024913938453488388956235486095964255676265917135835238729114681392385120622469696220901144669489012832060714943228696824524404521451578034209789205321422e-19
18.5	1.9216270577262530745840101904921604775924218005408394672423084357055837832872946442787285263241553848460595262363499068297165592507339561364475416984057829805723378621089280071431948223011829031409e-11	5.88125385142645360701756949583604912847487952343511747785464527722782606334490793619920158333490064551870246837133394707437150718988433531540160315260064553709134634872134478315444210898922e-19
18.6	1.6821610511671066929879335824193584196793351479719552277377591151667139794431468812999575764527394220236063523790686237229322499771321658858479180231919405843879746746711977933248604332736328187462e-11	6.71848662636791121064704598388163277211181046929868933372201546600402891273247275704271350468167214155371041068147183035589638925714916294637283267712248831341846869555953929870928953891145e-19
18.7	1.4725364064199847749338567828523891215400413624134782286989365207505859441407729376578478837166991832311193427138615109446083253414769804632496842948501621439624198941898879181544653458843717487244e-11	7.67490465492067619865125654375471590109404405860837418224880454078021612241331501335048549815828187799479697002627087864181465987046473591866939449772307978760561882439798961079892087772728e-19
18.8	1.28903440412429112999835148278886653995627740039911306029251446630349222959553405522470723349772917587519354810550291688424938394410687836721042540735461212673856434108887532826924844842107943938205e-11	8.767474693077280651089745171697830932869172702764154941407951511210872594808446420814754066936790288279991680733522506069267549668359004169897852614920934211982044414292964466471402791084708e-19
18.900000000000002	1.12839973787524516485811786650767415488928791106080385109544629542834508571165416337560938067383174893056116348976666351275012845683867359088252693069469686651492692918776916958478556316646289668475e-11	1.0015578819351622885431324396514806907263356032996151126486212476804270188938672042417789308488588634312041869765458805078031540017434200409953701462140782644148515060102519339576475679547098e-18
19.	9.8778276542737594871181202896445072401026743441536998567231006147264296830729041103005777766661503317441707864445854286175409131286418367000908422286051816896599818771759251517748929697726852772637e-12	1.1441358270818026934609640439062984690557703636595246233690581235870342429962109301023776989922036133974893822652763701668660018167717813795383046315155397465975207866262415921367660572918068e-18
19.1	8.6468895633794319970521218246760551208461274924066293969063712874972034746146296685697280711741283893398424463507892741037706673894167257637120322063903947480383594237217661989678999888093028164704e-12	1.3070106226339704063694755210940488546497434835361369726618486632554994403973711739411062355459286434451020216497631943527172403059550183256690218562203218493577542295005333666093834124632822e-18
19.200000000000003	7.5693463925674566880126282196298895363995412861506391510676155165278903424862347266142380563614276145442061753356049006933218959399991865717807723202253888171204373523027158158487002487385133083837e-12	1.4930716504919098976749187309808828215131102806488021692421618571567913076788717864284059656302248950819014132645683410906121220909285957352569738846165143819471936848423974121527364534289725e-18
19.3	6.6260826382384805721557826826071518693096328482300532482698709725209634293710234236528143819290792969472202239689456404280692912763030434182692020373383508322266818604994905600309633733685026323441e-12	1.7056196139031330708969190513092563661414114722470595141461257146852750281660274689113375016476066292451835603820096413233140742486289499588067487558828858190638484251463145355147986496191281e-18
19.400000000000002	5.8003648996532760534540929546870428389948390830259658361579669560381696181416213424988232886999954393658806384100027622904952331207978941707277376264080426133600207065717282968536147200356284266346e-12	1.9484250915937695843554910185756433308383286477697397815466822498931979355041879401356823862590514230108710265225250472714446616331019597847733794163046888941557287937430873840266481012057587e-18
19.5	5.0775450301467947579715685546640551367758566793404548595505546300831531734583102888052332185451165577073664324155445771996212529828175674699667349915770971932011900511014455096679843754330612728972e-12	2.2257954274420721114542690013910920107851145573333184913617485479641194523510082540960117492733427842610409688289443155972679227283900911629822768485554490107436540352363924870419705575332956e-18
19.6	4.4448002805322702339741649237333360962004730822095663888367336096490671714553792095678372919539802609287184260333329833503807149746938204019897680281204109851252746437624988931166204764208854723938e-12	2.5426511423098860039046961635227446985403338968194184206328461791693188251981654155010619979514536652533501559909555659303751188650352858711723861939649985616240647335838263400315033673947541e-18
19.700000000000003	3.890905824866428332091357582007339222659399997497662086621587541918912240905084027827694796370010842307723286627517110894416367718107597254904095647961743065065124189135598891390913934854859810324e-12	2.9046132235699913819043675846685218318228330969637847373937043728974220237731029233276760402430262891146603861238308430128954017919778790723168821522745516511281808596500683651167477260870262e-18
19.8	3.4060356332065767598862439962037410353177083820811635895409582034749679475574526814923020742176049282499447049810057948385005523882427632275278949990856611639016390956200268325233245303365966629035e-12	3.3181028408364232907211435645452295756665081709158413407787654923866556731877784158546497284556665049633251096977478032808034475551944448842946928035785716699676015200863210365190583058796134e-18
19.900000000000002	2.9815881588630282519621589579849141664033178461437663691103929639737149667531050711336029618032575480242641179993855336506237128285891450229967714290900830280082305133662665501245303013248741934763e-12	3.7904552568444262984380820305623406105325170751832412950778769253990816362206078788806756560267500592777779928251634281244281000527873022728380981779379907577892638765375132030551726408275557e-18
20.	2.6100337478568740158779649205687993456208369889863669979155710612567393902251202311470957328914613062349390926187061536411959275929263468017353288869091154077435925829582944706229795119199784059785e-12	4.3300499542471788692474473642141708788075418330672598486658604154537253124636493130390011426316404684965900470192325248613861322358880447272404998059789053660574479449568008788679853680992149e-18
20.1	2.2847810636427841618131194638586403150177100063007465753093081274644442301478568638586662573259147236901103757641171629831250056401952789924437543697321676101214335433097793824202694631525741914644e-12	4.9464592867650994143220524350776248399245934077663089226016640902849640213961247713744823399056304540165264882910444076214622036186449837323885982779263336731968680282836602708551471237109537e-18
20.200000000000003	2.0000601574853325263518922373942820790923846011362256400705409473739871359965385540689505986766251945130281685527592133756034575391453952832328446310753821796712559599074209138328324911222915696754e-12	5.6506182917436326863364783829962068071391012318945952014677731887288339671231196778268584460842787633920015349960970621592185120388445125495964990987691256399935043035922859659829093410283074e-18
20.3	1.7508201101695027966662209855513458488887649703247990396440462399067981998999436733061882391067520700986445934451790654065196406570015226744290143710577613157583365501371596884075593769184663608231e-12	6.4550186765765984203380500688382982273136237673465844762961617766507532226998793554675864446755122655390974845767283294898555978176005490888472742549387340622669384895435158897073239287010526e-18
20.400000000000002	1.5326394292199832787705755515990983340612668218677238775848519352012794615753946889912805064808478184781262965200821869179343496338452547336189435259258491902450786745966689513815380860926827063334e-12	7.3739304202940418411278825352945647747419551537127349380761973108471806769989003362161085494906883133654033974716740650682470902467589062993391228732614337167596650500619718678831476384407608e-18
20.5	1.3416476120852547850816897604024205510940101400863987649920208513829476342052607224989182546739618092917388151518766449775711581545161454758153585525759540725714879797520563864885222473603129814149e-12	8.4236549215036678284850253269036976680746653440784509375785953739801416868030123637788044752125101773997457544645929361470867049962143516554859257668253614962625263035952740482051075045457072e-18
20.6	1.17445648382552835495419420629589954192267440090280056262528917419208409742226969666142944290169070443978241044979956216606048982280189506923691706129217028098880186159318071565798625306552626853661e-12	9.62281418350396731144919611477203884076782861398853177457346688200123454309600880324408589131741136033960105667627731446666587584722237713885245535681995208583651931061134493948918358219197575e-18
20.700000000000003	1.02810009124226957899392474730533492659324269663568133684852834334391935955692567490973093031174442726199613484707703245473989131554717875199984400522614392864531395816774599104342091053076434009225e-12	1.099268116668281653663401723722494346438585728633077575671216690552278954384635321366489314554656672350962914820171595325961781706129681051703746088844526156043897709021827952164459169468238765e-17
20.8	8.9998208717742869453536735221093948389033943387298579097725647909234909996242171053403713275010712165426996415767393534599335822548850218824912121293441397150754350413282920264457448404148525702621e-13	1.255755716861868588368863355578097825100875428699388973082645425761092039077612910617729322103140632901690919031074253089963845542065351857855622363584199601604083352436480213718565996560044214e-17
20.900000000000002	7.8782967158532592697174202860935671895667282640435760389695874408905621260220718637800709430326016461899895033845249187774873781605629803527026476050697948027776523163651617884326775167949568325054e-13	1.434520292656814036736369175203110392395886338037768906773875103476110471645466502532100273895996793773122089892494442600075867324239578026725439605896491625911407872133043526139818162675030461e-17
21.	6.8965327229660541733403746545480883547170891023847073128957001127630466172290216933899507271447434260067642725151924520192488113547918126940179247185212320263842057887356313591925612891432135169363e-13	1.6387331090052850497501120690042901965786211394242170896961422062758471433065220922388079016092744381053872832389014262209906484484128630568899470041817742466736907144521608389308862938834333e-17
21.1	6.0371125021521045257730123914392137399936857905698951717204556200593155830394068936807051202652484570049917683342239009465485371764839299595406779638556969406899761544997708207915884125607777598297e-13	1.872016879995850447752819793839427768568195720877143769841368493727246559994666908137760204073838463910460808777327767020730591264307297466469375480335073020569148625322168382165495642762461035e-17
21.200000000000003	5.2847900282225110292982083620948232084585874981038176290814321963118166231777208629026851682090490401121902007182770084353862380888794535028338583407134883665205447095777554774658152053963566706533e-13	2.138510035424023072245061709718698559736642026839668631484965656118008328919903917633179347129547185246449249936303433055522905376565584410420491075441520698615451095186295938045372693067276444e-17
21.3	4.6262191788614145735569691231127776777448005663100492790106068851061018736068652425549256580991709652750696490344219512781887300729548430102450221601799848664944659981716084894567974959985874582338e-13	2.442940136105719636548111869155145032811623234714423398765608313762533196273594890690196898270865490693862080035230684029568278077244971169682430721308671813690465144356249851814534416676198002e-17
21.400000000000002	4.0497169758064178350449144498178783075133177075102560108284272492460646741373878145614893218658302102137188853790292173786369677594124288523280951454749552936313463335585893333408857267996267541157e-13	2.7907077403136510527845959073580140280423557358208586392596709090804894086740679431348346351106828047516695610165452563515634335652166212631128885424301655009362896388292759712297726617082054e-17
21.5	3.5450563300312606654600343902231530868532245826501428264257103848927379517884088267421518492642771836568704961863933740850286533843686813256696068289792769210324580130901454038215266261648570480294e-13	3.187982209118488177800378240961959540978328108299607751672692212238161655653139899018439180280809332394376379489015650842045195885091696686313068589568052604445082046462183059775673295178315732e-17
21.6	3.1032846142518802761285042644124900716042479716971636834022944571120079577767670415435299806933315342828837852871657028609166746678228609624432973587775871427253936959262525616378139318874710226904e-13	3.641811150211574927712669855900190882162078027189162837767427830287694872853213382601032775414239715066177468013842217241381647974343041225069244635283106653246578580697973737111373467751340461e-17
21.700000000000003	2.7165648442510135635358260784560380911318586324084191334728859751261238882581802759355596549374140129820415402093546643075716407586714850961012387360214860222061369727865453143359312028484371360818e-13	4.160245441731202601732790540436384455121968406497079832784113545990340857407448289736259427294243728217580162887145003704682384837194926164151574356086267699424322668761144542067012159513882539e-17
21.8	2.3780366515945846312376703294870536061425057134568291516888256762632041638442227972863058189878018817179907491557823207547844738052312628470632738307829965778716942267584352324494302993093291128614e-13	4.752482054002099417924300795901851746242308928758754459258695419999205167993465390402611248796516875108050797649486827760878515686592474009772377615509908117732771507597651733789801258317102979e-17
21.900000000000002	2.0816945814103491051307093090228304027321730841012842164095857747827507052281727437345861519566873899056725315272158862491815626316420140425627367644989660659778602877589835806988527363291234108477e-13	5.429027202830915641086590566492534889325046345943498864360649146254330190800370551034703081873240398821683266845005574010823041889503573219153495814231912184059408580833459508858388428729964276e-17
22.	1.8222815562440664717240957760366997585154945492617932321750702196382273398135676742336386045729778687284005790516998088793060503094764855520962181615358581028795315288842385176350608866114185417389e-13	6.201882728680170047166854510358842848078434395387758448699106545077850806833143583297766144959975117661600673997948278944821887270576008717647871264371080241808342700091258963346712850727689657e-17
22.1	1.5951956160531071211358285601596255693279370435239925397570932827802194644523838479654499857599930111290254460377453917297712102886144850861481053989836116024887849140842301722811772790165419239007e-13	7.084759008067787864852453518300061155159536439724435967687011069069036040783756629447034292840163128014167033718805913201021230257728719909246274630823588260421496865960636717858385508730931875e-17
22.200000000000003	1.3964082799146958537915160103544020398634479938707565262274920903166351825034365716538399136766109356701226801085550188935983868187899681451823548406364225818044394367402001001305933363770490984387e-13	8.093318174218278387888226145293080843747280065795721564342989663924626971538416270505824737243726069687164665160372141395855613698000682299276928877552679438785860930806573763689430640243891482e-17
22.3	1.2223930811940005923649372359501109526843609725999764314239322991035649181366202071533803684738343705287681205087621498265415747374239408993162732989714688252075352310056662479958395189458213378584e-13	9.2454519616745671354772606533239890715624920036081427706164111034707149942084824788841503404219092800956853730336502189563213485406033460447361110274758986839639802714765683285926628400520151679e-17
22.400000000000002	1.07006300839339289511136023853971396037338980489472359946606938223758418403235934417908141577428234940426807359785222246414358230851606593674937951689886961129588244767122408526435740195232789707776e-13	1.05615991038049525698315169443583921392135659645120917451411030485743961275996362590561849611149998294614340006620728141475349847062771363087075350479500685405220813596558797372556019562185429666e-16
22.5	9.367157418900631234169126931691102138192188114061117810530626585724500774619984497279985463325218594380868629270522155477274656725875827337915619906829647225647260623354362900862797268979946808793e-14	1.20651079138038965479156604572268912370701241027819342065740477599212358260834064655434258741983226461639332441792466101751780740771509927202592680118116206021471357761686432902456629444710950845e-16
22.6	8.1998571506742040726099030337810917896650302950627039381921163652372179431904922717504406987110261929386928640789735105563116505166427745235532929592167814610289209486348396690861342837761900142245e-14	1.37826504813358313970914925097330043505479623754333009841440279102415738052494797497336619979344390743422697818900169016011221737341840806123887762065897707853906530480607574517695397840848623059e-16
22.700000000000003	7.1780214940974237736735166349964407530751996663731697795080457320265002284955469374169901489872982566631089141134060289438809276699489911593375326842233759481382684245471617125580309499487146796163e-14	1.57446958326272966655150847018327104006690498190883983378026483750382086338324320371836727953779771058412446482576141134328741517774264877569040809150946919239260460247324229721709853368865613878e-16
22.8	6.2835231910702535830236906126085289768570680931151343730679965048625732393691201838405284965686387310709621605979957467508799123314940202430985380198721416179651216451997555651680618040367303508556e-14	1.79860504478181495702285466468377395496749261475526642593654243329279780530982917091558680423663814129088880697498417178400202494688069796009186906946013336884108086258389625943119032624290193761e-16
22.900000000000002	5.5004939348795189944856642986406524542699519428258460791967200288947730819219075793743180988202282875427451354580498501640421152734661267112638042490098605436268525997797048356196626643550856543702e-14	2.05464757242933523289008252511018241330687029180788589726728153458525798926023561904471114140735441655098258158253968281365215753406860027088448760078008446283469786223822491400699435303117434888e-16
23.	4.8150428680908643649336540166663499321483818696635725741785651881215991425087315792132436827857776990582880812769269783604705136186563917599850938436107288984275765815271048332240971493309105697322e-14	2.34713933397305193052829008383659214523461072634857693032080856922704823884771718431801434531897866835726523188764772972187897407515327342882113055233945595023728476851928117931775960019086338307e-16
23.1	4.2150101601849190498608991202236136733221416337322113081425898998595308695637082779609196575279072662405783210181863356195367121430031267143928885673464752859461327054132742744801991559276363245603e-14	2.68126910279302077048126836030305606085054216653023779545346769801470464978795202133521219465839208273771211283782760159000305209479513016213991213721886805953607959784546279308115314098153320023e-16
23.200000000000003	3.689751293430609191600678027466264537431641633281601509997337778079765753727197102954282220345313809140878371794164438553475103004969203884072142040165795088523918106515072230576553393965101809807e-14	3.06296430618082411315460741111735467356270446602739049081241396597894408068146006449702080959775958854211878106272774927991451480638284959198426595849301006198528820601799677049034895620623831001e-16
23.3	3.2299482302494792883748941275084253338226650275745151279077841818579329497023024741100984214539321490647734522079140494612658766611423686064088355825581237911713767266408536820920747499925981871121e-14	3.49899617728224603970415474526622343273868423484009253283846786649700270917997805656627765814245013518446875696946425562948922769566794921004085152731773997040977685621478375543181929601231476763e-16
23.400000000000002	2.8274441121997378616248993487973251095272224698150335578365873420852953521622217817245206567132719522771350758803982031552757407908992014786264586748643475865598384382629530490770892799965390244557e-14	3.99709987606789922592778664584346845394227919049091944914196732044261267639859730680404773473758125114059570814553099783958866832623237130055674343239036068723803061017570380126073657584771077928e-16
23.5	2.4750985581572240863247467458153567483378675066961567301362666532806190032652634832881808806375170424021081137874892725335362095265568489578007869421667033720306717595870826319592122014597650835562e-14	4.56611171026530917396816878006524348839212127746791506530138508784147945214257407076941731639078674768782828612505560157864147404668025609916275246884889784047344866975471065770962668602168487851e-16
23.6	2.1666609946980997477380465090548098731085245584650868739486513785236697877526784008201327057767445398984128823046907385841325561110461092386808967228630162879678007379432378474303430024959135139859e-14	5.21612589053749626672273443696725001144202258669175474689434342067459034939112905549287507201269962746408096984004291594691928259842497644203107908658864801716516086682506021629744978270566821092e-16
23.700000000000003	1.8966597715774510277119746837268617153565580718273340366196164787142231254788293640779419763674903815094009161057772271123817677033041116632380959991907595597842058140491995708339661943274891316394e-14	5.95867360072859404113765964303105561863579262468582034143741117610769768047686192432290247519055691756505296193147878056297420385894078417670622670146500772999589783903024533591276957838916501107e-16
23.8	1.660305095223941683962248491390703984486590075186052755308626378776791589173864214763477307919426828585593949984636672532264601293157592873494853048843637299487350568342591962200495568453135347321e-14	6.8069275598640066727108172888926656000266397522292738107176442295890813706515815871379461786755274947766023217258090628849162252656106828202727250423270578718950987457125990181208456846707186602e-16
23.900000000000002	1.4534040583008244740116485455762121812227808270719217861485620552969493573358446975460885484120854064670184020183106139882842866258557315675013587020384909961069942269496849616813326852550786299845e-14	7.77593570481367863785050724273265237556222962767239795174493791037867256640726748817978115746249667452545153535220606076152031243679487147222483693447594091497109722102883485838503369142003745274e-16
24.	1.2722862579665747877821717856874264961089368419069731741497744415828658630961104830108092957109701060561836334778328627918328586756453413192368384006695270910182430144951675347568448990617126773487e-14	8.88288813912457954537350748731054600263933063936416983309377901708419193832672190044871924988612420843747254200941782750874544730979507809963343274458864249233319456625951166408645022464104044972e-16
24.1	1.1137386833108386947402256738083588925372151844319025791931187355670451954540754450238382354209150122471128724932158083442817303716916766836045911541974000295805220780939282909344652661613227627488e-14	1.0147422083666883570525787045937757552140564757509036598293622449903743090625576859507106056809396333286658919503912003015581239960324334408086876460740592689341637368022460279223417719454379765657e-15
24.200000000000003	9.7494871687559209186672874189777310268188826437621638019500634741946655089769003621649975803050308223044257049042336797725341762125135752337047982804665193560030460602244545009120458105075323424362e-15	1.1591970238886539106099013227489505259036600604520936560716778723289404232799635009740178835805535529110609206879445169251035540722927299287827812086840538604590645280839308055898222265707532356963e-15
24.3	8.5345423911443401545511936090760299451807388686741974267581325298641038365784625553470414095270006831131781463720641065822786444031693893867530664409811397305801593103324536475823999909727852766664e-15	1.3242158738574299292541295005444147263658338924069467449956528867412976200587366259129604627383598990872351953251853684128250690555793492323460087115009602992158467261210411442702400291105062368845e-15
24.400000000000002	7.4709995064831974578353447956849519968871622305188365214923282186000913585003741355806268314292361728322235727665440823230219236134614366041249357438110918467433590872298864537299226735631250815575e-15	1.5127261754809620010361753776911412162625852191640064904741306985846914620807529687825985330465463898026146292703780377818661941773250047490368713313823033196245573376286455791372040091081307319867e-15
24.5	6.5399913747910044943192273199726996860718437294590473516290206132676949156377807106862655321099937876767796624965479069325536740524914755851534838561813895493407336356931936320534483539803960753794e-15	1.7280720818723772546871262766087487613834542255270616589303099553159734919090561685635297565313220190608368976270641160248718817435224661275269205852856469463901620235374526541425995274612719892406e-15
24.6	5.725002008797405830182227164161310583323489438794791913633623486374930504961378868790258328464775572895241530090547035207847124243519561241972361621721154880386949473327241571678665767165756958168e-15	1.9740738069778409379789243718787496352735230903277549275890462969181242555052384284152086454943307763246760198169397534043939866498833682148994619527813690175051327517450650243069860256080366270444e-15
24.700000000000003	5.0115735820495219518734729311502371710000309550907182492680555140035131979913027062917261299473731030169934628171836644443685760523010660115766129936054206571615071483429492045955534519701091601542e-15	2.2550953957739984306954704985816434618158498072980479114697019644818036233998143546112768202731322095696048527184678879824979090546782203247322950838917987386336821215157864634967855486393228481338e-15
24.8	4.3870499485767896237536012487792993622558379917427407073518608286476264938238810981829201137317086860190231279515345530780047663538964008586718401645283848193140074757400596760174722873589138436132e-15	2.5761221419712454920970110992238792098891152704132320314360880725437860639800544004023738885680855250591107852121715035714017986200377966497000037181552671604416550029978601133576351503784732309488e-15
24.900000000000002	3.8403521241798721647059878421995317215382998831333330641560426983430984424141606471862709550929238809507290145412281884215338619781346317065398755647182483401217698844824332504653834582299856652531e-15	2.9428490266048179264929526676671080187176435774015807686233574458964127675243750840341649372072169290590489381905195112990733110558770638024562229144845748443313675271306745046694664757367824446247e-15
25.	3.3617817464050936886136048623067371653037600578784419928124670899984435943916118291872135148313001969819886037533358200470565269042685052998585664037910972865396860064568324243735186832516653642134e-15	3.3617817464050936886136048623067371653037600578784419928124670899984435943916118291872135148313017674455194052862394814874032733229149881840354957588960381861415477748463307683703780819303438754616e-15
25.1	2.9428490266048179264929526676671080187176435774015807686233574458964127675243750840342816190127924873604243058379367673169173700852653647697642569916730544305606061546722889661904538627835350913577e-15	3.8403521241798721647059878421995317215382998831333330641560426983430984424141606471863876368985026081579359396973722455681337703169743214695468905478758055805692925564327969934878814405465885012343e-15
25.200000000000003	2.5761221419712454920970110992238792098891152704132320314360880725437860639800544004026093309370741909852349586992394828512286504614534791473697899967871566191504462986567366463915231684009928650993e-15	4.3870499485767896237536012487792993622558379917427407073518608286476264938238810981831555561007006052857476431502887481143796447222594949084255686854026984658788109436557233358438113025163336848736e-15
25.3	2.2550953957739984306954704985816434618158498072980479114697019644818036233998143546116352177555503736938335777779782235898533114966562838626949681099423898458832564326686480384299840870527125261262e-15	5.0115735820495219518734729311502371710000309550907182492680555140035131979913027062920845274297946628768472530060654916225827092286254664840374843249772661311157106118361494931201357177076788663489e-15
25.400000000000002	1.9740738069778409379789243718787496352735230903277549275890462969181242555052384284156963831608535866550459405576845478758965212628857582568685675100348582957586067746654171298883018688472277896897e-15	5.725002008797405830182227164161310583323489438794791913633623486374930504961378868790746066131301981853371723617587876514471039801883567375302379848578183331312968287042445243640060349912852733665e-15
25.5	1.7280720818723772546871262766087487613834542255270616589303099553159734919090561685641555237272292933728764977398647354148924178953195731399567138860257107910166101203724762286474365999807949196676e-15	6.5399913747910044943192273199726996860718437294590473516290206132676949156377807106868912993059049276204727917800337804067006643570485713011098126810836515075676553709412024244468807976939472841393e-15
25.6	1.5127261754809620010361753776911412162625852191640064904741306985846914620807529687833734781977323348588329635029413455812164567502082280829346209619628039219120018584136836103979199728635623992134e-15	7.470999506483197457835344795684951996887162230518836521492328218600091358500374135581401776580426319392584414327239552182644091696524793772419846074224254016319076646251900157006836112840616716351e-15
25.700000000000003	1.3242158738574299292541295005444147263658338924069467449956528867412976200587366259138983919673705451923566924615517646648209729074827081915333996346063441778793581511243462497208632954554465765217e-15	8.5345423911443401545511936090760299451807388686741974267581325298641038365784625553479793387560159414473004607918086609394403648390405570567463382541225695674260836764780351434170413875492343607041e-15
25.8	1.1591970238886539106099013227489505259036600604520936560716778723289404232799635009751355066711182971893576901974920980085578563673349255703846362382580307018805130376241071231851964506935696831337e-15	9.7494871687559209186672874189777310268188826437621638019500634741946655089769003621661152033956006717062647651701114502043135190178328317130824297322543336444812343222239093157464019761383312668511e-15
25.900000000000002	1.0147422083666883570525787045937757552140564757509036598293622449903743090625576859520278337730057167734518173438681128797389267797756507440239791259302619008069597215086645553622305084209783339877e-15	1.11373868331083869474022567380835889253721518443190257919311873556704519545407544502396995823012218948848974238648284097790841503290922352544274061924195126507785667447556476151536141915337154313753e-14
26.	8.88288813912457954537350748731054600263933063936416983309377901708419193832672190046412225307501767816344543494682284322701382288900510331888946961959282140454061410960233798402920835521448763397e-16	1.2722862579665747877821717856874264961089368419069731741497744415828658630961104830109633257428596781701315175177510842416431945770137424292447033067805961547571365401187265384025774005774295847772e-14
26.1	7.77593570481367863785050724273265237556222962767239795174493791037867256640726748819768929685655349449856799957867699270004132469969472240626913464375073634002934562527051028513288338191847476396e-16	1.4534040583008244740116485455762121812227808270719217861485620552969493573358446975462676298060266919591944451919583034556862546763866830395231284653766978691863609928262640724215662842378324705394e-14
26.200000000000003	6.8069275598640066727108172888926656000266397522292738107176442295890813706515815871586784987477980307867925346879629668133524921663369559723787767214735431068496674693885771412957598949516169982e-16	1.660305095223941683962248491390703984486590075186052755308626378776791589173864214763684631120150343892897735805435528802428371539050708798672889568191916415307144925619567846886828515163366784565e-14
26.3	5.95867360072859404113765964303105561863579262468582034143741117610769768047686192434682833492296382460927913067820490926528794180664916128712770697872290262788811647913940251573993661050958876068e-16	1.8966597715774510277119746837268617153565580718273340366196164787142231254788293640781812349648153676114992593917256548720032449178468746360805815379825232982665160111571713284736072643223636512765e-14
26.400000000000002	5.21612589053749626672273443696725001144202258669175474689434342067459034939112905552042072525259194972399161990426808484678838810646438232277820071047081526347085580050382568095295939204366041309e-16	2.1666609946980997477380465090548098731085245584650868739486513785236697877526784008204081623091445035745856337843191556177178943144625587647709897499263538053564570125499371797306323089799954911818e-14
26.5	4.56611171026530917396816878006524348839212127746791506530138508784147945214257407080107350582437909636060347340504329956488419533193171668927034414012032081220378551047264014572952478416972366346e-16	2.4750985581572240863247467458153567483378675066961567301362666532806190032652634832884974425318541483006089620693396976757768789890127677963312066162434295535211986130122309476093217187762505011551e-14
26.6	3.99709987606789922592778664584346845394227919049091944914196732044261267639859730684037843477156750033615421091403268592058371122412847386690286894740526686000605937677505153403702524121771083597e-16	2.8274441121997378616248993487973251095272224698150335578365873420852953521622217817248839637136131602043790781210612721617639825098519551099274727318891462067818205566989162623946682414755478564341e-14
26.700000000000003	3.498996177282246039704154745266223432738684234840092532838467866497002709179978056607930122453584110974678547587097318104572090653530253152997480324490484666474360871102153761237668822666185624e-16	3.2299482302494792883748941275084253338226650275745151279077841818579329497023024741105149460970450212510798459909915799911985277328775224769664300559399442748057121564205399515529092169323503093941e-14
26.8	3.06296430618082411315460741111735467356270446602739049081241396597894408068146006454473710235365439414306623803519554937515987164034256766638152415505467776104228860386771467201225256664776686665e-16	3.689751293430609191600678027466264537431641633281601509997337778079765753727197102954759383272874503919242137867179407098467149350980011378432117287356562299905314264543798642955465901115455271682e-14
26.900000000000002	2.68126910279302077048126836030305606085054216653023779545346769801470464978795202138984241084530146948253741758673298557254322466796575979533069966510632104651100113451015431521422646288657868708e-16	4.2150101601849190498608991202236136733221416337322113081425898998595308695637082779614659596897783522426056613173540217822836537550543971474397966046966882837262687287924094213003323837397887370199e-14
27.	2.34713933397305193052829008383659214523461072634857693032080856922704823884771718438053175570479961923312173709787129691107240722622066013117383530975174479598469088093777706635122532912587285271e-16	4.8150428680908643649336540166663499321483818696635725741785651881215991425087315792138688568896381816035979356055822475534686709754452483329641427703859586578710407899935900114396081906099387755463e-14
27.1	2.05464757242933523289008252511018241330687029180788589726728153458525798926023561911622953195664574914707202401279235593203587873865090258228023072201650887957422083242191945676323820269766305798e-16	5.5004939348795189944856642986406524542699519428258460791967200288947730819219075793750332827257237952999794127371998240671745694838613556326075342415302726609451763241718204107682735984309511803384e-14
27.200000000000003	1.79860504478181495702285466468377395496749261475526642593654243329279780530982917099738031888995708650364674343489303792555720141008496261024268270835027890687755747381315449618638414086695310025e-16	6.2835231910702535830236906126085289768570680931151343730679965048625732393691201838413464317151748825647092036709179900438051478088244720221636090378892216482856754613586348453746805322765317360854e-14
27.3	1.57446958326272966655150847018327104006690498190883983378026483750382086338324320381189311986662549506383721766489452748663045977877917809920977651406991725377266319548564160101698109021853941751e-16	7.1780214940974237736735166349964407530751996663731697795080457320265002284955469374179254073905899169185669126235728633267134085238838595960251343890883577258170497855242357373529229464315147026997e-14
27.400000000000002	1.37826504813358313970914925097330043505479623754333009841440279102415738052494797508029058593896032023627124707986712016335825768875236806226229000229751615182013536715066029558923263041439124877e-16	8.1998571506742040726099030337810917896650302950627039381921163652372179431904922717515099425724852200815807873893119899284239448074228104863674757315013484111779146510493338287615229260742419914689e-14
27.5	1.20651079138038965479156604572268912370701241027819342065740477599212358260834064667657044282556906338287574723623631071395115313421238800100771989822714988519922281680587989915385333783011104481e-16	9.3671574189006312341691269316911021381921881140611178105306265857245007746199844972812077418792803747588855652609804490049370746597122912913321831552026507798217619713643901907985345770048080854909e-14
27.6	1.05615991038049525698315169443583921392135659645120917451411030485743961275996362604532738490157242010616443350325932264559383545858167158962746713665596593412350839524361498427804945288807744555e-16	1.07006300839339289511136023853971396037338980489472359946606938223758418403235934417922112466307292586848695704307805217313709198195307715858190102514949415668136377393854705197260355930871841403152e-13
27.700000000000003	9.24545196167456713547726065332398907156249200360814277061641110347071499420848248048093955660293139841372028992065442920628268524780396502397476263622853461453570048778438350437386319798283223e-17	1.22239308119400059236493723595011095268436097259997643142393229910356491813662020715354004739545304851361717160237920461956486378664394407489501556506090308979032615708980076218647553739777300711964e-13
27.8	8.093318174218278387888226145293080843747280065795721564342989663924626971538416272330762059837990380592555573612766940215816774790446608337920487309737350368788554659954617066866332355115263537e-17	1.3964082799146958537915160103544020398634479938707565262274920903166351825034365716540224074088710198333036176217185553113562057765512495852457664600933541160643424549417717560802577662368619719802e-13
27.900000000000002	7.084759008067787864852453518300061155159536439724435967687011069069036040783756631532632098273131508252755055615170816938720056977548810681243717420846345358480531742490386141223004649344987976e-17	1.5951956160531071211358285601596255693279370435239925397570932827802194644523838479656585455405370592839493854765188785950285502215826671426922841946372309295675242047493273292500784650590165499706e-13
28.	6.201882728680170047166854510358842848078434395387758448699106545077850806833143585681180635854990555387918743327375081879445867563890291521991395524946714986707648169840659061519648614577268462e-17	1.8222815562440664717240957760366997585154945492617932321750702196382273398135676742338769460220682283687487382944386791893565670526628988049156207645107092344164361578342005511856426008256076792299e-13
28.1	5.429027202830915641086590566492534889325046345943498864360649146254330190800370553758396247565752326464342553953843592723995018036176746805360407512083436754114432107867382264702274054357772624e-17	2.0816945814103491051307093090228304027321730841012842164095857747827507052281727437348585212732576208692503134392375197021268430691740116080526764852995354654468008486936505198336175193128621251194e-13
28.200000000000003	4.752482054002099417924300795901851746242308928758754459258695419999205167993465393515107351689295811775230982457162673622443745026439590623805125374240107187955510723407838575082269374942432724e-17	2.3780366515945846312376703294870536061425057134568291516888256762632041638442227972866170685980922777005314345895842232243735959009890941207082740980561057522132541139785449880699335612513511977697e-13
28.3	4.160245441731202601732790540436384455121968406497079832784113545990340857407448293293009492321484312529638971835203860652719288296183546515249087349819689218553319065292964116580188391235485513e-17	2.716564844251013563535826078456038091131858632408419133472885975126123888258180275935915329943918011691427625442048467155653403317193862223335173980140063624893855222440527148277697394963432919698e-13
28.400000000000002	3.641811150211574927712669855900190882162078027189162837767427830287694872853213386665402484024008089020586919016934501558527208811354672134947433191257657923074261614944778783355805343112510406e-17	3.1032846142518802761285042644124900716042479716971636834022944571120079577767670415439364176641939615824972217013388302705618092748606679560692337690489297998022832189334864466284525413437325492631e-13
28.5	3.187982209118488177800378240961959540978328108299607751672692212238161655653139903662837768872394574668768391301290499476248554815122986348990094228635788572625440282187081006975290395122148225e-17	3.5450563300312606654600343902231530868532245826501428264257103848927379517884088267426162891231379871520530586459593039318412360392135959068281959394014981337458024166750423548901261645992668068468e-13
28.6	2.790707740313651052784595907358014028042355735820858639259670909080489408674067948442004909944171474127577886298315065011601941955481068477889595556330600816278200955076170017263980017880463287e-17	4.0497169758064178350449144498178783075133177075102560108284272492460646741373878145620200388933154131163857809195387174553708430062494312514747220749543189433898704581945176250173773155948275342869e-13
28.700000000000003	2.442940136105719636548111869155145032811623234714423398765608313762533196273594896754689349254934098561709964942729226276681960072794522333566379453597544496003550830097764535698603174081088444e-17	4.626219178861414573556969123112777677744800566310049279010606885106101873606865242555532107344271437810173030987356297438527781494101180734805101777111469847912000601986820332786720355975741527879e-13
28.8	2.138510035424023072245061709718698559736642026839668631484965656118008328919903924563036622727798545092252007664899021933983927900989958312038025642662480137082787812396470150454978875122794976e-17	5.2847900282225110292982083620948232084585874981038176290814321963118166231777208629033781539366111164729146383597370367686728415059617134175022161373146086388262026556129515583697105242581536938648e-13
28.900000000000002	1.872016879995850447752819793839427768568195720877143769841368493727246559994666916056441957282265044060531051910140254694424490598102848490209598213703879719176152152318131065967360420865412774e-17	6.0371125021521045257730123914392137399936857905698951717204556200593155830394068936814969884405716466871927860589255111680664535423436021794242983174041589568234198297277696059612219946483054234675e-13
29.	1.638733109005285049750112069004290196578621139424217089696142206275847143306522101287390299315431074806417992810319161618612967621278491973224582411880219703175071317937472304215902255373307867e-17	6.8965327229660541733403746545480883547170891023847073128957001127630466172290216933908555853845162581691350693045832321630461163702944323360746164838386644893796901226225024759510554702191677178905e-13
29.1	1.434520292656814036736369175203110392395886338037768906773875103476110471645466512871789355227091565829767805122803618072201080791407549323240863721210857160602859336554190891633026668938925378e-17	7.8782967158532592697174202860935671895667282640435760389695874408905621260220718637811049119407363274596612033955451158071912549298909137407091609186765897495242198556323517209190417640607262707009e-13
29.200000000000003	1.255755716861868588368863355578097825100875428699388973082645425761092039077612922432732982782694663136725544389323882757827262653471950101979722947462833804629696504997978716621893433242156442e-17	8.9998208717742869453536735221093948389033943387298579097725647909234909996242171053415528278671389837846384900425329011407671783362894731164120102976676870860470659225477438068336282325720454672689e-13
29.3	1.099268116668281653663401723722494346438585728633077575671216690552278954384635334867299083430308483035800216236764562463993515041164297263697299395276786733157785436918668089487198414802485202e-17	1.02810009124226957899392474730533492659324269663568133684852834334391935955692567490986593840943275256819891926480032978223931916697838658805079236419051159518390208785309470179509928488365219362824e-12
29.400000000000002	9.6228141835039673114491961147720388407678286139885317745734668820012345430960089575154966373714748518290062804869916862004486121519116803334988504106617254130367007501045707756878022769648292e-18	1.17445648382552835495419420629589954192267440090280056262528917419208409742226969666158371431243541977133061157506280378143661912609874738975903558791014352097721357611546365425958484881847709852473e-12
29.5	8.423654921503667828485025326903697668074665344078450937578595373980141686803012540061967978602904431933762784235828363170401240282950064502622360950104268768888849413362997488859459628858317e-18	1.3416476120852547850816897604024205510940101400863987649920208513829476342052607224990945378374619230836798303568540440039826922160903055060671009355349832800042245599313920042383409525373161576035e-12
29.6	7.3739304202940418411278825352945647747419551537127349380761973108471806769989005376516173726633810463640574966381854387537176935557844915170269798465279806063310434925688057680074708028608818e-18	1.5326394292199832787705755515990983340612668218677238775848519352012794615753946889914819419896636400405872633834496632838147849433171165220375033258972465875654123154855479506096013310254470939127e-12
29.700000000000003	6.4550186765765984203380500688382982273136237673465844762961617766507532226998795856441375942829957140183938350376318103716964225697824338089278614410594543918444055301237130168854198927495873e-18	1.75082011016950279666622098555134584888876497032479903964404623990679819989994367330641841565788582959300058431042186820717321578858485418135561819279808494738479632421150211679690972928783597526e-12
29.8	5.6506182917436326863364783829962068071391012318945952014677731887288339671231199408451882112159173841605250443817707851121156772723506679369751860551388226859681308523502651073026115358054256e-18	2.0000601574853325263518922373942820790923846011362256400705409473739871359965385540692136170063568378865394394307935623534659806816791166971608854468850902832285397823786388333509003450458418980032e-12
29.900000000000002	4.9464592867650994143220524350776248399245934077663089226016640902849640213961250719204234263575039600756195260641164933750629227004052327325915242321580862106300606199857757210392468249057292e-18	2.2847810636427841618131194638586403150177100063007465753093081274644442301478568638589668032669311535164424695233739246858342970698623830779469235846715580511895950117694909481603367426136738303699e-12
30.	4.3300499542471788692474473642141708788075418330672598486658604154537253124636496564669636634954118274740362797161365249120001261238609127569288167585694297300847905471359353630345041811427545e-18	2.6100337478568740158779649205687993456208369889863669979155710612567393902251202311474391608538365861468332391968099283321522241118223405630444811824935737572794445475463826857705148757286656361613e-12
30.1	3.79045525684442629843808203056234061053251707518324129507787692539908163622060827130903924910942061801620068248942837511458438688443240964556832011707142977598457065435685257138117016102042e-18	2.9815881588630282519621589579849141664033178461437663691103929639737149667531050711339953901665488797727102932786229136035607388282017234180296661403081605642223970221481408087042970524005122885651e-12
30.200000000000003	3.3181028408364232907211435645452295756665081709158413407787654923866556731877788642747662809399369201214075823765276988986635862576845771594165708573194782064840057822735143888411150255014002e-18	3.4060356332065767598862439962037410353177083820811635895409582034749679475574526814927504943335330355550949491284652386762155569103734053250432721580483286171058624547041499778038670086389735745896e-12
30.3	2.9046132235699913819043675846685218318228330969637847373937043728974220237731034357284249944373892035746765150299715394519701557242364633318941573198210711455573629376356266063779677544951606e-18	3.8909058248664283320913575820073392226593999974976620866215875419189122409050840278282071971176742957371403671442190881887799883484915136979173013322690457391110785787837739502329983890339369124559e-12
30.400000000000002	2.5426511423098860039046961635227446985403338968194184206328461791693188251981660010111773157919430458062903845221676064478942517993652863529961730924735722776179710428462415924299770952587205e-18	4.4448002805322702339741649237333360962004730822095663888367336096490671714553792095684228020666311988451084169967994270384753194655287225569213867724730993084728083608706351712569624040605280022928e-12
30.5	2.2257954274420721114542690013910920107851145573333184913617485479641194523510089231467162779566997515127302379726708768696239009963665357358779240216968806369145838875756156423601188841073536e-18	5.0775450301467947579715685546640551367758566793404548595505546300831531734583102888059022692441365127885600392217084801162468667481443122676564364990788029079834927603736726778410097358239690759798e-12
30.6	1.9484250915937695843554910185756433308383286477697397815466822498931979355041887046465272629931131988123487296127404842281784694017448133583098419708855582574430523220123380881602362658648697e-18	5.8003648996532760534540929546870428389948390830259658361579669560381696181416213424995877995334951917925039460368415100051704902462012853979916716476880187611938099974662059167074932637938476910667e-12
30.700000000000003	1.7056196139031330708969190513092563661414114722470595141461257146852750281660283425025578680478895153410884269838829669374598247317405721007487819006317108851836638261943192261416365121505129e-18	6.6260826382384805721557826826071518693096328482300532482698709725209634293710234236536879731259512692794870416193624050983551458930903459095554892116907156842607684670268857754626312137186085020086e-12
30.8	1.493071650491909897674918730980882821513110280648802169242161857156791307678872784663577122007618997878048746902962862339253727502818340769156771893476116577935745000084547487847906011527883e-18	7.5693463925674566880126282196298895363995412861506391510676155165278903424862347266152362914840683556919974831721121637868695578207907361756895652267649168419876499739838383742380279520105128828329e-12
30.900000000000002	1.3070106226339704063694755210940488546497434835361369726618486632554994403973723146044251265975763974760617260597519922641251740975556900255949290067563170532863554291865001599659082906174019e-18	8.6468895633794319970521218246760551208461274924066293969063712874972034746146296685708687343928380659025341354269670590267816801917065885942180626641657644354831335877671404440271203676415355775046e-12
31.	1.14413582708180269346096404390629846905577036365952462336905812358703424299621223351551343562638497740688359044022109262596368584269576314659657793428805730412590482349855895518041050519946e-18	9.8778276542737594871181202896445072401026743441536998567231006147264296830729041103018811895950225327160395376700991087721602282329268995999190103958468326833906746322819142242664947037523353361395e-12
31.1	1.0015578819351622885431324396514806907263356032996151126486212476804270188938686936259450088907251922410898221361342744552171670704645116968091842130596010124067990188930526292192563379379854e-18	1.12839973787524516485811786650767415488928791106080385109544629542834508571165416337575831904772448384081280533389399809224886147421418278955526139638914520305240805215324895759943910695694580182848e-11
31.200000000000003	8.76747469307728065108974517169783093286917270276415494140795151121087259480846343971190214298048119766176567714613709864072690446567017858468601237372721375188497374882953021433713679489646e-19	1.2890344041242911299983514827888665399562774003991130602925144663034922295955340552248774223810087478420558959427381223255238482512080209423878064205884690941547729575511640627636307874485819351049e-11
31.3	7.67490465492067619865125654375471590109404405860837418224880454078021612241333446050988708607778630233876083345342213990608348543718047173806117268246922611581169014045570951592591014274971e-19	1.4725364064199847749338567828523891215400413624134782286989365207505859441407729376580423551285912757449867759825213459381026153236049229338478687325403364799905336493207483084730298862007466414001e-11
31.400000000000002	6.71848662636791121064704598388163277211181046929868933372201546600402891273249497893710508578144419738044156058672210564529775370208531151098853405697140502784712935250562214908175084748493e-19	1.6821610511671066929879335824193584196793351479719552277377591151667139794431468813001797950205942265676286375946253963374860048363701880002144743009745944266144205123983350929440315444500865786963e-11
31.5	5.88125385142645360701756949583604912847487952343511747785464527722782606334493332874522815425416578351849584698213383027506998952899137919566024109946612464635108690735429965821425802781156e-19	1.9216270577262530745840101904921604775924218005408394672423084357055837832872946442789824510079065338583711747295615696245926325983351519298783242163432862793692950870025027021057231789844498486598e-11
31.6	5.14835390816143580918503277476524125024913938453488388956235486095964255676268818698103809267018672576985621781038668171407794066461171709762630462102328852118268180732697702100377602276561e-19	2.1951825281079027155835339057938666756558863645218405193360637950024579630953011367433872598122358658411018925411101077080360067550291951016194276077563638663934600585060514005865245088509639147868e-11
31.700000000000003	4.50678522830533422701655262557868589630431483819551828078092942403458500263586833866118887699961427616083316559319031450445716012087658531010660198590511712864722313486248167855010808833736e-19	2.5076803078595455904333064722723487106170871633569410352046836921935416540946144013183064716236339011057183828030417393665443149877383914005635588920818553391097793240716136433146015653926755588994e-11
31.8	3.94516645082911404622150413343072291142152636985384008753975432312386765029037980271930884926791878429589938417713581049445616820172802059995313268304302737237250891571220720694547158345478e-19	2.8646640750401600850412539369446062499174048659172161081646181128279678611179359342100986751641591443626790373083404473487142646858221502225976836819015658174225406003263374573451428730535540343133e-11
31.900000000000002	3.45353451783500185083282692487260969927679239692612134085334358806339197739047626184012240489572299761003752209691240245905285187262170545231296211036637849324740002757006812287861776055638e-19	3.2724666844914779730102784949446705577524146001880734739532625564299990520446400496440180328516781949382440346903665420616067693546953133484632629729218498455182639971920080897320262280917074656337e-11
32.	3.02316793101824126653874705387117123626422511598991562051508758255063213504255879027779996099351184402907690761492292246057998724956688166622802411429128193286246585175317829005657053401841e-19	3.7383225120231645630007028332120160449956432870907427014399466410198116528293396010618441120872129238634101610513403321642824037024471625247879294474141818579552028012231605018902957802568832719987e-11
32.1	2.64643203329297957807714828605854306007263260609161056855054091045276045636867715235855918152727132946558474469466441632767187354467075319334933414622713738319856473172348504573417976311867e-19	4.2704957914860558877875758997240125041763736724860494698447511261290011855749494191852105251143946366632216525832605477776855533886532522844301208713604570307568488090412253627025062303802453287627e-11
32.2	2.3166435709041816833809589525702532507355353966709293810362985841909666921143872772499308502590568931004945986047711438734885303580721379665672024906126009021195006403315508630834049809459e-19	4.8784272214197629111619740860702379993972355092186433934539504499466000144862168658662798337508442616740391024478329448354137414008594275435916706787798195942040661362445474125227169591317462367715e-11
32.300000000000004	2.02795213338488696519741858990168554827547243232466971763000703685985411034293506273907082101548700452769550055247717971373296574412353910839750683442624998432516100529131402819135975176395e-19	5.572901442061298804254783559284799316332186130089005619095082875828016968352762048657199234432135698497412142146742136344718907336457251020872227255679651807563899890166026931369205722677592936451e-11
32.4	1.77523636813428375888729295823580123966158563056315303099928679121044003479168574676453704289850247319886061422216502176771981366595399044551932169825840831941563045608194859163447813094194e-19	6.3662383537394157650260779605491378937081149881552543578067109129442047273873113185702975678100177663643571337382622315721301260652701152603466640290547083495287902343458372591053058583969605788915e-11
32.5	1.55401312849908108364184448599639764493298769800769387159262506575127229180085555820091099249224306809390555059423736289940027542807113915775263375299880607208314284203667731183990162917358e-19	7.2725116706230367144642745732813896648626777155006639636699823693428722633441179319706253199673574050437004448927421299338755002082410082654346325212647734754456738784685016694863503710544187603774e-11
32.6	1.36035794368893683909306380204681611966493012820969300077878946781250040335223101032998686879654547766934942930044407236495060434861850570984328393277145089928082372050943289431796913258031e-19	8.3077985869445116589566033385569808271651791967038235390950790002104396278459867811754568462908083428657166562781752473805284132422052115122600377854172161094595238682099312296690324757136055470544e-11
32.7	1.19083539971757300123107927632482622748473921860823830495463738979434998785059235112147274453341550352571339334218430938380746252721926375541770581928691121065845865219776851977113901613955e-19	9.4904649847504908195687409161630880222093280533198373791250518376281215844929329898479334884674020653753820105464234220027272748034122986664637878148824292224491842600511626264213965836822916060746e-11
32.800000000000004	1.04243819639919502224680090662284824855219208393732439829541444412737296913999853974526393248761837752547429775917546567486584782201874127981422862791573818692067297671268700620262274852069e-19	1.08414912427362040846173512257423600651089630792827729617030302658663725673791253064352364812285022405151360544196677393529834955364675950412598296024200727091070175788225485240112823202239743852021e-10
32.9	9.125337993660261326173643358019488756815813256693284010616398602307225294562833162988914298090107203180989428700982176531302574593853327140990392198944763455650526126425004816708452512334e-20	1.2384844425977926435440313748398055921546256982204458059122156592504410011827220067858330577357603312524489518813013718127648856230957065512507494280630938878938127048877428213332494699456260363146e-10
33.	7.988177408403693744895723748770265742635966156154646974089341375022886721715581801200101237945240672711924683815088582359597401603953904758010251363101765745034930417906977134641360745552e-20	1.4147903459170711179420512588252460953830579118410875114672942000900070644555047777608251230960616682260934870704918764327113541828538573603903981933987674616208854356109392150782015598031856635321e-10
33.1	6.992727408876590161147602210644095082296198909932230803520882892365750359163222356643360861109334406190195353777797914235052498623132696731610154602747235973965766243279672983723562566291e-20	1.6161944825900336827145230586682409038093663232387718914956994287653037393797060689081009165947742059403201184466798599357404425273513014124865397641615213331258705573549208595701729996760845115778e-10
33.2	6.121329241931305640524135112935544292936449567054606921501388789165659042804269223583327694564635098594137322612421237706303588142655803610886706527513118316408753288040968138576739807586e-20	1.8462697410203955225060715367443463733393712471850034087728542039148158964895816627442633878729027205033443215195312048659892532761586558867706215038771264637560273706979761640759018396211067807252e-10
33.300000000000004	5.358524978829926180918901983877861401696568966107875065286030661320412227863025347113566196175534882706049196049486277668645721455879316876206987873691872156498361862627994741662055425576e-20	2.1090976323250927359031816142467959484022998328817495858304403226354918392155765260621429001576428154763797187817415875604072503273644291277186238786184190752693287124055355335500288821668516397728e-10
33.4	4.690783351648262947389990987120149752600028006396881485860255572309968661735369989368471513408335329341869823317265070648823242149257729064203821015481332016769976725064374212162641376855e-20	2.4093406959163137260478535698845319311277223828030879198833938874455221470703037287658868495653665241726511335690122448502290744151769351008221281883080661091844228762482708543511107032685458995081e-10
33.5	4.106259790088719839643976409364211877402902064561747008549324391588155079920157267736858604043509928804702086816178850672893378979527065587659392215403856741903784019252536620755397869116e-20	2.7523252124649609352615561733063881690269857347368592249520842276891647234130498414344936530677745836336892015976596645099739263615186509712917661864161525649330413194891894772900730062455992684887e-10
33.6	3.594586409796952400279297781694255832952798650836578747880494962137577747292137876822554252146151015114263109990780183289296697428470011030999125448780656705867693785248549835541773524171e-20	3.1441356915648982813987295729704919139213357741314055494209223806299785272965798556473404705897820485545763363805395088848548179619670237181872278168948020045675620042096222185138660544823761694296e-10
33.7	3.146688237582833060202130777069021801401598655977637715410993584151096227864851817431440397425506274290502528960035012151576617950977214068692179982017056065716071683464684216591970657826e-20	3.5917228102993049866750202541781627849022100820853960532166410229205103987889098736897160337043484802258529499149504495055833867824104093553687485549828752044611382212176418367162300674821331228192e-10
33.800000000000004	2.754622428454809140156984873695024053000750405474258561156928871878163098251784685682811515673317949636176304561156646073749167324581910703214531017219280289529274883913167715161034776649e-20	4.1030267175280586369578794590644621848338348440858821174700683699921698602581087485531119002212161031497500072084020766140694583712682694449826574094992720018894780401609706420321908893906192396449e-10
33.9	2.411437642824548765635811404925948668350730537898850879166502030124769379902517749955202681577476498229664207736098918491126517221437562918511911958735825391122235859041278692438509721545e-20	4.6871178913013606755585350671618889803175271194209185063739399942357294416005686122478804569970540978521194191644958194984576256150656642467498300882380757807583900085285391314226239747022637218934e-10
34.	2.11105111751838401397008515588359159698708226446519897903848552515414703721494138526080280442509014055070338806741786881398400684105906828678792395732169719488201339132186876243644977716e-20	5.3543580481954485154002581887508190264721275587073162890843324441367841443064850388146840446685222340323628628378449246147879930855263143253303509757715225645389170012648239088423349315080265767075e-10
34.1	1.84814128858822197935252820748894342175418765439340054411896657063389184464758998214155920242408845612014441995212349544083188311990052592915974069701161881843113003915932673214507490961e-20	6.116583959085247402159774260074148825889091920546381386924796638724999437971323871811126922492892174300169572221846630254574403039660650692368930098056118789542277385754935343461111116042348849198e-10
34.2	1.618054114149280459524835177305312752539896200759901830342521849555458091420898373711338207254752652154795227161306789604340481165248417144558439708029271344308604193230568875812538067818e-20	6.9873174322266202410382104857262399595558856763678549510269721026703847473152987917029158680996447428025432338481923151351102287847561742338398251844407958253328354626201113820266732766901204881875e-10
34.300000000000004	1.416721508169983069171021977817986733369951446655336394897851724685019165014812356750786719722084228313958167361454328771421310421121325562743261524010730942717652698225533634886050801459e-20	7.9820051887262199418438469820728277213215089944401051699678551859526614896747039460535463614891546080239859016975571891151044628981978382199719994306056688342930150369986590102111797695991500528535e-10
34.4	1.240590537928722425960081274100317884609486863033091462670593477577413676335610963402832405287401703831717965409310190703632405532281429138987212263396191839154563833189938207426126569012e-20	9.1182928857647909275280949994653789246414171898169632149981864808792462566413755802467677448243159935728948196450007587240464317882550924912818713860700210031546708157656616637684225197716287977579e-10
34.5	1.086562265718956028919326567882034071146249378152450208523371915112198286044879285101810875500862637784387185889235092902168650270744462133895852760594102900638210407527455161130979562861e-20	1.041633814871735536724415343090799750350431547211660754066957039798897509548074529865676030425234315761309052792047287878803372500175963427795727353767224898885435026899828361446200386717177373007e-9
34.6	9.51939337065947752444312963939647267864328480486865967557746901525567828376070615684060698452792124703929458499736995753725563446703012965453190227422064305970082862117964622668955719187e-21	1.18991681653274867581244400496132126713013009531095152138118795407114267586401416063315975680924580827808049364557189583762532578216351064308806360457563391363991665483744240968876317080110637627278e-9
34.7	8.3438164221198025427255900388665413366296740585102216162171347577875163328140098231793111969608115258094257766718670489365631356107015067102325508153762492309747941817821123294640158494e-21	1.3593088185619070828882083427739015692773733112710971459207331663744595206065415800097350774050855378329740209276196098961761470669018204540753972513295357930728184724140008120889359963223907974631e-9
34.800000000000004	7.318696158539248800961294725542931194503950145874245387687868600854551431742851316770317650169663721946876406234676259058106649241470227307720867585328027139802860259187520257978287327e-21	1.5528148174291433762556675241272823305662280302599144087110284011454891600489979152525187957100871058670863988263199846148601370552970801078329522017603523688354230395082695729705114931133045352355e-9
34.9	6.4267500581318303405987364700667528532629412003843132065624162972697353060261736714396679613126859160567333172674281537637212917275608387174953237362387891824064892983011443560742202091e-21	1.7738675893962714756191613371571415626120494330605455854377788372033065880115946694760311938692059757329015327615502222126764734802988560493433954295046640170532835464926171486723924794180578747044e-9
35.	5.6533925222782103262688655809555978948689701818091885518432310190372386482983317058120473804891550912447916241831343188328499333414048262084135569966234585065991042702734357168802828498e-21	2.0263885876102687492298032306115733055441503071113371420467116513251393723929473176863639709639438881146757966757164895283564837686031756173527611440660096770013246673342114281536785376745196659076e-9
35.1	4.9865999835300509619468456451585663839565488981115630871077038722429005378248813529131731258261707830690623731579609745093427978087441413897528635545045127266019989712074900975827005955e-21	2.314857508273594047613469808635569925159646751525666831659319250617439753260063548486302788983936527294271040622884425644528743016843663903819166134218262412290395379305530857246115270756508322644e-9
35.2	4.4168673334155447936518430302597196237648542469763337319254047027550047616064020209605740446290539721581265251584063901959711571282226899748136266668856895148821316835121973771842115008e-21	2.6443917599881561525778629990519165578654062452788506269382979745308357234359556912914441222119391615153790484123126971741327192205549329777347541331265707228477607869900730844111849037147134090239e-9
35.300000000000004	3.9372718848749316688630671559770067420985371070122356970039371265390520483854759062562521750938798383311417516262240728129029084730834394222076164853773982859463212855549008443433144447e-21	3.020837246050816085744147142176277493618859148431033408257051255633960593885775886976147837376613165751994730154175023473479014745510764456292106129269005014934084477713940843687451161335457033213e-9
35.4	3.5436692832287922384594739240470734864701975389476205048706838023619420698577358809041802763622681340763543415293802121918867048154838303757738355486289887408296463569112816842882952089e-21	3.450872070168888427975858569273059805425681086313589558348914414095389804391428803681035635901698814749130241379539550253388301445453589225837784411274616905334376413253717354265593927398727285458e-9
35.5	3.2350567417803587321600363941103447249558462356510315819533370687986341306209276645035893427150465145362232491489392344587582473234036784706686737916990182681467999533314817203417093812e-21	3.9421250053242313127385412206405013741484169068218094950076810956676909785965506800181644132349027874666339159191505626952868109507308147810101105176321670154390595759718665982503733761343091612691e-9
35.6	3.0141537608675434832550440678670342916567921877849693790978847345949005024838416125571459775363455761130858978466112127699739052010830379783239707774057134141231233614677985180320391786e-21	4.5033108274112327987511252614457703982015214340746076020848100619914280740489401710109223947169032150631326087232110692350535759152507997665360849090595717775129027596866548053533923415363577364609e-9
35.7	2.8882705371611394077257418554637613650914292515797993508282666297791567852145965650600464056129668910759119860788545839180001056120165157414127393275893400460703623387674977238101552428e-21	5.1443849144533333958014682592119501947947598980648371742859857543602981088519040757032220486135125645892919257273398736756053768150247910651220612303078251979304490859673247756808716500211813734827e-9
35.800000000000004	2.8705615593488968651265850018900165993027190772097183296748077245925647440013414197960498066033454725374194764418127070288539304231310198736319595752788866772810969299544923286789634722e-21	5.8767198539720807967953458481016373174651648179805476648661037753568025719402529283658855429557381792691929992865685651778473492190833371987432585419774284988051786139548611410831503738972266326718e-9
35.9	2.9817991217398742133310863849901090429361239329789826671165524091553009209692005288876433507126016822996778674796422845598990889985223395734115341246579173061799172143306996550357484202e-21	6.7133071915050461362612103779756286648831959302653772127741521281849330022352330160300860152005924658469736960654682147774943881994331755345269324448658853932599299725680019768762176612557720736289e-9
36.	3.2528523722906513346132106080106393792306186463010147129187812955759063986983095549308265204662817529910508648000466396645051637960297322557137001333359515347575438945142585592585573089e-21	7.6689878992702928713551075080178028865231937188611026397824946404131439840296600994308861105225164260900503494297634822901629877392244450092409419216265796749323717670301775526171078019439590965729e-9
36.1	3.7281271187197022819386392686819483816377223903129567075757640751889111233658250473449486784471569282079628464132018206323980146514855821683614036850353039364583421070418446478397748147e-21	8.7607156534674973625265277583672067705240626541710360524715325890179371409386684351850508979889925880180829243724350610401904193523788008590162636769630316629826946102530662473220766003654790559993e-9
36.2	4.4703168948250247438842923996431061361688413218085662155071934685186092042860658886867890374533510733412491277309181651379632444619716544527850077370900458627609936767576367166676054596e-21	1.00078575907276166596742524952107878331228597052386328217568427893231880087768741544884311127559021546703744432292362053690463263099191390461395817055591600536056304383297845044546622949237378717326e-8
36.300000000000004	5.5669462596196720201175122864577877567263294308170960696008267995016884735740750264670741573790045345119610970646218438200901669134715138412543170798931557765196778429009570151441650921e-21	1.14325378790991899135581855872168021863916717172463581058417569243220162061357314417384017512371194687124747178952540095006477294781956061058089500928336535098081704709359824997163224898312639289805e-8
36.4	7.13936600955527340027059152505159599765962854881076170305478248740561730735775487452663362784743031428205750367965019157669686771556750661862191321607247472826899629792694220450177393e-21	1.3060030198484779596137422765973998166160221502457335773816062087600707330348623771079942735185296942477778921080107696135802864632663871356735567305181585166520918895106718208590956714815934348126e-8
36.5	9.355104803803895752971391583757319036603930356154536208547602475273857227802407135139818177592835547847390534548136814063996039657295164707582917774040570792028717911879114436951854726e-21	1.4919206093089609151984063619460879468262494032695792884311322746638897876692435268043275999101060684525600682255549138079864232198349777954764555180631130453230165763842803818314006222083774747272e-8
36.6	1.2444817127876711511069493423953784866509753627605151173378742726175839302637199465332979645718319577811387761875153873975830595201260499102503915003742534819807801623280747631520956982e-20	1.7043047149608129715245593933751296848481077260846902720971335004546963716927086036382235808569915276379335773020718708992127835458074661619497536134754724106134462406816382921790772584062864221431e-8
36.7	1.672552711539313095736442772708369487836151652182223279366009360092370142935880294386909656806688763954260997480118346979174968555268613830911270725384020749026723478657534033212914673e-20	1.9469230087136190472810061133263785527461694796866076413038577050218493548220400415382274292896671517601258712373416466125484597444995704267294900744192656518433442765826670651802579730772166378423e-8
36.800000000000004	2.2632497504482081779545832067953417751413894388585990860091864119655385082743975688960381984900923774951767743223020413358320241549629625187819299158663563474284041419413181442889051286e-20	2.2240795138242904033425696855996904707708364941209881798320686289749742399714297203244495196163632336897231831669002895349467633385346203667122654219988355679317588169953915981633926834919768481773e-8
36.9	3.0762915949592282797211247235986505260976248269166813674126125188974703842683027404669800361636265313965429781869140396398252900210836121003463065628040566198566588608239538616930213695e-20	2.5406909578212794466071675679993784796967561260936085213408936576111421945170807046947740223931633301367099611890857271279463816467784031123218265747236568051881718720155975493697953782629442200243e-8
37.	4.193577340761077407317362940610435380656993221271420872463673426714747890511460025191360268893172634336689007430325153531403903161194550610789409622216889896654549793344580281089002879e-20	2.9023739947387444619790935589201666343770180541230033222856070624038517602057376864309177364731693353014273267229666843533643197030934278640150777036598819050319733540204909357837427142558439088487e-8
37.1	5.7273929720356325747123136405014001765696988193125663713053288429432530161073663003983696315502889703638384105886181613629578717174576835913404506427460236340727755518153941299787141309e-20	3.315544843974012157356928771469944062287048999007728387295182658944531137455271722255177654040011252959191656593095130686347286828366179784901538478537659050711174609511378420286579095543591379194e-8
37.2	7.8316582005678290136355626668115673290629108291813083539694918924401633758947495558669791060175177210845281221988548657665694684447739711737940071621564604535870098606246068016090416169e-20	3.7875331133512897334023402224163207844413728189498984667457168926038985066192998634704007401227589668607953788796153140207092123769973949802041382608210425318780731404088106032105962725601377716273e-8
37.300000000000004	1.07173394291998462760000364270552278801976571956199306001802373270866135765659966034194654659210320041646760282503578675320409562758252212153574927318364878460422150177317211838200179615e-19	4.3267118256009194458193415202790479883178585885658287030026800150285646624012873606515459698377707851216772073497645395146786596268857689259174657152200364379872123897620845840499300999840171570105e-8
37.4	1.46735716539671210182395588448415836724801631079263927251769455193138133761202837448321643118342599662469065018220336332957955189776756559841480765096902582113784742286845767705718016882e-19	4.9426459549103723940845915657538888336663633456103425122283703997556647707779752286701867885840144326408570384650113954105961622359314064811506576795651284058423334185125415215734017308334937059052e-8
37.5	2.00966035131328682450736432929869811342405327866888898825121110565046546492401229789065428880397163780519245262091151998883654216585605968522543556743406109549108783851412390217228971142e-19	5.6462621085699226756584841077826415441638478140573001375875433044344272488878461348847535698142093647418650508117581452417240418413533824319606931611006084968150684752759683276755969735063502709512e-8
37.6	2.7529462698965631292808529291622325902085294152976988930240319797947662788354867644229158303460739190636539216699482767903345218777910311095400253525051017514238440870013778017392387988e-19	6.4500423638477199274877865304265894939973442844456159236503321323000079392888060295577527937747343253871120653793114631224308548686076216849370209455717043592236475065336506939764990117456449069325e-8
37.7	3.77163119407285491665897093772242202175770567520206161109262846125011925895761047033178548020990865885718202496867998148064799939102983080720083350450392161698676734654426039009729394649e-19	7.3682456987402314824833695171629140476654263182221272595199552602409355398259912125928253453347706344685630784401267060717978091906697843426570517498299654750758548386409740192813119056593154996148e-8
37.800000000000004	5.16769361409411637770556249525399596249526812511954374141760495099044281597934492199060925715844608844690311634660363865885372321194845776246361222723351076376793683846849414216025134809e-19	8.41716094475649989021172084386995884433650535258405470963019767028771828994479027898063092360708685704050016495298949898828700234461647505526427761064581365447810909389753111046231004929851149015e-8
37.9	7.08088161715246587618125309344580835179080620975730712837196641409089971609797340139941171843986863364086786139253949580189891279560258562697424290832304874720097173860790524224051394617e-19	9.6153957490922576923300403692254045084258049009450099116950537218785951515839773039947857347250988765028540384274306669547488081020117515789286092946664739777559251560615541381105838818451534140466e-8
38.	9.70270059862471228395565069552240090119767690287674648511569845880466037226359134035447346820228705622559292900030415549149690251165857154108167481639760714859361822265262277660080398086e-19	1.0984206672352766206604740064371663298487148008412964284770458475744307828209710242862595316037485906021854362835488189260375562184663031341805099824725895874787964809225471637745994656556747585427e-7
38.1	1.3295581344519608139350794012749697490697339895192206471417075533279848528064054483870827324228538755496549240825805361401303368716089894181009705812378739741464870402816598849288338986e-18	1.2547876277723594225782153490712623909937879043923713531841015014232982006343336295499879251476562166552562060057341238360105705072316712069008043337048141581062936985920075777613834159787561852701e-7
38.2	1.82191470291408156023142645654585519066454324137711701162971203595128699542766855801025606981693266478866175416117645964714766301924824092548973065570438756800031471618356614736426506639e-18	1.4334143901111943753886973187280479507721270373419891914276920587397149826169841185355269712735069333215657722960965583535831894765878918702027194751257799746212127841657321947355777871861889180722e-7
38.300000000000004	2.49662082041970455901822861877921174846296794181137124683698596053338729736513230755029280823877933411978795022771878146209358804937129990516919583864205038108360911589954490758784082827e-18	1.6374697744075955301877348202146043950854383736103288627594091468546077210945134189369906555084426831079380316496840773381509975313932515651840285866374072998254634728650820608343524354804687587151e-7
38.400000000000006	3.42120885329813797638482766112043946887710567588983905182890458852238466426208191065077696282923658689690624674056789291200026152788311000549016798789336809370373267353211447329599813026e-18	1.8705737019219295846208456713182129450738064925196115070818248042804778940114993580066913133095297419680354987976997575318737460178720717860844892722593800931135805799203515670149058531289168803355e-7
38.5	4.68822183014862898730790781674300669563157214755600775548735445180582874938086969853191529132476561017542845810958751925380256768225606918276256404936192511984896726493573590560486529864e-18	2.136861412045176909629420113624532094839763320570059836848559130285444297322687364763283603208117604225530346593613870274099604327925221308190654919156893013842667881883000394043244241568233467147e-7
38.6	6.42447611657603333534410672375238853880250513773036860915093047550020152334180170064636029051367144912501131350652913903908963347639229594027195299789563794913062794057562861960745704014e-18	2.4410568210149474526205193681080346049658700611393208042148077543257396768184998634268370930459885622444767364768986524850842126100630482520507905459356144244466412571654315859536882867083962835835e-7
38.7	8.8037545179344301447943366107239503358157485368937511516384099446079104665215551033089520288487871607826599874158615181161103408531901523861492015017456170153182291044060306027481602326e-18	2.7885563236974316452862144846104062586365432143266769933781603057227907660622555461851013756251735990374655919774269838368984034590049943424213427168072642201612348799029640854686821364445240671139e-7
38.800000000000004	1.206420026710229965567228804149962064764718825232819572615911821048379291887599258437965040006476049006071773522730183340385298172928074014120692955787059284737169179935571149847103214113e-17	3.1855245250701682462895671711355357975466802991778574094413123377396493685108777682283138245605184420083162464308228118408017141779787511087676568411259351595229030274940484912781787116527448481609e-7
38.900000000000006	1.653215286741754280722382686537967557029475708660226057215779214128529269452201912314595540070749722162634359741910689798706337047066634701287856558169128886530169255076137204182610322978e-17	3.6390035996721607893255470898691251380859941373901996797249640661680082004648459293184695284482072163441289539683186796029184712042101558649767324034315386828604219536688508867270021037138661513988e-7
39.	2.265481152828107466539564178713603773481760943950622195151378604067161911797286550094856210138597952192700862191026433574316773648222771541780346133571671788177501564955452038502783788074e-17	4.1570382190465954057557567118770453158663460389790463127166313178700597951704778861601422156062551917388978232677912659730234788421765072276907245345268338772315081325979899524603395862379976426583e-7
39.1	3.104499548757277088500108896563901187612828329678614249147016743769626298672132628302059326010098310604868971652516105300386862119847280112132105244421618837896345163818756460409915456775e-17	4.7488182633759797756772667472417551094315963195916046364668191593501100658658017962537774828822369177847808029366394661724387117675814566287665503388324570422218689045185490343457420777404273893519e-7
39.2	4.25424812963870695565262188145931590979127906345630639657386609050004139889435983064090616450543239938269061562715826202128861380563903331775757199993860714758230869072015052831573640764e-17	5.4248418489992438803065351048340499356437975798999843963489177053971694540598619770558211756020933419173265342030631945417259529170312347068451187248558368491714600919808281770021784517674591313802e-7
39.300000000000004	5.829805633519215354608461074446135543335200876812808858101190068470124471145786916632123455313596443834938465999626768935377855092632543398977534217337058327786575860307398903516598916696e-17	6.1971015639019728655476189853352958420177553692623977801764809689121813316409364163241884514262047652372829830214555862987659509664763245644642014758964154993547486730785534032167735198016694435819e-7
39.400000000000006	7.988870150557891864240295544466582407606538555012366772062949002777108861941709909123879871518069019633927466326578892840175842757475523340081364454595422348597381807737575946075744689844e-17	7.0792972149779680472287201868060688649638194674660954807589016901019196346446879480306216720829848007139669239273100859729353037620176833704938079675888087635491167527364033431122115538252891518608e-7
39.5	1.0947543177117846656965750038962611771512080620846841662717321491029144082684707432352606491499882182002636072728131771172059431481450928490968430926134034656000451962153598382872610695671e-16	8.0870788611763936402806014558821941754647744746171493433192199447761092438867784739502648008180539403832132542633181240463302337518611047632660493525968416157019372164128230213273984892999234282846e-7
39.6	1.5001959285947114980802524292924198191007630476140316353432990395908065484614071307631633013198983200039172905062460170165780454468619496520765695193932029270389926499015486082008998640864e-16	9.2383244439172221148114970673529475319727446117608056100407524569438123314356665119082446098010125953886401257342642400292024374255670483636463517810092918576673363625284541691508567028786379930418e-7
39.7	2.0557926333257225522949129476078523157899614614248028929283158398534836767548057267434426903305750840483525978001777799284714191657740354805882558630510718440562473867080155199032317992743e-16	1.05534569399096266001544652001036522167026761203418581647843294088985472239393900795950571108828785636594833402344702217489001601771722760409228978532989830980231765898771754468568903355774901749621e-6
39.800000000000004	2.817154290078003932976954662914109045504811232168990324664748106732015749052424709733381954041034303926026605843754813808852645355974083097209686653722218705954963988538130059654958176025e-16	1.2055806662631279873266133477301253249660072044455174022844854266977503277011713071288393465869303273452196847006579103068776793659571412057613761634848682196811888864309064027556471789993538563546e-6
39.900000000000006	3.860485838594231963494381478238738956391707435428315986371289267512560566409228450334100156068377748247159072013526858163306880621027208972741134740564444427540895422089621458843113216735e-16	1.3772025139659060681441925596207487060493448394284054736465265037566164647907145909331837006611848239691422096237264571549710579320345274331840289531533800473618735744255209212406592330545435278147e-6
40.	5.290214677689470983683052797946390030101153597365746532256073710380570822251137088287438282552507615617507727636402709224280916757586831770631423304948914337993448712843339196099067129449e-16	1.5732557907991899306805130420610784719221215575858012433338365012754804872162164036943089555053754206956019657094625329036221626877415880559529752542332335422285304476208940031188027461936449046484e-6
40.1	7.249442837962842691341532405301582347348949581826987549705350435963033715548938982745726592079574362584038563627947724599784052762868339286737975923206683073052176372029137077202733889362e-16	1.7972184614705537169094307297649861482459641921970271737735875054505164470237088650077095612025741081939107160522193074430337505030584035971276574728761762647912406280397730929772611160883927520331e-6
40.2	9.934270111122803664480298112948920273651886062273168361060449401153113493030683971529358177467882354415235975776582922013947311068495502834264295992617615179913074330905840291511677195337e-16	2.0530636004268552023299348346622174182716335197214643026572673460782132950645440639901046685792062384098548016403911941856642937527106077767074466798765439137040741019602189831874582400322432678159e-6
40.300000000000004	1.3613421742651481907324781068507670176660520161451414655538078123726437562491453622467310207980782144058203333685196993205425772709762931347197900049154115642958385772882495486994224174772e-15	2.3453298737810361649986754920282338260246648099346094820384961900338141125390445287614836678831627587848478031859906998748663589558723932095523345752957675569330334364789698084555427052491879985521e-6
40.400000000000006	1.8655145230022819971971459234584559327199168848594085189106870965332126637878634044816831303262450722263340414169216090269845223076276366907125539199273719735114897233370374282183365364533e-15	2.6792020547761597321024365882241431036872979775203237391738587478779502548510493904066922496598687564085453764354571447294540347196813047845716046128255043830616854167783369554000609308449984925645e-6
40.5	2.5564068335855004477723477342073350147584995763600659154086149901649597980012541651955578880605517490023040794423394030414015316562366609472272729883181018879899556701956245396760758876755e-15	3.0606030011226291931446542860832114508560367073836738222673253906132577388772074949850747221822942775180990345682759012428490648398151940096852315481776558442173219775162123749076915654006623162e-6
40.6	3.5031707446656751357021441412264627229393380419807200810794105629990668426709234734007070258693952545202256894050500626031467526185571529675786312885184522681962303889160370796468539521467e-15	3.4962987258769689908896115186090650891832925820104386121717843085297744260998652365274837762791792901867448684643781451003205052269285661362547589763254589593644753953603294397231138402418340111178e-6
40.7	4.8005681675407216701094993308646666594238278399289961377215000422908920470423859175629975414978034726636431402147796445385404639797438994580142304925003269612769124906678240485260511863762e-15	3.9940184258086119213836100978208519895372562192769158276504360712622698517803906513930376679942212132336768348403659561869879832338556866645268855054581917180179513336704689684911935375940082286879e-6
40.800000000000004	6.5784560370262095506679285812412643530670889692724296962610766474587971559661010284677869073541708103156024809778818086109721197497186519498513450719410392278576924335341600240300125890216e-15	4.5625915965454156388629461726613776482290923416757963978233639109241359309129120909298812395194526031921273440692777439497448213058447305396294952872226112936054866488666336419296681028839157715961e-6
40.900000000000006	9.0147837347728704852692690317565993152903177445749560071076081020148873371508646397914667174251818671945422642547459002007336509524649412562488187277648760637552064790830805370944146889436e-15	5.212104666906306239071490362744617213257994090846442530154391177577587309100622759595032638968067387197145564644558434280553758504642224503661912977239947425190410668685991121374388588046749486912e-6
41.	1.23534041014058461565703572481119736456101522746216337914645378665497040067089463574713013423407749018950158414181740759111617577575236146266218468554079997894310957261702666959438296115557e-14	5.9540799310977929575661925579908233708560966545823382060513785708173410807220219547244573678329113493576539709386428201463571270683367336522837301595980854900127709547962453799991414048546231985889e-6
41.1	1.69284807475489201617834495580323986271439857132104835122673360752936621734847055601724561805628624177458892242805446633161703759125177878534798990584830254240498264544081736188975137656325e-14	6.8016799530128802588981839010557709299596224920156699511634769729884754352758808034641561752911144934238978453474624238331750661517702103420700031513199260374544559067340558424590609375003632867549e-6
41.2	2.3197934599521964035883501388118731472604163026115561165888851999847679640469862062452553515917005424002610562452600978513861588545652152208791135638168077821142412197947688497348974995768e-14	7.7699410687433466182077000133701470530487448437620329892926161113174571848576222886673488629617678875832067172655690599235299863660546925901717003467154706663048725701431963383464479497077640831086e-6
41.300000000000004	3.17892773554713626158474810343383725824541152050239043374787657922182082858488971425519691149904828550671305906108380628644137449985853927905279996282349880912956082915658971165188101326942e-14	8.8760401296156331751521762818692793837596966456668484583999987066158552336087046198367061821342588171511720824898726604659202225784138043303941937830697833902691972151861157496944409670533727085571e-6
41.400000000000006	4.35624193376325987468915366533546524819454663664023742558365134203964086478018613580311571271280842167001311312392422546103480160352398194261688946031986561708097313369902873312770729138221e-14	0.0000101395992177440115157996147945399297689273518389919223858333385449648828766341579692670231881796306997443862828964611148579804414112554751845267548249228589868008625930586293883626305486858632429569
41.5	5.9695738199316093937196552327898647807642754454229136268015596416998852649978760577630308592655814066005924845816504108453574378712951969605079052841271823491345961127315051921660631713422e-14	0.000011583033739723200660684449628947430471597280778865477576664564172148934009977369749984509278652676841315703169512491761964647638152381242626031374390711112528627050824183183294758736350247774252286
41.6	8.1804023131807382358095608201318145312051086138859241997006996598671980731552434217589901199348116189950543614611122489057000842483673871510853221610886233321946472762694406365879665785019e-14	0.000013231950073606278337364439220740105065180167684026938749960382289630724592877294300127002015109951493831315784213190361277432777050097835830716732387553234478069443772353587708982949388652052243684
41.7	1.12100099645643299050313768709187405363660305760746746168335202507908122079673056386007079945757707783669298810736695408668733893215934120669206266711689444767975944787751522329667617535002e-13	0.000015115599823383850624485351286114221037658421677883278796377730866512827690039499418962116801613310176662376292948320976981782839333296880712380304043368308727134322134565500753561210934638079021101
41.800000000000004	1.53616312003782153390888817786260968581487889530145210568784882776136136730098202682682674705627895614312542852529588244139993783404614726087580309600926032341762028827113990978167128317801e-13	0.000017267398739391619407441109679477388246314353647242149507297439713982605045602450004604530714229261579658331487026768096115876241293815109821079872299930138398991334571263325748083236170022379966067
41.900000000000006	2.1050803155625174612301356380136590433222785277630380264470156568753273718459953274494183890326471762829289205164499230777148040042587826174749713101020400643214138924775489351893320399323e-13	0.000019725519510240320422333181788918045962061444969410608446184622611626491009864904772238762130330919035020020932631155817236463542117476236168318057304291538168067847873886090179680944734509922759902
42.	2.88469569225317225238178234795063990834298743680052831277997247923656488228480652230709825407301521510479821631769651307494752509123904065630218359583045529884014237612133255111764758795038e-13	0.00002253356894233511610472206159229287836081645211213523429117491021134354416930323950206575809672108030019598080831038919622269105978982916819283524664903903365684632862549903637082088932022525853776
42.1	3.95304120958607322024164328118931779982418265212436604117540628678951260129142485467381207454410117582610373579208770609820181256388778464350216623553086184310826548257744673803565310137733e-13	0.000025741361540078573483716963537375148451127981731461389423468096388457932421583393052716648694889048934056344826002426530956562897444989302592019055311861183925770713816272126097534552877897945456411
42.2	5.41704792178063785379608253845736990073722764852138637505679819018812869654569794465593008119491157576122369683171516745696796668640079654033444112975643296807803748665171390055291884648975e-13	0.000029405803209989441817009545474754551433367479758857923358600228559548303549547730089738003294081194375091782202282416949964930992729636472720798814184398991263363232907969584808381141755337589356138
42.300000000000004	7.42324874218697454538058210602672166177479659465957847366937952284315358460979565735247793683781118620082001410222659289575164011741832840071338105739179781008438856015044696811322144705536e-13	0.000033591900765556239016626269515234524141555323661119456173999267381860016765754165567310011240734984254841703008247572951385408710870101085134530844257258858015582750142559087330833862951507221629441
42.400000000000006	1.01724449707793340756259615103122141286796670987004302712826325218024993371486395032859405194343590716830143104903672369169205353199940539275463683844172577445149881523273135146075293254898e-12	0.000038373915141336586389394308612968255003182409735184123387430574166452631839531876805786109632603412810710272539646041346253016036040894999405771535854047416287755859460640349471371870310436626363073
42.5	1.393980456231629378582133274019930881390642349201895928977018325537592366495272383219957431275607756435199254795769267068559198512213358882999708453164752431614112441906910449427719173693951e-12	0.000043836678774200280175067254163216820297888371312423613616010719878803344733415281714624575763267688302727951502229017863731462369730078145590611229872819146892305604274705744890239603699813218582074
42.6	1.910240377743845868410641681919469381775307078027486272210361748876212200664081525702304116249278217164185533794139821535481103362235979680595113081460562095920451275214937755462079372606589e-12	0.000050077100521922116480100075469826808602975105572058472790421544650148692571599667409206549277933988129647105050254049877453133947951395689740578794725863519276701449820532366151080693813612721374069
42.7	2.61769688696209930691018756628637504421859672133390028961940179159492922868013917169753250185662783022893596001316270054961950739894008422681550496170746660887606662959616639166543164129396e-12	0.000057205884816223534511238477398917950731249329042319914419079709191559255879845297221235612482801602832336325002467634351343655666375812696924711897974999401491585511293054833762073785316662978243631
42.800000000000004	3.5871595385842119649622269548448053218370613445333975462260681587369533731011554355645278742495883048699288826604781719762574233868150829219335028822571564174416102187670336052813750320101e-12	0.000065349495547858947615082530940546083506938476228030051366485400800707980881592490444810574223270625441343662157725339423877242878994393815343364855069346264570730362188262985606396259688357991547366
42.900000000000006	4.915662168278336863951716699114992698527842741120883677753134432882236468693928402966393896624801028959830809305873733611953813122340248336532157522439635555955987335179213402518806437949994e-12	0.000074652399522863609932271888060110273777293527956182525468325472184556967005995649401593723096150290493616267851838948556324604754197466531802945471297270977347091050614983141478283724591298129227003
43.	6.736175041211081582789102153404376112223812793169555227352832658364521546908051977765950193831858612084449657121048060430029374642326695108577398383761510089602301291724284721841377619784026e-12	0.000085279629288643148363955956998781885358110733581661730515823794659423609343703997398386577523509405796117549275888966573458406597993440303851100582910379156109415976483782272023884278063225526108446
43.1	9.230913889624681672517372091796186394400898533261073750866653835984423078051984957946429395081541395443392844448443127104298880692917637115132997691045249042529465054852181635981193488139261e-12	0.000097419710794172610992127712236862886092042917149232842187068112981352664195677012861693698779652495655547825278182950227849620274846803007336195755645560410708663199396141509953278844050743177694971
43.2	1.264957794541249117044473798771161341066990526782894059498987998813034475042421160192561805269093257346598914451456808368747228251939151485665248389902884452742420714736445266063031634255967e-11	0.0001112880078206919800716398296846202827056355164320107398478295772116674901100946579846135009638922203700749142258531346377630184069687163195990049229733339818029899540093741784439026592647435644209
43.300000000000004	1.733434241837332046744975388834097372465828445514533306762324762398625380483234648124005891118401220294658081537860993205433561884691822201879396747525356416630116068399762801669648483209582e-11	0.00012713054251275028878090239327021898360233235133441608695999802575772643641943764267827084729868070244365320546385792704923974040287899884575277521846209670443362739349172493749221960970311926005642
43.400000000000006	2.375410692551611553701943296133746752178909743054879001480931806620835960931122629832121194912089927918611791755448993122900589118229943599958065719015396756693727473384399718499354623535404e-11	0.00014522835978542106837086599591385036244496567088884257407039807283629377784564179711418136558342949063962707453439618051200259472528594261889688766541569487625929210467772453792314641107185377185494
43.5	3.255142780797418687418018834127866275436360507629686687380270928026394358115124304053842992924311141271296604799337832800620760794247441474240556878930436728909192663244497486399525781489973e-11	0.00016590251303181847456765546354143393718355602313114352487013419843311532466981704308231687812940457974781485678770532583962987423663670026820185254237822774054208568324264492619397141182345234271536
43.6	4.46068318065762841426330360841714621292006746636185656440036464867931045342843003867142455598997749770881496551547962774195212374890824668315341381155918547074152738074682139810192780370039e-11	0.00018951975957684605344867657517312643148015321185501114138385711604731630360587617099630740872589793853439384699348056385494023101209652163886377565624811136087408347329196257554722895471797656185775
43.7	6.11269482730373969726416713361194572714174080309916326294791582042628753639771960860870228285093291310273018203959022199066420813238839506680034440059222421407199258759849927280500105281113e-11	0.00021649906691393433767707804273001553380821769099565360710421605781779134623630863210862266009799165943389325926426426140138062021762545547268164307624994373857822050390432992716398741647735283638922
43.800000000000004	8.37652810988178064011925184542860732992850574204890256385307648500456092547987138031966923671354211991528607648858223884444467812867150349280496045056730225337336260926016059606474580890889e-11	0.00024731904514472922417380178529180970628541002340205268417728529042561941840437198315002974042748797679476961200298578708704172760390439200571151944448879028087289686831269391298252480779004574902836
43.900000000000006	1.1478770846381822899641012392137573876113211352689642230486607250469258622750056610054164698846288729889612664762131772601982516356344721699344650150050733228272695911753086749316402793911952e-10	0.00028252643747243694587496149046939717819180777144475964921528220066977581948348933380650751000600302213604631470590354571524172362726613777361449169712461391061104456316941840803816546219234392826192
44.	1.5729927532936196613881140800112944238459121503700412969415264443444483805471046597521250030541349182239378174580601237614345778709506952706173314827601746987001933783853741375406152137694391e-10	0.00032274581936929309763011005177922286894590609169795149113292870254886363633599692449012345418916185285901422404505415931684096729678519326910344709007670390385881921592311524733415715178791292021643
44.1	2.155549784110179618320997629641167966119923700744083821728269717554745570309125488355220477383553455349239011510593341066584473144496087531521366938535772565207800862102312720061238069717219e-10	0.00036869067848037622586765344964545652076643703865602310352850145364580019833735112444025088242821782660907373324063368563770977943187169953038688584119727583403726782585054170455574238637311654375305
44.2	2.9538565020208496275465577625308894921891012151320716367817912057962912457689108392892675831643315407591289264429121052438487966389775017237159451586849691033775290397037840576696812924631429e-10	0.00042117607182010540883594600447468141234551139521951296399974986567262241292335742231368182758553312704064174285967158870297352499386034269857597313403836007217459107418795391612243838277471369994732
44.300000000000004	4.0478156892105705073218528866087245043202543827756981252459220663748040531243846858091278256477151962177088745575901445148555796426425431736061115777342097940291435783242252337894425617367319e-10	0.00048113308479876915698863462440617034472756546341293231309291629187794573554796087979095720700155165476603295195312075484094561644087157748853368384454057347050333634518848465574147388466910183004248
44.400000000000006	5.5469220809731631387243817608750719708516144037886370296776415211199247669990158206354244240222212981773466530069407679726794375603863517845729221867200014094918535757154165028765951021034681e-10	0.00054962534858071001675141842616302715628928282707605505000761731578286827532657356274306053744960324603125632333804701108119642733771803528774189002624159925867337625144568547252433236933107158465476
44.5	7.601221729993967109385698179140000944236345711708770723999197996553318755971337091441311079281098991684160866145870504880506365805451106502444794702859416499427504536637932116937564187037931e-10	0.00062786790879037841060358398591368531279243884851804305111565257679911227441732724808366929804989658005262388165257121383965169115853359349801576479550928811687286871499272019434561376793360083286799
44.6	1.04163301655385944773434222136567169675742945711783328195001023710586096419525702530738687504694750418239439943249862809293741595286550568081577465206453570493011955551036872184553521674732493e-9	0.0007172487802951354998145886999168525421360233390734696695053728208836480225913688349149853019517728439962514096898867622998182798625824902889815982853175739467074095335138814627182316009357262270703
44.7	1.42740125202488110074806202348241002113987769078954883538258983393814964345053638143324779515564365106593104072370250736422348692607112270339782469555344985752922088122502523493239255585426976e-9	0.00081935357044440656729752140857923092651101295961101437778536749550018210126799261624959366494620648162178093203500013229928381757700724983558076322899713026926676712962145703760521977999568881196003
44.800000000000004	1.95603854966194804514325571275212049066511082270082462833015764822462167290905052000224853357032592684399443732388097294397800228142283155072616627203356722983372243327402613510043588826827301e-9	0.00093599360757888242611650605011215620382833388805914838709369226644731363227085043959557565872412383804951370265603215741770602021115876801513975590423097233795789951536911046284379343218774976023397
44.900000000000006	2.6804563918080144355517405395518351312301967536276064750861677213202684608199931118187828795991498771829741783848814957613071657186473831263516367596480509754157738969955550077528878455777206e-9	0.0010692380738065918568369310901953911912102941646396060633228698681452472656720377743618292306651039269513182326393400832658236877289604781642590472460579608566517986938262418936145295496543479654408
45.	3.673162001232653080764482411506066208095285320001120822543601414193494330236466545100765848375710228118008726798245557713969726545907267860179197370782249733447566968630789161884411311781673e-9	0.0012214507120779452326645601354798319318974998400473546833341305964058690465555763793043383471077506227364764118969861628849212516897043426240680386944848923267702865143796649716609637661161426249613
45.1	5.0335156142242862353820422007167409453439564705374405706412736290951862456983248595070562700045359315727201265773311338734959289035767169912321807167173760409443403048311815255521685440939589e-9	0.0013953317587394367219710393614342869193444059766390161280384717609725946118649590487349558250043787055447359537150902080796271189527369043543750290301296380537574185160693107183864804559848960656974
45.2	6.8976754819391445496242345866914381917775985545353951684596651696869905789008871416045701567362917181540963994409695258324178422894645479493326614160722979586349152125294128063019393290314505e-9	0.0015939658454451395074377413302382050319116195646505563946196608265778640285047822393811274506281694658080247560535693228476218790417995519827598766999940121038952898003397532082394505067610711807251
45.300000000000004	9.4522259997491083146328206112742808022310557551773651647353881421350565849136001036500839851962904435138783098648628287930870488005003407342957214294409836988036892550023640616717914194762894e-9	0.0018208767202009138635540931398572520465528220262421638119775399027302352287728201196781122428154249189452078780665730857005466576749417800699717261572746985903403359381355730321083235618183648832007
45.400000000000006	1.29528530110944638339483451281565198008274990889790135024376651728645168754628635963091957819778489002485716262936750164461797907594058959743609425424162404011335093738235458528325060410053507e-8	0.0020800897582869518911474474442481076746286272341826139811897340253453272234583088975742977738559167019286845393158208109412539912371394839232543625919503520493923552088123622395867302109327344322363
45.5	1.77499355082311111723859480593892783428276957541398977501822046585450567611367905228172672979116328450982398089103296848212252005816359417862951928222184022747283877162188266633502438636955926e-8	0.0023762033719959129053270780830736183955479744305047444201029584333864171754360632500616524628019996475936572278699521823107888962576642846116028124519799976891498755300529793592507465781235360380444
45.6	2.43236152217267627090449162048556995689164340067402517158975817852371044900511412998592018331306393962475753558608123836372547428817008167141722290542308237058204256490542194195494411601027806e-8	0.0027144705859879650355890085274830051166614544940871011362849193645426110070272420606516811379785565767246988907837345463668986806472754750133244934000873317304782280733079595322340681688036251868082
45.7	3.33318542455542744477146612305524735031068317019586082620575327915878774026976331785526363529849194352689669826430423702845943174073104172037708615891186876674950505497141085571894506585293325e-8	0.0031008922254010335308418567289552523176338411684478736847675192651940541283657364916655355062602375293408945248471259736975370520832940953264991518643877593459322663990859175347191911142434847067223
45.800000000000004	4.56762908412514895538790136078748730619425113447880887964527772220407516257839521155047455347387221348249217270014625607354137464941594640318520869763286228162064246647073686857905361024237203e-8	0.0035423233698636238943644708975986120822547075659075517786866895351873910589621229317771720786189962607065889698374054253857009845772369071996769217530831820845740885560599138106160190627207117399077
45.900000000000006	6.25924850297159572624604940928179792141887185635473371659273160785994516574919631193613874307621274475988126192196222468017381399951157435970225615317216108714649431464966832205981803106284353e-8	0.004046594961893317703642196802914889797692993479650251962558196558880613274387437391093321548069419311001573952551379750596992788321920033783500627629756736489521971743193864194206746942930438426184
46.	8.57735868396164056610151758239391066356850846564015083101320722828991091616515142565679017586786992197782211960051694198654685040422292233895706094089542256550231048076105936282781019730100238e-8	0.004622652727001262127977749021928460536785360812235882069169509179106654518609888123120149375890955235122949774329518519200563702074315011838147848164325631721393320279034219524671237865056323205663
46.1	1.175398055222843913220167101793649764530884890898344830837066048446973141314473597594341703905044901106254713320125419221921273954926552086813473717040951973701720814904865235595679888035117115e-7	0.0052807158699308350772683445026523859947289807189361208583593848342872602274901999747409971461510833726215601513606189451991313423482867455958198586397658270438565896496690515595669532355434614272743
46.2	1.610706425873287457410711879618377147875975240091549669651085144837490781560473769551606996439235817652100387607415059417003322281711199624317179386659738946416082408019368692509327794336544167e-7	0.0060324583622852280618296926209108812164685763069654123242128985655760589306175205381145753943588072875216292242449812057351917269531883887869615914256595944732242489973924668296793939175077149287692
46.300000000000004	2.207231341822800556019993965403175832588171856519246117684290312309384862346789612007067742466618898299646322070811081353816427974422172693571111978728939191157465110916209555966277404629770998e-7	0.0068912160375675748532640784837563596563671303460341494082717340071526562639860519827679553580281579009486866201996696271344898946030939071514521199699883249230433741711549021270657225661598056593753
46.400000000000006	3.024679582712835593721199281952278653702507645499376316953904815991213594590279860600648691755067638225330451159312482164419601484570126368620107513559539522361030299080104953781032710671427412e-7	0.007872223167478064216008105454663490817896309496886844657154624027248529237151987799218104181262434257510625612343480629658144028348903656492519709727233623069567824772787091748208897073815178085608
46.5	4.144870616368211120285976492842110510711244509601838169404098627753616426239072794841051883801848351643284153803798121997630462995818282046720481413291894427768578193532931733083880278890628013e-7	0.0089928827163069028497937473491994586487090391714298912166628715914364951955035493859838398444271814767034316348713400093403626552551922801519805065172856729187695249711971779241154791005270912622264
46.6	5.679926331581372537476904411651367011451502247903662526668894717608531506927366624836504621003349655648883596424640920275787804981390209699457382891697458314058886643095225614881460759296845031e-7	0.0102730750677079070121278666692293517025927704569755598006245284938383071211581961055028586386117479030230151941990630168220758059219609846502221893487819962372108514244016810902884089795384726664183
46.7	7.78349414102554484937688471335654138169582111113066134827536475775962232121336743101663124808287943515752545580560583576011953875195514500460610656793834413069291903115424064066507280642764266e-7	0.011735510700633526559689379832481515354549592020410265288568576981894068561672957351172210822835746249171244288448321106839329439507261503400992775673383716799612010980557147088373219199407393172838
46.800000000000004	1.066612716482512056973560447656970043550095559453170241305250942134948404396769234393504492791612969171644468086926555461704410765715404776588006003574915633393003870715812556014580274398029278e-6	0.013406133070865652311173325958063137089608352228727419857980609472495796970599759663329902176323575322668294088379725328421198008910164881964292966665012941644613496854263769963664562279749524014296
46.900000000000006	1.461636167109470342836237498747428296948338620578469470141672862177336046304624730574136637689563738340604724169546614858187812168307313644853832944739115050619955789463284083640856679844992855e-6	0.01531457884521860074113131186680795155475658066275078520061124972189038586671415497587957185287856156964119760983360344494102622460683486569482373423272913253162547300668212019025757017131950813496
47.	2.002960295040535938593185762662645085178390448292757448254085930171088444165722336628463919417848584821968133454996448472388611094172930617688935930339801009821779403783199219180263891333806983e-6	0.017494703652921109330572327125408196433292819232074218842528831943821239552904170798657306857995499102765529096211089575120360489002519817874424791226944031311371644949114480719538373152038332042417
47.1	2.744771386248165933105170602164440385319343612695363168322869982293662791643090382026739768350509469560067291706644610632387007488406729819583668590473248053111284362123370287471850334601353094e-6	0.019985182680952129072298744097212203808696954365608967859892199554393899353008745785151886578824602444222135388045190816147904388888718655863635502932866331997286654595330415815413491772358427297328
47.2	3.761327453703278861664667387981273616786887632969991603631582387391267497892161595024260019199895791553400408663808420946137390669712957434993095313859735367663112741279878909021698524665205922e-6	0.022830196767829198311362943880057495529616994099275469498056969049011001761359192569517572248854731677863141316944052652386324535129820047164050931646879042099001462414603237370975537714024877987766
47.300000000000004	5.154395614014514914183097935997232796660906790950814301486968839829360357127112427241973663939556376991188829199019011795769315742850502324283410710634797962848547622582651485224137743262951236e-6	0.026080216167081953249611276303145808721008382530151558166787425393914679844675346443988008821117560741579898503842275039657733915909578962146904970157927952801385656315883836419673927136277034184055
47.400000000000006	7.063447676023240812281695678329332661178977286083155193854272681627642893685280685400072390299455756017647601570608724840696640823297807114789880567239973026631597501372373190458206010195152016e-6	0.029792895884293678143379811084026446240409959252373348024646670981670358942109473810679397730897518794507511837955860691982810443017032420703040722306403390204803082270708624762741415579407939475682
47.5	9.679639189663776601583850125312536810417849001618715084982484566821754994171090107056258945743877496622324719999538099073763001107739596012625038410673046937732570817837612394558740301457992586e-6	0.03403409847089800749720935823294782821412308438479183739665101477374853491134162387015245349012288654544247144646320129889213697643311506176675903414532483827738699984152078764742319332655252319932
47.6	0.000013264980614864389427149806937376648855311775742528346889620766663528790217562357467713587026877054283520411930784625002576013242640708997349918549070927956666738119980789396414708377451378662759	0.038879062418989207145791409871835793765040415488428740098099344955776472198380025851952931686499191319281825544421700998567315985655473261478163597720719138596592616038662324660257448799304180722819
47.7	0.000018178638358155133969331168444385066800083291749176892894366408751218153568620036453332281198940791413039399766336064852927862334216862078054231797947161583615919640612313843963608535024273116567	0.044413736884355468169272068205509022920648567956943111054597727912748641795734482608511959669519547367545001626735163083135385925967384770162894517462637071238129096161197326772891617999338224427915
47.800000000000004	0.000024913035793814249794813678967738864453503979743094754038975162452625673686789739546953843934449000703678538308719572063103674281372402471735958200974402025594463083809568762849085701837136286149	0.050736306415600017200480132351891459234859149590225224298565337678746797620245046297806629929497682508765504186605423572537129175037064775274758086897130931878654694479344890343342143641297406521901
47.900000000000006	0.000034143442608667404198693458323321690349753640959247764457988240041635189485100682204417965901148133488886147192078872044622495813083021690873350582863230159356038242419877016474902116026295166582	0.057958932737926999548645134579383581850097127226770295194564368255661318252738362143925655340254525875557975979795177878276819576355819910847719374209415823733432368984443542307557013467187122694146
48.	0.000046796165290593332969251138253193224878085126075618028548618097486408954234434070968963417277689413127404988611477992211151918495120826352954918827905469446077569977475745505393500206521422420455	0.066209744490753490887419767173968213975695478371410496230520718638829979911388094279530141238782791634995608489156725709793366393577200860504825655998198538378660416082346002258522884690105495168876
48.1	0.000064142461808960452929872255720189849190319715036516654317950790081776679666944837437441468529871614650292429084180355704583746555188061654811076271974809920089848880364785337736747116511650608285	0.07563511021712099030848775434803280872860846894815858493835525898056111407150911587792751884687631923173475399860387718016278078856578010047639739587801030506493629013546752226950123452515638356985
48.2	0.000087928174446744669003801477565206901373187330004440835711624596693726540793589966366088914745282903875906389580255964162741044871313923624285917387611918795567305567861724812331593253244732657819	0.086402234928064891015422077200803898930549207962503570523943760102946681385838105671203727581567114523590436850843658048718082314096759633870612923921022123405292753169330391570596604178177433556255
48.300000000000004	0.000120553241084485409422179493927295919538028446176941873730207267486237957194387045667166297284915734059986879423981012940870411837171266279171748931644068184256484480691040319142857632743947553954	0.09870212630607117577793543464184916594042082954735188448093987250555891445612933934042351897647131669214203759708568701655286673113253243960221739310500452459927858931356172250831655300583509836025
48.400000000000006	0.00016532141893666837671643155465385493313076347013748424522757210002838812795411756698360799391482482301209338581110741120580457736187842723322291200287215553433372861417012267279981724494805023948	0.11275298317098860516951484313929348959829993352592441640743646539086657649690575757332238273069619149366022327944051175601619570811210565553754804649112342392245270166288104803415524952756283259695
48.5	0.00022678994445269095104964763942213198907508871442791191114301112200745739424772186056993336057345590091752321037361509607154482891700462416417119137493820701287131852645406806675022033556311856781	0.12880406632716479963889105050395358769465125937319771841666178671091697250044108424178855103767216939423977646056617820213444552136004095760871199037294577935246090520298547569166798329857906811191
48.6	0.00031126358328802196524855511612247396349581417483782168464634964044123717038390893701560241034115206944144978052728816836627798429006966723158929153673079158171413899361005710741930934096369389297	0.14714012047878664765424820153150131845615639059130112633126903831623458713815187055975656259891330236683641738911846848695491394729821511926677516354747784015055080511928992892766624564779866453061
48.7	0.00042750144833637003281464734908769004801413627713803025171382192448268186190868723925022705672477396725674083893378658855002103300831786872622675185495372076296111174947118347506407602633910963576	0.16808642570229100307774104456736558205367705816377473228138387767120503116290300904371260843686634040571758884460916122078934986573613842267646912883200574959626756577967579965138085688231850043286
48.800000000000004	0.00058774526177746630616245689612526689633223813453370625115035424360874231267951550292274098587214598007675401629467904307122811036666878885193349432123070271857227481834943777170410702093681814571	0.19201456819551079745468344408910853519992205411593411645735218582383555706227249777875562377138934318483318856452398144347515111573478964212163681435402009004686248704224400124421340854319187463554
48.900000000000006	0.00080924808590710776426697309040608194515616730548071565654307010415464427462685451020942756128910930284140758039493941314250004766628869544302703205574675986172522136982600592731542560032479612676	0.21934903293371520592968468265431142457686222552858415301719739375470188481987544361903155718618344597730968310761364335255182448595888409725264179852280265832978785103499942119911481416634474175667
49.	0.0011166094630037356419132764953680981242707261889530438472308082861768543257093064085588847708459375452629114942567116737543643480175258719854784404374531555171361191120504415295742114879610449401	0.25057473580658775948744607386932094711084895625660871676599680065343225330509365120080111803831693030026471544043398850122329377745189976338092530979743836624315011446939558553363259844864451139707
49.1	0.0015454585119637053451582029981379076623884640103434861810016269727240822695448264183001860824924503267585062249312457229928042940488886579634659763842275895089787166310682230960131945765014716839	0.28624563035475445347057900379967327621929304302136604432699364858345605373268518292501534258580069331869160987581893067953479517473862388286555309537014772024594359105919742968904850264844979000068
49.2	0.00214847443013773091731054777329384156325153330044715951470231632535005156117032664153240558904940809909294985707482636627995610138235090904324638659854754695429159544004133241380035526256812228842	0.326994545415396582869167449882540390448345259807483065134285171835382384014418917007973703790194927775395728607733205432114810498431663775444897647926373387237302018011092309340190643678818863594
49.300000000000004	0.00300560179276040534254918720711923938841424609397058110617683556688034802220820422873613745719548900830979717836199832112760539360157814378408870560648099232844968314464219555193307733732442955783	0.37354443699016525448993092876307629154028745876363871784807483352590417381931692846615713826484032555281623367233638613896142230601522720507147055003475794760484207994839470793594013830861931613255
49.400000000000006	0.00424202574282190496592488738626004008853405474084224614178476508748439970852078849056895953453767356493866898797555051686781672266068949737982160355367401555550990859145204406862613270906535260754	0.42672127532508864881532622916031124806206054137387590197512818041367826121056889127390015606310836033202098318179933047631230931763611267355595816817483899883441461217212601767288327562722000331429
49.5	0.00606087311689091669556444298330186786548596668972751134995809438482466470241909298888225452850232088196490019533151444413117550773476571227679115778470110521720009399515611759564211144752338325276	0.48746884797617233025569319712416631549755398057307492860367428007205356616871755207876370814598218946374532961169501921398038873477763156043725538001778892946030313303143981140945848286254216701313
49.6	0.00880444581369641454053728944737505240193375512689138169335405114596858097311859447971523388391520598392808988722112874052297363018451869940135795261868822354686456775633196855041044083471153788182	0.55686586918558992315862366425854350090882108692359939059896245090238862186456445910266567078795868580540033317305563513708690078579891676061465892362706758905455994196518502130679882362842195183704
49.7	0.0130716649444183463440737435524916440779655646470364752420260305203408533922276383432756945818508312458628173921588431411275045970177487182238603067895005113400803687694319774550329149132911694762	0.63614601330309990058357444592962381338541957140162319239183597711539327617977972554566381088522635958932877970612273916312529960362544600376954713646045485479584429134214616098991556317188834217109
49.800000000000004	0.0199477430141715609103468733703431167626588071584214884817205606687497733167660388342811809445517278984539639835514899621694462441501240701926794878382236201036547833895762082451242296620208361862	0.7267220051653198094941567888896761717725635547489600337222956967145186383670162322801040597816605561690393491304370920032444344756683853503030877357852887698487035231047158377739021804917022309718
49.900000000000006	0.0314603803384741827203463636569753092105255211366876637193097455714752019237684104540641828782033757182239720743366328742109129823257322669949329121514510491612229810704639751771589153045426556477	0.8302161329047717601318281878332986899171147127865311609576658937056345927932958333328062291124771854476651168018792507553169908291534292657728507659076541669656940461595175749632974804459298606719
50.	0.0514973983699331984143631447815605809028009670481103790489700523016232211221861323427688778659422068143219540420951955272977992506740423332467454112232332059221819505590658240992874460407750214823	0.9485026016300668015856368552184394190971992601212023580062633659329552768291384048568737356425530345282154562897164370778092175933736928026572568844192027702876798221587544171474238113458337348267